Date,High,Low,Open,Close,Volume,Adj Close
2000-01-03,26.3125,25.28125,26.25,25.34375,199800.0,16.65457534790039
2000-01-04,25.625,25.0,25.21875,25.03125,173400.0,16.44922637939453
2000-01-05,26.46875,25.03125,25.03125,26.21875,464800.0,17.229585647583008
2000-01-06,26.875,25.90625,26.09375,25.90625,200000.0,17.02422332763672
2000-01-07,26.8125,25.78125,25.78125,26.46875,222200.0,17.393875122070312
2000-01-10,26.34375,25.28125,26.34375,25.4375,312000.0,16.716190338134766
2000-01-11,25.40625,24.875,25.375,25.09375,238600.0,16.490297317504883
2000-01-12,25.375,25.0625,25.125,25.34375,314600.0,16.65457534790039
2000-01-13,26.4375,25.625,25.625,26.34375,322400.0,17.311737060546875
2000-01-14,26.25,25.59375,26.21875,25.59375,276800.0,16.81887435913086
2000-01-18,25.46875,24.65625,25.46875,24.8125,327200.0,16.305471420288086
2000-01-19,25.71875,24.9375,24.9375,25.125,204600.0,16.510828018188477
2000-01-20,25.21875,24.75,25.09375,24.90625,144000.0,16.367074966430664
2000-01-21,25.0625,24.1875,25.0625,24.375,244000.0,16.01796531677246
2000-01-24,24.65625,23.5625,24.40625,23.75,245600.0,15.60725212097168
2000-01-25,24.1875,23.5625,23.875,23.5625,183600.0,15.484034538269043
2000-01-26,23.59375,22.875,23.5625,23.28125,340200.0,15.299206733703613
2000-01-27,23.59375,23.1875,23.25,23.53125,205200.0,15.463507652282715
2000-01-28,23.75,23.4375,23.53125,23.4375,294200.0,15.401886940002441
2000-01-31,24.3125,23.34375,23.40625,24.25,214000.0,15.93581771850586
2000-02-01,24.375,24.0625,24.15625,24.3125,192200.0,15.976898193359375
2000-02-02,24.5625,24.25,24.375,24.25,239600.0,15.93581771850586
2000-02-03,25.0625,24.25,24.25,24.65625,477800.0,16.20279312133789
2000-02-04,24.59375,23.5,24.59375,23.75,411000.0,15.60725212097168
2000-02-07,25.0,23.75,23.75,24.625,382400.0,16.18225860595703
2000-02-08,24.84375,23.28125,24.625,23.40625,187400.0,15.381352424621582
2000-02-09,24.28125,23.75,23.9375,23.84375,320800.0,15.668861389160156
2000-02-10,24.625,23.65625,23.96875,24.5625,501800.0,16.14118766784668
2000-02-11,24.71875,24.25,24.5625,24.59375,303400.0,16.161720275878906
2000-02-14,25.5625,24.6875,25.0,24.84375,380000.0,16.326007843017578
2000-02-15,25.28125,24.375,24.84375,25.25,360000.0,16.592975616455078
2000-02-16,25.21875,24.28125,25.1875,24.3125,339000.0,15.976898193359375
2000-02-17,24.75,23.6875,24.375,23.6875,215400.0,15.566179275512695
2000-02-18,23.75,23.0,23.6875,23.09375,311800.0,15.175993919372559
2000-02-22,23.09375,22.40625,23.09375,22.96875,384800.0,15.093856811523438
2000-02-23,23.1875,22.4375,23.15625,22.75,259400.0,14.950106620788574
2000-02-24,22.625,21.0,22.625,21.21875,477400.0,13.94384479522705
2000-02-25,21.375,20.71875,21.125,20.96875,446000.0,13.833344459533691
2000-02-28,21.8125,21.0,21.15625,21.53125,239600.0,14.204432487487793
2000-02-29,22.3125,21.75,21.75,21.9375,408600.0,14.472445487976074
2000-03-01,22.34375,21.6875,22.09375,21.75,231200.0,14.348745346069336
2000-03-02,21.6875,21.03125,21.65625,21.1875,268600.0,13.977654457092285
2000-03-03,21.25,20.75,21.1875,21.15625,458000.0,13.95704174041748
2000-03-06,21.15625,20.96875,21.15625,21.0,319800.0,13.853957176208496
2000-03-07,20.9375,19.34375,20.9375,19.40625,716000.0,12.802543640136719
2000-03-08,19.6875,18.6875,19.28125,19.625,734400.0,12.946858406066895
2000-03-09,19.90625,19.1875,19.625,19.90625,263800.0,13.132402420043945
2000-03-10,19.9375,19.78125,19.90625,19.9375,526000.0,13.153018951416016
2000-03-13,20.125,19.3125,19.6875,19.5625,211800.0,12.905623435974121
2000-03-14,19.71875,19.25,19.5,19.65625,123600.0,12.967473983764648
2000-03-15,21.15625,19.5625,19.5625,20.875,392200.0,13.771492004394531
2000-03-16,22.3125,20.9375,20.9375,21.625,663000.0,14.266280174255371
2000-03-17,23.0,22.125,22.625,22.1875,526200.0,14.637373924255371
2000-03-20,22.125,21.625,22.125,21.8125,274800.0,14.389976501464844
2000-03-21,22.34375,21.90625,22.28125,21.96875,255200.0,14.493059158325195
2000-03-22,21.9375,21.3125,21.9375,21.46875,169800.0,14.163198471069336
2000-03-23,22.5,21.125,21.46875,22.3125,373800.0,14.719830513000488
2000-03-24,22.3125,21.125,22.3125,21.40625,173200.0,14.121960639953613
2000-03-27,21.875,21.21875,21.40625,21.75,354200.0,14.348745346069336
2000-03-28,22.46875,21.78125,21.78125,21.9375,250800.0,14.472445487976074
2000-03-29,22.5,21.9375,21.9375,22.4375,250600.0,14.802295684814453
2000-03-30,24.5625,22.25,22.46875,24.15625,418400.0,15.936180114746094
2000-03-31,24.6875,23.90625,24.34375,24.0,464400.0,15.83310317993164
2000-04-03,24.75,23.71875,23.78125,24.625,352200.0,16.24542236328125
2000-04-04,25.125,23.75,24.5625,24.0625,368800.0,15.874324798583984
2000-04-05,24.625,23.75,24.375,24.3125,226800.0,16.03925895690918
2000-04-06,25.0,24.28125,24.34375,25.0,255000.0,16.492807388305664
2000-04-07,25.375,24.6875,25.25,24.84375,250600.0,16.389738082885742
2000-04-10,25.09375,24.6875,25.0625,24.8125,227800.0,16.369117736816406
2000-04-11,25.5,24.8125,24.8125,25.34375,149200.0,16.71958351135254
2000-04-12,25.625,25.25,25.34375,25.3125,312400.0,16.698970794677734
2000-04-13,25.78125,25.03125,25.34375,25.1875,198600.0,16.616498947143555
2000-04-14,25.0,23.71875,25.0,23.71875,240400.0,15.647555351257324
2000-04-17,24.5,23.71875,23.71875,24.5,413400.0,16.162954330444336
2000-04-18,24.9375,24.1875,24.5,24.71875,332200.0,16.307262420654297
2000-04-19,24.84375,24.3125,24.84375,24.4375,195200.0,16.121726989746094
2000-04-20,25.1875,24.09375,24.3125,25.0,411000.0,16.492807388305664
2000-04-24,27.25,25.09375,25.09375,26.75,844800.0,17.647315979003906
2000-04-25,27.625,26.78125,26.78125,27.3125,585800.0,18.018402099609375
2000-04-26,27.5,26.6875,27.28125,26.875,464200.0,17.729772567749023
2000-04-27,27.0,25.875,26.5625,25.90625,523800.0,17.090669631958008
2000-04-28,25.90625,24.9375,25.90625,25.5,438600.0,16.822660446166992
2000-05-01,26.25,25.6875,25.75,25.90625,251800.0,17.090669631958008
2000-05-02,26.625,25.375,26.0,25.5,557200.0,16.822660446166992
2000-05-03,26.875,25.34375,25.375,26.71875,454600.0,17.62668228149414
2000-05-04,27.75,26.5,26.6875,27.53125,405200.0,18.162708282470703
2000-05-05,27.53125,26.53125,27.4375,26.625,289400.0,17.564842224121094
2000-05-08,27.96875,26.65625,26.71875,27.84375,419600.0,18.368864059448242
2000-05-09,27.75,27.1875,27.75,27.625,445400.0,18.224557876586914
2000-05-10,28.1875,27.5,27.625,27.78125,516600.0,18.32763671875
2000-05-11,28.8125,27.6875,27.78125,28.6875,367600.0,18.925500869750977
2000-05-12,28.59375,27.46875,28.59375,27.84375,241200.0,18.368864059448242
2000-05-15,28.25,27.25,27.75,28.1875,240800.0,18.595640182495117
2000-05-16,28.46875,28.0,28.25,28.25,389600.0,18.636869430541992
2000-05-17,28.375,27.75,27.875,28.34375,316200.0,18.6987247467041
2000-05-18,28.25,27.875,28.25,28.125,314000.0,18.554414749145508
2000-05-19,28.375,27.875,28.125,27.9375,227000.0,18.430715560913086
2000-05-22,29.3125,28.0,28.0,28.96875,592600.0,19.111045837402344
2000-05-23,29.40625,28.78125,28.875,29.3125,460400.0,19.337820053100586
2000-05-24,31.09375,29.4375,29.4375,31.03125,845200.0,20.471704483032227
2000-05-25,30.28125,29.125,30.28125,29.96875,552200.0,19.770755767822266
2000-05-26,30.0625,29.09375,29.90625,29.3125,311400.0,19.397689819335938
2000-05-30,29.71875,28.625,29.625,29.03125,350800.0,19.211572647094727
2000-05-31,29.25,28.125,29.15625,28.125,303400.0,18.61185646057129
2000-06-01,29.34375,28.21875,28.25,29.09375,486200.0,19.252941131591797
2000-06-02,29.4375,27.75,29.125,27.78125,404000.0,18.384374618530273
2000-06-05,28.0625,27.375,27.75,28.0,309200.0,18.529136657714844
2000-06-06,29.65625,28.5,28.625,29.625,693000.0,19.6044921875
2000-06-07,31.375,30.5625,31.0,30.6875,823600.0,20.307601928710938
2000-06-08,30.9375,29.875,30.6875,30.8125,299600.0,20.39032745361328
2000-06-09,31.4375,30.3125,31.0,30.53125,270000.0,20.204214096069336
2000-06-12,30.78125,29.59375,30.53125,29.78125,371200.0,19.7078914642334
2000-06-13,31.875,30.0625,30.0625,31.78125,548200.0,21.03139877319336
2000-06-14,32.34375,31.1875,31.8125,32.34375,590600.0,21.403635025024414
2000-06-15,33.09375,32.34375,32.34375,33.0,290400.0,21.837907791137695
2000-06-16,33.125,32.53125,32.9375,32.765625,401400.0,21.682819366455078
2000-06-19,33.25,32.1875,32.375,32.6875,509200.0,21.63111686706543
2000-06-20,31.5,29.625,31.0,30.21875,930600.0,19.99741554260254
2000-06-21,30.9375,28.5,28.5,30.71875,1132600.0,20.328285217285156
2000-06-22,31.75,30.625,30.71875,31.34375,368800.0,20.74187660217285
2000-06-23,31.34375,29.90625,31.34375,30.375,436400.0,20.100801467895508
2000-06-26,31.71875,30.4375,30.4375,31.59375,428000.0,20.907316207885742
2000-06-27,31.71875,30.875,31.71875,31.0,352800.0,20.514400482177734
2000-06-28,31.84375,31.125,31.125,31.1796875,333000.0,20.63331413269043
2000-06-29,31.84375,30.9375,31.21875,30.9375,456000.0,20.473047256469727
2000-06-30,31.375,30.25,31.0,30.2578125,486200.0,20.023256301879883
2000-07-03,30.875,30.09375,30.125,30.875,241200.0,20.431684494018555
2000-07-05,32.5,31.3125,31.375,32.09375,299200.0,21.238201141357422
2000-07-06,32.78125,32.125,32.21875,32.1875,177600.0,21.300241470336914
2000-07-07,32.75,31.65625,32.21875,32.34375,240200.0,21.403635025024414
2000-07-10,33.125,32.46875,32.5,32.59375,471800.0,21.569082260131836
2000-07-11,32.78125,32.03125,32.6875,32.21875,304400.0,21.32091522216797
2000-07-12,32.15625,31.78125,32.125,31.90625,293800.0,21.114120483398438
2000-07-13,32.34375,31.59375,31.96875,31.71875,190400.0,20.99004554748535
2000-07-14,31.875,31.53125,31.84375,31.625,252200.0,20.928003311157227
2000-07-17,32.375,31.71875,31.71875,32.015625,344800.0,21.186500549316406
2000-07-18,32.90625,32.03125,32.03125,32.5,220000.0,21.507036209106445
2000-07-19,33.0,32.3125,32.5625,32.34375,110000.0,21.403635025024414
2000-07-20,33.1875,31.40625,32.34375,31.40625,714800.0,20.783239364624023
2000-07-21,31.34375,30.59375,31.15625,31.25,615400.0,20.67984390258789
2000-07-24,32.0,31.21875,31.21875,31.8125,228600.0,21.052078247070312
2000-07-25,32.40625,31.65625,31.75,31.6875,257600.0,20.969358444213867
2000-07-26,31.6875,30.90625,31.65625,31.03125,403600.0,20.535079956054688
2000-07-27,32.09375,31.0,31.03125,31.15625,391800.0,20.61780548095703
2000-07-28,31.25,29.875,31.15625,29.875,481000.0,19.76993179321289
2000-07-31,31.5,30.0625,30.25,31.5,593800.0,20.845285415649414
2000-08-01,32.09375,31.40625,31.4375,31.84375,371000.0,21.07276153564453
2000-08-02,32.21875,31.375,31.78125,32.09375,296800.0,21.238201141357422
2000-08-03,32.65625,32.0,32.15625,32.125,337000.0,21.258882522583008
2000-08-04,32.6875,32.0,32.0625,32.59375,472400.0,21.569082260131836
2000-08-07,32.53125,31.0,32.53125,32.03125,516800.0,21.19684600830078
2000-08-08,32.78125,31.4375,32.15625,32.0,304600.0,21.176156997680664
2000-08-09,32.5,31.4375,32.125,31.96875,139000.0,21.15547752380371
2000-08-10,31.9375,31.5625,31.90625,31.65625,173000.0,20.948680877685547
2000-08-11,32.875,31.6875,31.78125,32.46875,245000.0,21.486356735229492
2000-08-14,33.8125,32.5,32.5,33.15625,414000.0,21.941314697265625
2000-08-15,33.28125,32.625,33.15625,32.6875,150000.0,21.63111686706543
2000-08-16,31.9375,31.0625,31.9375,31.375,355000.0,20.76255989074707
2000-08-17,31.90625,31.25,31.5,31.5,319000.0,20.845285415649414
2000-08-18,32.125,31.53125,31.5625,31.6875,316000.0,20.969358444213867
2000-08-21,33.0,31.78125,31.78125,32.75,400800.0,21.672475814819336
2000-08-22,32.1875,31.53125,32.0,31.71875,527000.0,20.99004554748535
2000-08-23,32.28125,31.75,31.8125,31.90625,270400.0,21.114120483398438
2000-08-24,32.09375,31.25,31.96875,31.5625,204400.0,20.886648178100586
2000-08-25,31.5625,30.375,31.5625,30.375,465800.0,20.100801467895508
2000-08-28,30.75,30.375,30.5,30.40625,322000.0,20.121492385864258
2000-08-29,30.96875,30.1875,30.375,30.65625,257800.0,20.348831176757812
2000-08-30,30.59375,29.46875,30.46875,29.46875,230000.0,19.56060218811035
2000-08-31,30.21875,29.59375,29.59375,29.78125,418600.0,19.768030166625977
2000-09-01,29.84375,29.375,29.84375,29.375,206000.0,19.49837303161621
2000-09-05,29.78125,28.875,29.4375,28.9375,588800.0,19.207969665527344
2000-09-06,28.90625,28.5625,28.875,28.75,623400.0,19.083511352539062
2000-09-07,29.5,28.65625,28.65625,29.25,268400.0,19.4154052734375
2000-09-08,30.5,29.28125,29.28125,30.375,447800.0,20.162141799926758
2000-09-11,30.5,30.0,30.375,30.375,196800.0,20.162141799926758
2000-09-12,30.6875,29.90625,30.46875,30.25,318400.0,20.079174041748047
2000-09-13,31.03125,30.3125,30.3125,31.03125,282400.0,20.59774398803711
2000-09-14,31.03125,30.21875,30.96875,30.53125,391000.0,20.265865325927734
2000-09-15,30.6875,30.3125,30.46875,30.53125,296800.0,20.265865325927734
2000-09-18,30.90625,30.40625,30.40625,30.6875,239200.0,20.369571685791016
2000-09-19,32.09375,30.9375,31.125,31.4375,475600.0,20.86740493774414
2000-09-20,31.6875,30.9375,31.375,31.09375,308200.0,20.63923454284668
2000-09-21,31.875,31.0625,31.125,31.875,265400.0,21.15780258178711
2000-09-22,33.4375,31.875,31.875,33.375,360800.0,22.15346908569336
2000-09-25,33.34375,32.59375,33.34375,32.75,324000.0,21.738603591918945
2000-09-26,32.9375,32.21875,32.625,32.53125,254600.0,21.593412399291992
2000-09-27,33.625,32.53125,32.53125,32.71875,430000.0,21.717863082885742
2000-09-28,33.46875,32.8125,32.96875,32.96875,533200.0,21.883813858032227
2000-09-29,33.0,31.59375,32.96875,31.59375,451200.0,20.971118927001953
2000-10-02,31.875,31.1875,31.71875,31.5,359000.0,20.908891677856445
2000-10-03,32.46875,31.5,31.5,32.03125,422000.0,21.26151466369629
2000-10-04,32.5,30.9375,32.09375,31.15625,339000.0,20.680721282958984
2000-10-05,32.0625,31.21875,31.21875,31.90625,397800.0,21.17854881286621
2000-10-06,32.25,31.46875,31.90625,31.75,337000.0,21.074838638305664
2000-10-09,32.1875,31.125,31.875,31.3125,198600.0,20.784433364868164
2000-10-10,32.5,31.40625,31.40625,32.375,243200.0,21.48969078063965
2000-10-11,32.6875,31.46875,32.3125,31.59375,337000.0,20.971118927001953
2000-10-12,32.625,31.5625,31.5625,32.03125,354000.0,21.26151466369629
2000-10-13,32.40625,31.03125,32.09375,31.21875,506600.0,20.722200393676758
2000-10-16,33.3125,31.375,31.375,32.9375,692400.0,21.863059997558594
2000-10-17,34.1875,32.40625,33.75,32.59375,633000.0,21.634891510009766
2000-10-18,33.5,32.53125,32.6875,33.5,592600.0,22.2364444732666
2000-10-19,32.5,31.5625,32.5,31.625,702200.0,20.991863250732422
2000-10-20,31.3125,30.0,31.3125,30.8125,886200.0,20.452550888061523
2000-10-23,31.3125,30.71875,30.8125,31.125,596400.0,20.65998077392578
2000-10-24,31.625,30.65625,31.125,31.46875,452200.0,20.888147354125977
2000-10-25,31.75,29.96875,31.375,30.03125,698800.0,19.933975219726562
2000-10-26,30.125,29.46875,30.03125,30.09375,886800.0,19.975452423095703
2000-10-27,31.1875,29.9375,30.15625,30.9375,295600.0,20.535520553588867
2000-10-30,32.5,31.15625,31.1875,32.34375,382600.0,21.46894645690918
2000-10-31,32.84375,31.5,32.84375,31.84375,311000.0,21.137065887451172
2000-11-01,32.6875,30.96875,31.84375,31.625,431200.0,20.991863250732422
2000-11-02,31.875,31.40625,31.875,31.71875,205400.0,21.05409049987793
2000-11-03,32.5,31.90625,32.0,32.46875,255800.0,21.551918029785156
2000-11-06,32.625,32.03125,32.375,32.0625,368600.0,21.282268524169922
2000-11-07,32.125,31.375,32.125,31.46875,342000.0,20.888147354125977
2000-11-08,32.25,31.3125,31.4375,31.875,667200.0,21.15780258178711
2000-11-09,32.96875,32.0,32.0,32.75,603800.0,21.738603591918945
2000-11-10,34.0,32.21875,32.21875,33.4375,425800.0,22.194950103759766
2000-11-13,34.375,32.59375,33.46875,33.0,704600.0,21.904556274414062
2000-11-14,33.78125,32.65625,33.0,33.34375,525800.0,22.13271713256836
2000-11-15,34.0,32.6875,32.84375,33.78125,4727800.0,22.42312240600586
2000-11-16,35.0,33.6875,33.8125,34.46875,1238400.0,22.879474639892578
2000-11-17,36.3125,35.03125,35.4375,35.8125,2422600.0,23.77142333984375
2000-11-20,36.125,35.34375,35.6875,36.09375,1395000.0,23.95810317993164
2000-11-21,38.125,35.875,36.3125,37.53125,2491200.0,24.91228675842285
2000-11-22,37.375,36.78125,37.3125,37.0,1393600.0,24.559640884399414
2000-11-24,37.4375,36.875,37.25,37.28125,378000.0,24.746335983276367
2000-11-27,38.1875,37.0,37.28125,38.0,1094000.0,25.223426818847656
2000-11-28,37.625,37.0,37.28125,37.5,1629200.0,24.95227813720703
2000-11-29,37.53125,37.125,37.3125,37.28125,767200.0,24.806720733642578
2000-11-30,37.6875,37.0,37.375,37.5,1035600.0,24.95227813720703
2000-12-01,38.0,37.34375,37.5,37.71875,711200.0,25.097827911376953
2000-12-04,37.75,37.375,37.71875,37.46875,850200.0,24.93148422241211
2000-12-05,38.25,37.375,37.65625,37.53125,853400.0,24.973072052001953
2000-12-06,37.625,37.03125,37.375,37.3125,1590200.0,24.827510833740234
2000-12-07,38.53125,37.25,37.25,38.28125,1001000.0,25.47210693359375
2000-12-08,38.3125,37.5,38.15625,37.5,1197800.0,24.95227813720703
2000-12-11,37.875,37.1875,37.5,37.40625,905800.0,24.88990020751953
2000-12-12,38.25,37.375,37.40625,37.6875,644600.0,25.07703399658203
2000-12-13,38.25,37.5,37.71875,37.8125,536200.0,25.16021156311035
2000-12-14,38.03125,37.375,37.71875,37.75,334000.0,25.11862564086914
2000-12-15,39.75,37.5,37.5,39.5,1672600.0,26.283056259155273
2000-12-18,39.25,38.53125,39.25,39.0625,774000.0,25.99195671081543
2000-12-19,39.625,39.0625,39.09375,39.40625,579000.0,26.220674514770508
2000-12-20,39.1875,38.3125,38.9375,38.75,1223400.0,25.78402328491211
2000-12-21,38.625,37.5,38.5,37.9375,814600.0,25.243389129638672
2000-12-22,38.09375,37.125,37.8125,37.96875,849600.0,25.264183044433594
2000-12-26,39.8125,38.03125,38.03125,39.71875,656400.0,26.428606033325195
2000-12-27,40.65625,39.59375,39.71875,40.09375,812400.0,26.678136825561523
2000-12-28,40.71875,39.84375,40.21875,40.375,830600.0,26.86528205871582
2000-12-29,41.15625,40.09375,40.5625,40.15625,923200.0,26.7197265625
2001-01-02,40.59375,38.8125,40.15625,39.125,741000.0,26.033550262451172
2001-01-03,38.0,36.4375,37.8125,36.4375,3072200.0,24.24529266357422
2001-01-04,36.3125,33.46875,36.3125,33.625,2514800.0,22.373870849609375
2001-01-05,33.9375,32.75,33.34375,33.125,2747400.0,22.041173934936523
2001-01-08,33.65625,31.34375,33.3125,31.875,2189200.0,21.209434509277344
2001-01-09,32.40625,31.375,32.375,32.1875,1021400.0,21.417362213134766
2001-01-10,32.375,30.8125,32.0625,31.71875,1038000.0,21.105466842651367
2001-01-11,32.59375,31.53125,32.125,31.78125,794000.0,21.147045135498047
2001-01-12,32.25,31.5,31.8125,31.78125,455400.0,21.147045135498047
2001-01-16,32.84375,31.21875,31.5,32.71875,730800.0,21.770856857299805
2001-01-17,33.0625,31.125,32.84375,31.6875,907600.0,21.084678649902344
2001-01-18,31.75,30.75,31.1875,31.59375,879800.0,21.022294998168945
2001-01-19,31.46875,30.8125,31.46875,31.03125,1279400.0,20.648014068603516
2001-01-22,31.375,30.75,31.0,31.34375,579800.0,20.855939865112305
2001-01-23,31.5625,30.78125,31.5,31.375,579800.0,20.876733779907227
2001-01-24,31.5625,30.59375,31.5,30.6875,478400.0,20.41927719116211
2001-01-25,32.34375,30.75,31.25,32.09375,778600.0,21.35498809814453
2001-01-26,32.8125,31.71875,32.21875,32.375,528000.0,21.542131423950195
2001-01-29,33.625,32.30500030517578,32.32500076293945,33.494998931884766,529200.0,22.287376403808594
2001-01-30,34.3650016784668,33.29499816894531,33.369998931884766,33.875,1178000.0,22.54021453857422
2001-01-31,34.775001525878906,33.875,34.32500076293945,34.775001525878906,828400.0,23.13907814025879
2001-02-01,35.025001525878906,34.43000030517578,34.775001525878906,34.79999923706055,598600.0,23.155712127685547
2001-02-02,34.82500076293945,34.165000915527344,34.75,34.41999816894531,512600.0,22.902856826782227
2001-02-05,34.814998626708984,34.25,34.775001525878906,34.685001373291016,589200.0,23.079200744628906
2001-02-06,35.19499969482422,34.06999969482422,34.959999084472656,34.209999084472656,661000.0,22.76313018798828
2001-02-07,35.220001220703125,34.29999923706055,34.32500076293945,35.040000915527344,650600.0,23.315397262573242
2001-02-08,36.20000076293945,33.70000076293945,35.375,33.83000183105469,1459800.0,22.51027488708496
2001-02-09,35.415000915527344,33.20000076293945,33.875,34.435001373291016,965800.0,22.912845611572266
2001-02-12,34.599998474121094,34.029998779296875,34.560001373291016,34.334999084472656,355000.0,22.846294403076172
2001-02-13,34.525001525878906,34.0,34.150001525878906,34.52000045776367,530400.0,22.96940040588379
2001-02-14,35.13999938964844,34.82500076293945,34.92499923706055,34.83000183105469,539600.0,23.17567253112793
2001-02-15,34.625,34.099998474121094,34.599998474121094,34.27000045776367,179000.0,22.803054809570312
2001-02-16,34.70000076293945,34.39500045776367,34.39500045776367,34.6150016784668,459000.0,23.032611846923828
2001-02-20,36.0,34.724998474121094,34.8650016784668,35.86000061035156,790000.0,23.86103630065918
2001-02-21,36.0,35.025001525878906,35.82500076293945,35.970001220703125,575200.0,23.934219360351562
2001-02-22,35.95500183105469,34.375,35.95000076293945,34.540000915527344,473800.0,22.982711791992188
2001-02-23,34.689998626708984,33.83000183105469,34.599998474121094,33.8849983215332,421200.0,22.546876907348633
2001-02-26,34.45000076293945,33.775001525878906,34.0,33.915000915527344,510600.0,22.62860870361328
2001-02-27,34.150001525878906,33.689998626708984,33.915000915527344,34.10499954223633,758600.0,22.755380630493164
2001-02-28,34.224998474121094,32.70000076293945,34.20000076293945,33.474998474121094,1205200.0,22.33502960205078
2001-03-01,33.689998626708984,33.1349983215332,33.525001525878906,33.435001373291016,477600.0,22.308345794677734
2001-03-02,33.400001525878906,33.2400016784668,33.25,33.38999938964844,458400.0,22.278316497802734
2001-03-05,33.57500076293945,32.83000183105469,33.39500045776367,33.224998474121094,279600.0,22.16823387145996
2001-03-06,33.2400016784668,32.415000915527344,33.2400016784668,32.63999938964844,224000.0,21.777915954589844
2001-03-07,32.5099983215332,31.350000381469727,32.5,31.450000762939453,1340400.0,20.983924865722656
2001-03-08,32.96500015258789,31.575000762939453,31.575000762939453,32.90999984741211,578600.0,21.958059310913086
2001-03-09,33.2599983215332,32.525001525878906,32.95000076293945,32.88999938964844,501200.0,21.9447078704834
2001-03-12,33.25,32.59000015258789,32.84000015258789,32.744998931884766,423200.0,21.84796714782715
2001-03-13,32.625,31.799999237060547,32.54999923706055,32.435001373291016,450000.0,21.641130447387695
2001-03-14,32.42499923706055,32.02000045776367,32.334999084472656,32.20500183105469,363200.0,21.4876708984375
2001-03-15,32.30500030517578,31.924999237060547,32.2400016784668,32.17499923706055,390000.0,21.467655181884766
2001-03-16,32.38999938964844,31.809999465942383,32.0,32.060001373291016,503600.0,21.39093017578125
2001-03-19,32.20000076293945,31.924999237060547,32.125,32.14500045776367,523800.0,21.447643280029297
2001-03-20,32.67499923706055,32.0099983215332,32.1349983215332,32.150001525878906,530400.0,21.450979232788086
2001-03-21,32.5,32.0,32.150001525878906,32.060001373291016,557600.0,21.39093017578125
2001-03-22,32.26499938964844,30.815000534057617,32.099998474121094,31.125,541000.0,20.767074584960938
2001-03-23,32.125,31.15999984741211,31.200000762939453,31.885000228881836,418000.0,21.274158477783203
2001-03-26,32.15999984741211,31.40999984741211,31.950000762939453,32.08000183105469,204000.0,21.40427589416504
2001-03-27,32.040000915527344,30.75,31.954999923706055,31.545000076293945,1454800.0,21.04730796813965
2001-03-28,32.9900016784668,31.350000381469727,31.475000381469727,32.689998626708984,366000.0,21.81127166748047
2001-03-29,32.79999923706055,31.475000381469727,32.79999923706055,31.8799991607666,393600.0,21.27082633972168
2001-03-30,33.0,31.899999618530273,32.130001068115234,32.720001220703125,334600.0,21.831298828125
2001-04-02,34.13999938964844,32.904998779296875,32.91999816894531,33.55500030517578,459800.0,22.388410568237305
2001-04-03,33.709999084472656,32.560001373291016,33.68000030517578,32.67499923706055,452800.0,21.8012638092041
2001-04-04,32.77000045776367,31.8700008392334,32.68000030517578,32.724998474121094,1053000.0,21.834617614746094
2001-04-05,32.82500076293945,31.700000762939453,32.79999923706055,31.704999923706055,963800.0,21.154062271118164
2001-04-06,32.209999084472656,30.514999389648438,31.645000457763672,30.514999389648438,1118200.0,20.360074996948242
2001-04-09,30.530000686645508,30.0,30.530000686645508,30.389999389648438,948200.0,20.276681900024414
2001-04-10,31.7549991607666,30.450000762939453,30.625,31.184999465942383,636600.0,20.807111740112305
2001-04-11,30.799999237060547,28.860000610351562,30.799999237060547,29.415000915527344,1493200.0,19.626142501831055
2001-04-12,30.125,29.149999618530273,29.40999984741211,29.649999618530273,1427800.0,19.782936096191406
2001-04-16,30.690000534057617,29.700000762939453,29.725000381469727,30.565000534057617,627600.0,20.393444061279297
2001-04-17,30.8799991607666,30.31999969482422,30.440000534057617,30.5,442200.0,20.35006332397461
2001-04-18,30.3799991607666,29.700000762939453,30.375,29.75,903600.0,19.849653244018555
2001-04-19,29.950000762939453,29.5,29.75,29.875,334600.0,19.933061599731445
2001-04-20,29.799999237060547,29.40999984741211,29.799999237060547,29.510000228881836,431200.0,19.689529418945312
2001-04-23,30.309999465942383,29.559999465942383,29.559999465942383,29.989999771118164,371600.0,20.009790420532227
2001-04-24,30.200000762939453,29.799999237060547,29.864999771118164,29.8700008392334,441000.0,19.929725646972656
2001-04-25,30.399999618530273,29.649999618530273,29.799999237060547,30.030000686645508,506200.0,20.03647804260254
2001-04-26,29.725000381469727,26.75,29.725000381469727,27.075000762939453,3560400.0,18.064855575561523
2001-04-27,27.549999237060547,26.0,27.25,26.135000228881836,1811000.0,17.437681198120117
2001-04-30,27.049999237060547,25.850000381469727,26.549999237060547,26.0,928200.0,17.34760284423828
2001-05-01,26.75,26.049999237060547,26.049999237060547,26.625,1050000.0,17.764617919921875
2001-05-02,26.625,25.885000228881836,26.625,26.149999618530273,677200.0,17.447677612304688
2001-05-03,26.385000228881836,26.0,26.049999237060547,26.364999771118164,586200.0,17.591129302978516
2001-05-04,26.600000381469727,26.170000076293945,26.239999771118164,26.30500030517578,589600.0,17.55109977722168
2001-05-07,26.334999084472656,25.959999084472656,26.18000030517578,26.05500030517578,677200.0,17.384296417236328
2001-05-08,26.014999389648438,25.450000762939453,26.014999389648438,25.75,735800.0,17.180795669555664
2001-05-09,26.0,25.6299991607666,25.75,25.979999542236328,749400.0,17.334257125854492
2001-05-10,26.030000686645508,25.829999923706055,25.989999771118164,25.854999542236328,540000.0,17.2508544921875
2001-05-11,25.825000762939453,25.469999313354492,25.825000762939453,25.69499969482422,466200.0,17.144100189208984
2001-05-14,26.200000762939453,25.729999542236328,25.75,26.165000915527344,411400.0,17.457693099975586
2001-05-15,26.75,26.31999969482422,26.475000381469727,26.3799991607666,815600.0,17.601137161254883
2001-05-16,27.399999618530273,26.575000762939453,26.625,27.325000762939453,736200.0,18.231660842895508
2001-05-17,27.774999618530273,27.024999618530273,27.5,27.459999084472656,821200.0,18.321727752685547
2001-05-18,27.649999618530273,26.954999923706055,27.459999084472656,27.165000915527344,723400.0,18.124902725219727
2001-05-21,27.260000228881836,26.825000762939453,26.850000381469727,27.014999389648438,457600.0,18.024826049804688
2001-05-22,27.125,25.65999984741211,27.110000610351562,25.934999465942383,1322000.0,17.304241180419922
2001-05-23,26.125,25.80500030517578,25.950000762939453,26.020000457763672,486800.0,17.360944747924805
2001-05-24,25.9950008392334,24.799999237060547,25.9950008392334,25.204999923706055,1373000.0,16.817163467407227
2001-05-25,25.405000686645508,24.815000534057617,25.079999923706055,25.295000076293945,487600.0,16.87721824645996
2001-05-29,25.59000015258789,25.190000534057617,25.190000534057617,25.524999618530273,769000.0,17.09996795654297
2001-05-30,26.299999237060547,25.524999618530273,25.524999618530273,25.915000915527344,1096800.0,17.361234664916992
2001-05-31,26.19499969482422,25.8799991607666,25.915000915527344,25.950000762939453,466200.0,17.384687423706055
2001-06-01,26.0,25.670000076293945,25.985000610351562,25.815000534057617,347600.0,17.294240951538086
2001-06-04,25.71500015258789,25.299999237060547,25.71500015258789,25.594999313354492,558200.0,17.146854400634766
2001-06-05,25.725000381469727,25.434999465942383,25.600000381469727,25.670000076293945,733000.0,17.197101593017578
2001-06-06,25.674999237060547,25.479999542236328,25.649999618530273,25.575000762939453,778600.0,17.13345718383789
2001-06-07,26.174999237060547,25.3799991607666,25.549999237060547,26.155000686645508,615400.0,17.522018432617188
2001-06-08,26.549999237060547,25.895000457763672,26.5,26.114999771118164,824000.0,17.495223999023438
2001-06-11,26.125,25.329999923706055,26.100000381469727,25.600000381469727,711600.0,17.15020751953125
2001-06-12,25.790000915527344,25.399999618530273,25.5,25.735000610351562,519600.0,17.240644454956055
2001-06-13,26.100000381469727,25.485000610351562,25.649999618530273,25.5049991607666,744000.0,17.08656883239746
2001-06-14,25.790000915527344,25.510000228881836,25.510000228881836,25.725000381469727,430400.0,17.233943939208984
2001-06-15,26.0,25.600000381469727,25.850000381469727,25.75,795400.0,17.25069808959961
2001-06-18,25.844999313354492,25.0049991607666,25.825000762939453,25.174999237060547,610800.0,16.8654842376709
2001-06-19,25.274999618530273,25.0,25.274999618530273,25.094999313354492,352000.0,16.8118896484375
2001-06-20,25.165000915527344,24.434999465942383,25.0,24.69499969482422,860000.0,16.543922424316406
2001-06-21,25.014999389648438,24.674999237060547,24.81999969482422,24.9950008392334,436600.0,16.744901657104492
2001-06-22,25.1299991607666,24.674999237060547,24.674999237060547,24.825000762939453,562000.0,16.631023406982422
2001-06-25,25.200000762939453,24.825000762939453,24.825000762939453,25.18000030517578,432000.0,16.86884307861328
2001-06-26,25.625,24.799999237060547,24.850000381469727,25.274999618530273,563000.0,16.93248176574707
2001-06-27,25.7450008392334,25.2549991607666,25.274999618530273,25.360000610351562,852800.0,16.989425659179688
2001-06-28,26.049999237060547,25.739999771118164,25.790000915527344,25.915000915527344,929600.0,17.361234664916992
2001-06-29,26.149999618530273,25.0049991607666,26.114999771118164,25.09000015258789,973600.0,16.80853843688965
2001-07-02,26.014999389648438,24.7549991607666,25.21500015258789,25.895000457763672,720000.0,17.347841262817383
2001-07-03,25.895000457763672,25.5049991607666,25.895000457763672,25.56999969482422,275000.0,17.130111694335938
2001-07-05,25.975000381469727,25.3700008392334,25.600000381469727,25.56999969482422,620200.0,17.130111694335938
2001-07-06,25.809999465942383,25.299999237060547,25.530000686645508,25.799999237060547,635400.0,17.284191131591797
2001-07-09,25.920000076293945,25.450000762939453,25.799999237060547,25.665000915527344,322800.0,17.19375991821289
2001-07-10,25.799999237060547,25.375,25.790000915527344,25.44499969482422,265800.0,17.046375274658203
2001-07-11,25.9950008392334,25.424999237060547,25.440000534057617,25.989999771118164,378400.0,17.411481857299805
2001-07-12,26.094999313354492,25.6299991607666,26.03499984741211,25.875,286800.0,17.334440231323242
2001-07-13,26.2450008392334,25.725000381469727,25.75,26.145000457763672,472800.0,17.515321731567383
2001-07-16,26.125,25.725000381469727,26.125,25.84000015258789,367400.0,17.310993194580078
2001-07-17,25.899999618530273,25.700000762939453,25.850000381469727,25.71500015258789,620600.0,17.22724723815918
2001-07-18,26.225000381469727,25.71500015258789,25.71500015258789,26.200000762939453,430800.0,17.552175521850586
2001-07-19,26.75,26.100000381469727,26.274999618530273,26.149999618530273,361600.0,17.5186710357666
2001-07-20,26.174999237060547,25.825000762939453,26.100000381469727,25.975000381469727,211000.0,17.40143394470215
2001-07-23,26.06999969482422,25.665000915527344,26.024999618530273,25.8799991607666,310000.0,17.33778953552246
2001-07-24,25.854999542236328,25.350000381469727,25.799999237060547,25.780000686645508,817200.0,17.270797729492188
2001-07-25,26.045000076293945,25.594999313354492,25.780000686645508,25.850000381469727,839000.0,17.31769371032715
2001-07-26,25.34000015258789,24.200000762939453,24.225000381469727,25.15999984741211,2426600.0,16.855440139770508
2001-07-27,24.969999313354492,24.049999237060547,24.774999618530273,24.375,1531200.0,16.329540252685547
2001-07-30,24.96500015258789,24.469999313354492,24.5,24.8799991607666,824600.0,16.66786003112793
2001-07-31,25.334999084472656,24.799999237060547,24.860000610351562,25.145000457763672,333000.0,16.84539031982422
2001-08-01,25.200000762939453,24.75,25.145000457763672,24.7549991607666,406400.0,16.584117889404297
2001-08-02,24.799999237060547,24.549999237060547,24.75,24.575000762939453,811000.0,16.463529586791992
2001-08-03,24.600000381469727,24.350000381469727,24.600000381469727,24.56999969482422,613800.0,16.460182189941406
2001-08-06,24.65999984741211,24.40999984741211,24.584999084472656,24.479999542236328,575400.0,16.399885177612305
2001-08-07,24.604999542236328,24.350000381469727,24.479999542236328,24.469999313354492,669000.0,16.393186569213867
2001-08-08,24.420000076293945,24.149999618530273,24.420000076293945,24.2450008392334,516200.0,16.242450714111328
2001-08-09,24.25,23.770000457763672,24.225000381469727,23.989999771118164,1076800.0,16.071622848510742
2001-08-10,24.139999389648438,23.75,24.100000381469727,24.0,648200.0,16.078325271606445
2001-08-13,24.1200008392334,23.920000076293945,24.040000915527344,23.959999084472656,588600.0,16.0515193939209
2001-08-14,24.010000228881836,23.399999618530273,24.010000228881836,23.399999618530273,896600.0,15.67636775970459
2001-08-15,23.90999984741211,23.475000381469727,23.5,23.739999771118164,851800.0,15.90413761138916
2001-08-16,24.149999618530273,23.704999923706055,23.704999923706055,24.065000534057617,1000200.0,16.12186622619629
2001-08-17,24.049999237060547,23.690000534057617,24.0,23.875,512600.0,15.99458122253418
2001-08-20,24.200000762939453,23.924999237060547,23.924999237060547,23.989999771118164,263000.0,16.071622848510742
2001-08-21,24.059999465942383,23.7450008392334,24.014999389648438,23.75,376200.0,15.910836219787598
2001-08-22,23.93000030517578,23.635000228881836,23.7450008392334,23.704999923706055,683400.0,15.88068962097168
2001-08-23,23.899999618530273,23.649999618530273,23.7549991607666,23.709999084472656,337400.0,15.884042739868164
2001-08-24,23.915000915527344,23.360000610351562,23.709999084472656,23.364999771118164,467200.0,15.652915954589844
2001-08-27,23.524999618530273,23.114999771118164,23.364999771118164,23.139999389648438,605200.0,15.502182006835938
2001-08-28,23.764999389648438,23.149999618530273,23.149999618530273,23.225000381469727,782000.0,15.559123039245605
2001-08-29,23.350000381469727,23.024999618530273,23.25,23.030000686645508,239000.0,15.4968843460083
2001-08-30,23.405000686645508,23.03499984741211,23.03499984741211,23.104999542236328,311600.0,15.547348022460938
2001-08-31,23.270000457763672,22.915000915527344,23.104999542236328,23.149999618530273,449600.0,15.577630996704102
2001-09-04,23.700000762939453,23.030000686645508,23.049999237060547,23.46500015258789,424800.0,15.789595603942871
2001-09-05,23.829999923706055,23.344999313354492,23.415000915527344,23.704999923706055,630000.0,15.951089859008789
2001-09-06,23.889999389648438,23.53499984741211,23.635000228881836,23.625,739800.0,15.897255897521973
2001-09-07,23.829999923706055,23.459999084472656,23.625,23.665000915527344,532400.0,15.924174308776855
2001-09-10,24.014999389648438,23.385000228881836,23.614999771118164,23.5,803800.0,15.813142776489258
2001-09-17,23.625,22.549999237060547,23.625,22.700000762939453,974200.0,15.274826049804688
2001-09-18,23.125,22.30500030517578,22.774999618530273,22.584999084472656,902000.0,15.197443962097168
2001-09-19,22.600000381469727,21.684999465942383,22.575000762939453,21.975000381469727,808000.0,14.786974906921387
2001-09-20,22.5,21.674999237060547,21.850000381469727,22.28499984741211,768800.0,14.995573997497559
2001-09-21,22.655000686645508,21.684999465942383,21.684999465942383,22.299999237060547,1077200.0,15.00566577911377
2001-09-24,22.530000686645508,21.325000762939453,22.5,21.795000076293945,789800.0,14.665847778320312
2001-09-25,22.4950008392334,21.825000762939453,21.920000076293945,22.344999313354492,586800.0,15.035940170288086
2001-09-26,22.709999084472656,22.209999084472656,22.350000381469727,22.315000534057617,461400.0,15.01576042175293
2001-09-27,22.530000686645508,21.940000534057617,22.190000534057617,22.25,788400.0,14.972015380859375
2001-09-28,22.6200008392334,22.299999237060547,22.299999237060547,22.5,548000.0,15.140246391296387
2001-10-01,22.604999542236328,22.459999084472656,22.5,22.5,462800.0,15.140246391296387
2001-10-02,22.65999984741211,22.479999542236328,22.5,22.575000762939453,446800.0,15.190710067749023
2001-10-03,22.700000762939453,22.450000762939453,22.5,22.514999389648438,537600.0,15.150341987609863
2001-10-04,22.610000610351562,22.165000915527344,22.579999923706055,22.3799991607666,745200.0,15.059500694274902
2001-10-05,22.594999313354492,22.280000686645508,22.440000534057617,22.329999923706055,821600.0,15.025856018066406
2001-10-08,22.1299991607666,21.43000030517578,21.899999618530273,21.915000915527344,939000.0,14.746599197387695
2001-10-09,22.424999237060547,21.985000610351562,22.014999389648438,22.200000762939453,274800.0,14.938375473022461
2001-10-10,22.440000534057617,22.149999618530273,22.299999237060547,22.280000686645508,241800.0,14.992205619812012
2001-10-11,22.325000762939453,21.875,22.264999389648438,22.2549991607666,317000.0,14.975380897521973
2001-10-12,22.325000762939453,21.924999237060547,22.2549991607666,22.31999969482422,432200.0,15.01912784576416
2001-10-15,22.450000762939453,22.149999618530273,22.325000762939453,22.3799991607666,544000.0,15.059500694274902
2001-10-16,22.649999618530273,22.030000686645508,22.420000076293945,22.21500015258789,508000.0,14.948464393615723
2001-10-17,22.559999465942383,22.06999969482422,22.239999771118164,22.375,332400.0,15.056132316589355
2001-10-18,22.885000228881836,22.190000534057617,22.3700008392334,22.774999618530273,617400.0,15.325301170349121
2001-10-19,22.899999618530273,22.53499984741211,22.774999618530273,22.649999618530273,228400.0,15.241181373596191
2001-10-22,22.719999313354492,22.065000534057617,22.600000381469727,22.674999237060547,461400.0,15.258002281188965
2001-10-23,23.065000534057617,22.670000076293945,22.9950008392334,22.920000076293945,475800.0,15.422866821289062
2001-10-24,23.020000457763672,22.399999618530273,22.924999237060547,22.84000015258789,461800.0,15.369029998779297
2001-10-25,23.950000762939453,23.010000228881836,23.75,23.774999618530273,2477000.0,15.99819564819336
2001-10-26,24.96500015258789,24.25,24.25,24.389999389648438,1703400.0,16.412033081054688
2001-10-29,25.299999237060547,24.395000457763672,24.395000457763672,25.1299991607666,1281600.0,16.90997314453125
2001-10-30,25.450000762939453,24.875,25.100000381469727,24.985000610351562,1509600.0,16.812400817871094
2001-10-31,25.174999237060547,24.80500030517578,25.100000381469727,24.875,1023800.0,16.738372802734375
2001-11-01,25.385000228881836,24.875,24.899999618530273,25.350000381469727,842600.0,17.05800437927246
2001-11-02,26.19499969482422,25.174999237060547,25.350000381469727,25.774999618530273,561800.0,17.343997955322266
2001-11-05,26.225000381469727,25.899999618530273,25.899999618530273,26.0049991607666,1099800.0,17.49876594543457
2001-11-06,26.0049991607666,25.625,26.0049991607666,25.625,1340800.0,17.243053436279297
2001-11-07,25.739999771118164,25.360000610351562,25.649999618530273,25.43000030517578,981600.0,17.11183738708496
2001-11-08,25.6299991607666,25.350000381469727,25.43000030517578,25.489999771118164,807400.0,17.152210235595703
2001-11-09,25.9950008392334,25.5049991607666,25.549999237060547,25.969999313354492,492800.0,17.475210189819336
2001-11-12,26.174999237060547,25.53499984741211,25.924999237060547,26.0,294400.0,17.49539566040039
2001-11-13,27.375,26.549999237060547,26.75,26.850000381469727,1155000.0,18.067358016967773
2001-11-14,27.290000915527344,26.75,26.850000381469727,27.135000228881836,1014800.0,18.259136199951172
2001-11-15,28.5049991607666,27.135000228881836,27.135000228881836,28.260000228881836,1777800.0,19.01615333557129
2001-11-16,28.75,27.905000686645508,28.299999237060547,28.600000381469727,1048000.0,19.244932174682617
2001-11-19,28.850000381469727,28.040000915527344,28.600000381469727,28.09000015258789,723800.0,18.90175437927246
2001-11-20,28.200000762939453,27.614999771118164,28.149999618530273,28.100000381469727,1644600.0,18.90848159790039
2001-11-21,28.649999618530273,28.030000686645508,28.100000381469727,28.424999237060547,1030400.0,19.127180099487305
2001-11-23,29.354999542236328,28.420000076293945,28.450000762939453,29.104999542236328,391800.0,19.584749221801758
2001-11-26,29.334999084472656,28.700000762939453,29.125,28.719999313354492,992200.0,19.32568359375
2001-11-27,28.719999313354492,28.274999618530273,28.719999313354492,28.354999542236328,581000.0,19.0800724029541
2001-11-28,28.450000762939453,28.225000381469727,28.325000762939453,28.225000381469727,615400.0,19.061508178710938
2001-11-29,28.825000762939453,28.225000381469727,28.225000381469727,28.565000534057617,695600.0,19.291120529174805
2001-11-30,28.825000762939453,28.489999771118164,28.575000762939453,28.514999389648438,515200.0,19.257349014282227
2001-12-03,28.524999618530273,28.1299991607666,28.5,28.18000030517578,496200.0,19.031103134155273
2001-12-04,28.28499984741211,27.735000610351562,28.184999465942383,28.21500015258789,592200.0,19.05475425720215
2001-12-05,28.274999618530273,27.799999237060547,28.200000762939453,28.235000610351562,527200.0,19.068254470825195
2001-12-06,28.59000015258789,27.899999618530273,28.25,28.479999542236328,435600.0,19.233720779418945
2001-12-07,28.80500030517578,28.270000457763672,28.469999313354492,28.700000762939453,292800.0,19.382287979125977
2001-12-10,28.975000381469727,28.454999923706055,28.674999237060547,28.700000762939453,306200.0,19.382287979125977
2001-12-11,28.959999084472656,28.174999237060547,28.774999618530273,28.260000228881836,650600.0,19.085140228271484
2001-12-12,28.40999984741211,27.875,28.264999389648438,28.2450008392334,433800.0,19.075008392333984
2001-12-13,28.825000762939453,28.149999618530273,28.2450008392334,28.475000381469727,399200.0,19.230342864990234
2001-12-14,28.399999618530273,27.65999984741211,28.399999618530273,27.885000228881836,739600.0,18.831893920898438
2001-12-17,27.924999237060547,27.7549991607666,27.899999618530273,27.924999237060547,586200.0,18.858901977539062
2001-12-18,28.424999237060547,27.950000762939453,27.950000762939453,28.350000381469727,361200.0,19.14592170715332
2001-12-19,28.920000076293945,28.309999465942383,28.31999969482422,28.625,551800.0,19.331634521484375
2001-12-20,29.0,28.5,28.520000457763672,28.924999237060547,449000.0,19.534238815307617
2001-12-21,29.81999969482422,28.889999389648438,28.90999984741211,29.635000228881836,858600.0,20.01373291015625
2001-12-24,29.350000381469727,28.139999389648438,29.25,28.145000457763672,808200.0,19.007476806640625
2001-12-26,28.204999923706055,27.25,28.149999618530273,27.44499969482422,1532200.0,18.53473472595215
2001-12-27,27.450000762939453,26.5,27.450000762939453,26.975000381469727,1745800.0,18.217330932617188
2001-12-28,27.524999618530273,27.100000381469727,27.100000381469727,27.235000610351562,709600.0,18.392919540405273
2001-12-31,27.395000457763672,26.6299991607666,27.235000610351562,26.700000762939453,976200.0,18.031606674194336
2002-01-02,26.6299991607666,25.450000762939453,26.625,26.479999542236328,1840400.0,17.883028030395508
2002-01-03,26.4950008392334,25.850000381469727,26.4950008392334,26.125,1049400.0,17.64328956604004
2002-01-04,26.274999618530273,25.65999984741211,26.174999237060547,26.05500030517578,1109600.0,17.59600830078125
2002-01-07,26.145000457763672,25.799999237060547,26.094999313354492,26.03499984741211,914400.0,17.58249855041504
2002-01-08,26.149999618530273,25.854999542236328,26.049999237060547,26.0049991607666,716800.0,17.562246322631836
2002-01-09,26.274999618530273,25.924999237060547,26.174999237060547,26.270000457763672,875600.0,17.741209030151367
2002-01-10,26.5,25.905000686645508,26.170000076293945,26.1299991607666,582400.0,17.64666175842285
2002-01-11,26.655000686645508,26.125,26.18000030517578,26.415000915527344,709400.0,17.839126586914062
2002-01-14,26.704999923706055,26.2549991607666,26.34000015258789,26.295000076293945,436800.0,17.758094787597656
2002-01-15,26.53499984741211,25.80500030517578,26.399999618530273,26.350000381469727,656200.0,17.795236587524414
2002-01-16,26.399999618530273,26.094999313354492,26.25,26.135000228881836,250600.0,17.650039672851562
2002-01-17,26.295000076293945,25.93000030517578,26.21500015258789,26.184999465942383,345000.0,17.683801651000977
2002-01-18,26.55500030517578,26.200000762939453,26.200000762939453,26.350000381469727,284000.0,17.795236587524414
2002-01-22,26.625,26.30500030517578,26.43000030517578,26.30500030517578,282400.0,17.76484489440918
2002-01-23,26.459999084472656,26.209999084472656,26.225000381469727,26.30500030517578,268000.0,17.76484489440918
2002-01-24,26.375,25.81999969482422,26.375,26.0049991607666,342200.0,17.562246322631836
2002-01-25,26.399999618530273,25.924999237060547,26.0,26.290000915527344,191600.0,17.754718780517578
2002-01-28,26.329999923706055,26.059999465942383,26.25,26.204999923706055,115200.0,17.697301864624023
2002-01-29,26.200000762939453,25.899999618530273,26.174999237060547,25.959999084472656,320000.0,17.53186798095703
2002-01-30,26.229999542236328,25.940000534057617,25.959999084472656,26.045000076293945,303000.0,17.58926010131836
2002-01-31,26.479999542236328,26.0049991607666,26.049999237060547,26.334999084472656,225400.0,17.785110473632812
2002-02-01,26.485000610351562,26.139999389648438,26.450000762939453,26.219999313354492,365600.0,17.707441329956055
2002-02-04,26.895000457763672,26.219999313354492,26.219999313354492,26.80500030517578,622600.0,18.102510452270508
2002-02-05,27.25,26.899999618530273,26.899999618530273,27.19499969482422,564200.0,18.365903854370117
2002-02-06,27.420000076293945,26.709999084472656,27.2450008392334,26.9950008392334,412800.0,18.230833053588867
2002-02-07,27.440000534057617,26.549999237060547,26.9950008392334,26.834999084472656,1378800.0,18.122785568237305
2002-02-08,27.0049991607666,26.079999923706055,26.959999084472656,26.3700008392334,667600.0,17.808740615844727
2002-02-11,26.674999237060547,26.30500030517578,26.475000381469727,26.489999771118164,500800.0,17.889774322509766
2002-02-12,26.875,26.450000762939453,26.459999084472656,26.770000457763672,520400.0,18.07887840270996
2002-02-13,26.950000762939453,26.739999771118164,26.850000381469727,26.934999465942383,639200.0,18.1903133392334
2002-02-14,28.375,27.625,27.75,27.954999923706055,1500200.0,18.879165649414062
2002-02-15,28.375,27.975000381469727,27.975000381469727,28.30500030517578,429200.0,19.115530014038086
2002-02-19,28.625,27.969999313354492,28.424999237060547,27.989999771118164,543400.0,18.902801513671875
2002-02-20,28.315000534057617,27.989999771118164,27.989999771118164,28.155000686645508,400200.0,19.01422882080078
2002-02-21,28.864999771118164,28.25,28.25,28.645000457763672,679400.0,19.34514617919922
2002-02-22,29.594999313354492,28.81999969482422,28.875,29.594999313354492,949800.0,19.98672103881836
2002-02-25,29.799999237060547,29.075000762939453,29.799999237060547,29.540000915527344,584200.0,19.94957733154297
2002-02-26,29.530000686645508,28.809999465942383,29.434999465942383,29.079999923706055,451400.0,19.707304000854492
2002-02-27,30.200000762939453,29.190000534057617,29.25,30.1200008392334,1265000.0,20.41210174560547
2002-02-28,30.5,29.924999237060547,30.049999237060547,30.2549991607666,1513600.0,20.50358772277832
2002-03-01,30.475000381469727,30.0049991607666,30.299999237060547,30.19499969482422,724200.0,20.462926864624023
2002-03-04,30.6299991607666,30.014999389648438,30.25,30.375,1109200.0,20.584909439086914
2002-03-05,30.985000610351562,30.204999923706055,30.3799991607666,30.725000381469727,726000.0,20.82210350036621
2002-03-06,31.719999313354492,30.924999237060547,31.0,31.405000686645508,895800.0,21.282939910888672
2002-03-07,31.424999237060547,30.899999618530273,31.405000686645508,31.1299991607666,483600.0,21.09657096862793
2002-03-08,31.479999542236328,30.850000381469727,31.18000030517578,30.934999465942383,413800.0,20.964418411254883
2002-03-11,31.030000686645508,30.46500015258789,31.030000686645508,30.799999237060547,271800.0,20.872934341430664
2002-03-12,30.93000030517578,30.56999969482422,30.75,30.875,575400.0,20.92375946044922
2002-03-13,31.165000915527344,30.545000076293945,30.899999618530273,30.670000076293945,405800.0,20.784826278686523
2002-03-14,31.209999084472656,30.665000915527344,30.665000915527344,31.020000457763672,671800.0,21.02202033996582
2002-03-15,31.729999542236328,31.09000015258789,31.125,31.209999084472656,598600.0,21.150785446166992
2002-03-18,31.575000762939453,31.1299991607666,31.149999618530273,31.475000381469727,475400.0,21.330364227294922
2002-03-19,32.06999969482422,31.649999618530273,31.649999618530273,31.969999313354492,381600.0,21.66582489013672
2002-03-20,32.46500015258789,31.649999618530273,32.0,32.2599983215332,678800.0,21.86235809326172
2002-03-21,32.17499923706055,31.75,32.17499923706055,31.959999084472656,931800.0,21.659048080444336
2002-03-22,32.560001373291016,32.0,32.0099983215332,32.45000076293945,822400.0,21.991119384765625
2002-03-25,33.07500076293945,32.29999923706055,32.525001525878906,32.67499923706055,734800.0,22.143600463867188
2002-03-26,32.92499923706055,32.599998474121094,32.66999816894531,32.7400016784668,800600.0,22.187658309936523
2002-03-27,33.369998931884766,32.849998474121094,32.91999816894531,33.06999969482422,1288800.0,22.411291122436523
2002-03-28,33.875,33.1150016784668,33.119998931884766,33.73500061035156,1295400.0,22.861961364746094
2002-04-01,33.79999923706055,33.29999923706055,33.78499984741211,33.560001373291016,557800.0,22.743366241455078
2002-04-02,33.5099983215332,33.150001525878906,33.5099983215332,33.369998931884766,369800.0,22.614601135253906
2002-04-03,33.099998474121094,32.0099983215332,33.0,32.095001220703125,1348800.0,21.75054359436035
2002-04-04,32.73500061035156,31.950000762939453,32.220001220703125,32.70000076293945,1074400.0,22.16054916381836
2002-04-05,32.93000030517578,32.51499938964844,32.75,32.75,357000.0,22.19443702697754
2002-04-08,33.52000045776367,32.71500015258789,32.755001068115234,33.1349983215332,533400.0,22.455341339111328
2002-04-09,33.22999954223633,32.845001220703125,33.125,33.22999954223633,829200.0,22.51972007751465
2002-04-10,33.875,33.349998474121094,33.349998474121094,33.790000915527344,548200.0,22.899229049682617
2002-04-11,33.86000061035156,33.23500061035156,33.790000915527344,33.505001068115234,411400.0,22.706092834472656
2002-04-12,33.650001525878906,33.16999816894531,33.45000076293945,33.474998474121094,323600.0,22.68575668334961
2002-04-15,33.54999923706055,32.95000076293945,33.474998474121094,32.97999954223633,490200.0,22.350303649902344
2002-04-16,33.27000045776367,32.97999954223633,32.97999954223633,33.189998626708984,480000.0,22.492618560791016
2002-04-17,33.2400016784668,32.89500045776367,33.209999084472656,33.04499816894531,391800.0,22.39435386657715
2002-04-18,33.3650016784668,32.584999084472656,32.974998474121094,33.0,546400.0,22.363859176635742
2002-04-19,33.26499938964844,33.0,33.04999923706055,33.02000045776367,309000.0,22.377410888671875
2002-04-22,33.8849983215332,33.06999969482422,33.06999969482422,33.66999816894531,303400.0,22.817920684814453
2002-04-23,33.70500183105469,33.10499954223633,33.66999816894531,33.27000045776367,534000.0,22.546833038330078
2002-04-24,33.29499816894531,32.869998931884766,33.150001525878906,33.0,835200.0,22.363859176635742
2002-04-25,33.314998626708984,31.969999313354492,32.900001525878906,32.349998474121094,1530400.0,21.92335319519043
2002-04-26,32.599998474121094,32.01499938964844,32.29999923706055,32.08000183105469,893200.0,21.740385055541992
2002-04-29,33.34000015258789,32.084999084472656,32.20500183105469,32.98500061035156,1035000.0,22.353689193725586
2002-04-30,33.6349983215332,33.095001220703125,33.20000076293945,33.42499923706055,486600.0,22.65188217163086
2002-05-01,34.150001525878906,33.28499984741211,33.400001525878906,34.060001373291016,618600.0,23.082210540771484
2002-05-02,34.625,34.13999938964844,34.150001525878906,34.380001068115234,1071000.0,23.299070358276367
2002-05-03,34.54499816894531,33.849998474121094,34.20000076293945,34.310001373291016,1699600.0,23.251628875732422
2002-05-06,34.57500076293945,34.27000045776367,34.314998626708984,34.27000045776367,690000.0,23.224525451660156
2002-05-07,34.38999938964844,33.61000061035156,34.369998931884766,33.67499923706055,732800.0,22.821298599243164
2002-05-08,33.775001525878906,33.224998474121094,33.775001525878906,33.2400016784668,832000.0,22.526500701904297
2002-05-09,33.494998931884766,32.849998474121094,33.0,33.099998474121094,829800.0,22.431623458862305
2002-05-10,33.310001373291016,32.93000030517578,33.150001525878906,33.23500061035156,509600.0,22.52311134338379
2002-05-13,33.36000061035156,33.029998779296875,33.29999923706055,33.09000015258789,537200.0,22.42484474182129
2002-05-14,33.2599983215332,32.82500076293945,33.09000015258789,32.94499969482422,774200.0,22.32659149169922
2002-05-15,33.86000061035156,33.0,33.0,33.63999938964844,1070600.0,22.797574996948242
2002-05-16,34.20500183105469,33.6349983215332,33.63999938964844,33.849998474121094,523600.0,22.939889907836914
2002-05-17,34.224998474121094,33.75,34.125,34.03499984741211,506000.0,23.065269470214844
2002-05-20,34.025001525878906,33.64500045776367,34.025001525878906,33.94499969482422,442400.0,23.0042781829834
2002-05-21,34.21500015258789,33.92499923706055,33.94499969482422,33.97999954223633,629600.0,23.027996063232422
2002-05-22,34.3650016784668,33.92499923706055,33.959999084472656,34.25,380200.0,23.210973739624023
2002-05-23,34.470001220703125,34.0,34.25,34.275001525878906,586400.0,23.22791862487793
2002-05-24,34.56999969482422,33.95000076293945,34.275001525878906,34.125,382600.0,23.126258850097656
2002-05-28,34.125,33.529998779296875,34.125,33.650001525878906,674600.0,22.804351806640625
2002-05-29,33.650001525878906,33.224998474121094,33.54499816894531,33.59000015258789,706400.0,22.83323860168457
2002-05-30,33.51499938964844,32.625,33.150001525878906,32.88999938964844,2303800.0,22.35740852355957
2002-05-31,33.369998931884766,32.70000076293945,32.915000915527344,33.369998931884766,791200.0,22.683691024780273
2002-06-03,33.20000076293945,32.83000183105469,33.20000076293945,32.85499954223633,1094200.0,22.333616256713867
2002-06-04,33.025001525878906,32.16999816894531,32.82500076293945,32.540000915527344,996400.0,22.1195011138916
2002-06-05,32.880001068115234,32.35499954223633,32.5,32.814998626708984,819400.0,22.30643081665039
2002-06-06,33.435001373291016,32.709999084472656,32.775001525878906,32.88999938964844,645000.0,22.35740852355957
2002-06-07,33.474998474121094,32.650001525878906,32.88999938964844,33.369998931884766,889800.0,22.683691024780273
2002-06-10,33.84000015258789,33.33000183105469,33.369998931884766,33.70000076293945,446000.0,22.90802001953125
2002-06-11,34.01499938964844,33.435001373291016,33.79999923706055,33.439998626708984,427600.0,22.731277465820312
2002-06-12,33.654998779296875,33.415000915527344,33.474998474121094,33.5,488200.0,22.772071838378906
2002-06-13,33.40999984741211,32.73500061035156,33.375,32.744998931884766,736000.0,22.258840560913086
2002-06-14,32.72999954223633,32.125,32.525001525878906,32.630001068115234,612200.0,22.1806697845459
2002-06-17,33.18000030517578,32.625,32.6349983215332,33.16999816894531,492800.0,22.547746658325195
2002-06-18,33.23500061035156,32.849998474121094,33.099998474121094,32.91999816894531,438200.0,22.377803802490234
2002-06-19,32.5,30.450000762939453,32.474998474121094,30.524999618530273,3196600.0,20.749774932861328
2002-06-20,31.3799991607666,30.274999618530273,30.530000686645508,31.200000762939453,2025600.0,21.2086181640625
2002-06-21,31.075000762939453,30.415000915527344,30.825000762939453,30.424999237060547,775800.0,20.681793212890625
2002-06-24,30.405000686645508,29.795000076293945,30.399999618530273,29.93000030517578,1018200.0,20.345314025878906
2002-06-25,30.2450008392334,29.649999618530273,30.125,29.670000076293945,717200.0,20.168575286865234
2002-06-26,30.704999923706055,29.100000381469727,29.65999984741211,30.65999984741211,1131200.0,20.84153938293457
2002-06-27,30.885000228881836,30.03499984741211,30.53499984741211,30.375,1294600.0,20.647809982299805
2002-06-28,31.149999618530273,30.334999084472656,30.3799991607666,31.149999618530273,868800.0,21.174623489379883
2002-07-01,31.19499969482422,30.079999923706055,31.075000762939453,30.125,1114600.0,20.477867126464844
2002-07-02,30.389999389648438,29.71500015258789,30.125,29.75,945800.0,20.22295570373535
2002-07-03,29.975000381469727,29.25,29.75,29.315000534057617,1185400.0,19.927261352539062
2002-07-05,29.799999237060547,29.21500015258789,29.399999618530273,29.645000457763672,426400.0,20.151580810546875
2002-07-08,29.649999618530273,29.0,29.635000228881836,29.524999618530273,642200.0,20.070011138916016
2002-07-09,29.735000610351562,29.1299991607666,29.530000686645508,29.1299991607666,885000.0,19.80150032043457
2002-07-10,29.190000534057617,27.725000381469727,29.149999618530273,27.875,1405600.0,18.94839859008789
2002-07-11,28.405000686645508,27.610000610351562,27.864999771118164,27.920000076293945,997400.0,18.97899055480957
2002-07-12,28.5,27.825000762939453,27.969999313354492,28.024999618530273,764600.0,19.050357818603516
2002-07-15,27.989999771118164,26.774999618530273,27.989999771118164,27.454999923706055,893400.0,18.66288948059082
2002-07-16,27.770000457763672,26.864999771118164,27.399999618530273,26.864999771118164,712000.0,18.261842727661133
2002-07-17,27.329999923706055,26.84000015258789,26.989999771118164,26.875,753000.0,18.268630981445312
2002-07-18,27.020000457763672,26.424999237060547,26.825000762939453,26.65999984741211,717400.0,18.122488021850586
2002-07-19,26.739999771118164,25.25,26.735000610351562,25.700000762939453,1022400.0,17.469911575317383
2002-07-22,27.225000381469727,25.69499969482422,25.700000762939453,26.010000228881836,1261000.0,17.680644989013672
2002-07-23,26.6200008392334,25.25,26.059999465942383,25.975000381469727,1123200.0,17.65685272216797
2002-07-24,26.81999969482422,25.530000686645508,25.975000381469727,26.434999465942383,1439400.0,17.969539642333984
2002-07-25,29.0,26.850000381469727,26.875,28.540000915527344,2047200.0,19.400440216064453
2002-07-26,28.540000915527344,27.704999923706055,28.540000915527344,27.90999984741211,927400.0,18.97218894958496
2002-07-29,29.030000686645508,27.8700008392334,27.975000381469727,29.030000686645508,822200.0,19.733522415161133
2002-07-30,29.114999771118164,28.770000457763672,28.924999237060547,28.969999313354492,633400.0,19.692737579345703
2002-07-31,30.25,28.975000381469727,28.975000381469727,30.204999923706055,712000.0,20.53224754333496
2002-08-01,30.350000381469727,29.399999618530273,29.975000381469727,29.829999923706055,740800.0,20.277332305908203
2002-08-02,30.1299991607666,29.5,29.704999923706055,29.93000030517578,839000.0,20.345314025878906
2002-08-05,30.385000228881836,29.625,29.8799991607666,29.709999084472656,997000.0,20.195762634277344
2002-08-06,30.889999389648438,30.024999618530273,30.024999618530273,30.545000076293945,1272200.0,20.763364791870117
2002-08-07,31.405000686645508,30.454999923706055,30.875,31.315000534057617,905200.0,21.286781311035156
2002-08-08,32.150001525878906,31.30500030517578,31.344999313354492,32.09000015258789,733400.0,21.813600540161133
2002-08-09,32.09000015258789,31.639999389648438,32.09000015258789,31.729999542236328,1272400.0,21.56888198852539
2002-08-12,30.594999313354492,29.899999618530273,30.25,30.514999389648438,2693000.0,20.742971420288086
2002-08-13,31.145000457763672,30.084999084472656,30.514999389648438,30.635000228881836,961400.0,20.824546813964844
2002-08-14,31.135000228881836,30.219999313354492,30.635000228881836,31.135000228881836,648600.0,21.1644344329834
2002-08-15,31.049999237060547,30.520000457763672,30.985000610351562,30.81999969482422,847400.0,20.950305938720703
2002-08-16,30.739999771118164,30.25,30.719999313354492,30.545000076293945,398600.0,20.763364791870117
2002-08-19,31.55500030517578,30.145000457763672,30.485000610351562,31.514999389648438,754200.0,21.422739028930664
2002-08-20,31.639999389648438,31.1299991607666,31.46500015258789,31.360000610351562,424200.0,21.3173770904541
2002-08-21,31.479999542236328,30.81999969482422,31.360000610351562,31.19499969482422,449600.0,21.205223083496094
2002-08-22,31.34000015258789,30.549999237060547,31.19499969482422,30.94499969482422,549200.0,21.035276412963867
2002-08-23,30.975000381469727,30.579999923706055,30.924999237060547,30.700000762939453,314800.0,20.868730545043945
2002-08-26,30.8700008392334,30.149999618530273,30.649999618530273,30.8700008392334,504400.0,20.984283447265625
2002-08-27,30.959999084472656,30.524999618530273,30.8799991607666,30.809999465942383,342200.0,20.943504333496094
2002-08-28,30.809999465942383,29.854999542236328,30.600000381469727,30.045000076293945,449600.0,20.491647720336914
2002-08-29,30.040000915527344,29.135000228881836,30.040000915527344,29.5,760000.0,20.11995506286621
2002-08-30,30.34000015258789,29.309999465942383,29.375,30.024999618530273,461800.0,20.47801971435547
2002-09-03,30.06999969482422,29.344999313354492,29.924999237060547,29.625,1036600.0,20.2052059173584
2002-09-04,30.03499984741211,29.350000381469727,29.635000228881836,29.94499969482422,693800.0,20.423458099365234
2002-09-05,30.674999237060547,29.799999237060547,29.940000534057617,30.514999389648438,811600.0,20.812211990356445
2002-09-06,30.975000381469727,30.28499984741211,30.69499969482422,30.975000381469727,716800.0,21.125944137573242
2002-09-09,31.584999084472656,30.790000915527344,30.975000381469727,31.420000076293945,573400.0,21.4294490814209
2002-09-10,31.440000534057617,30.799999237060547,31.424999237060547,31.15999984741211,760600.0,21.252117156982422
2002-09-11,31.4950008392334,31.239999771118164,31.360000610351562,31.364999771118164,256600.0,21.391939163208008
2002-09-12,31.424999237060547,31.06999969482422,31.364999771118164,31.075000762939453,341600.0,21.194150924682617
2002-09-13,31.18000030517578,30.71500015258789,30.899999618530273,31.18000030517578,326400.0,21.265764236450195
2002-09-16,31.25,30.690000534057617,31.079999923706055,31.219999313354492,355200.0,21.293041229248047
2002-09-17,31.395000457763672,30.709999084472656,31.34000015258789,30.7549991607666,260200.0,20.975900650024414
2002-09-18,31.0,30.184999465942383,30.739999771118164,30.645000457763672,272000.0,20.900869369506836
2002-09-19,30.299999237060547,29.84000015258789,30.295000076293945,30.170000076293945,519400.0,20.5769100189209
2002-09-20,30.389999389648438,30.03499984741211,30.174999237060547,30.28499984741211,417000.0,20.65534019470215
2002-09-23,30.239999771118164,29.3799991607666,30.184999465942383,29.3799991607666,459400.0,20.038103103637695
2002-09-24,29.415000915527344,28.100000381469727,29.299999237060547,28.15999984741211,1785000.0,19.206022262573242
2002-09-25,29.104999542236328,28.280000686645508,28.475000381469727,28.969999313354492,788200.0,19.758468627929688
2002-09-26,29.165000915527344,28.704999923706055,28.969999313354492,29.1200008392334,810600.0,19.860788345336914
2002-09-27,29.295000076293945,28.549999237060547,29.1200008392334,28.600000381469727,443200.0,19.50611686706543
2002-09-30,28.5,27.850000381469727,28.5,28.149999618530273,568400.0,19.199209213256836
2002-10-01,28.815000534057617,27.959999084472656,28.5,28.815000534057617,707600.0,19.652761459350586
2002-10-02,29.299999237060547,28.610000610351562,28.889999389648438,28.815000534057617,463600.0,19.652761459350586
2002-10-03,29.485000610351562,28.940000534057617,28.940000534057617,29.19499969482422,505600.0,19.911930084228516
2002-10-04,29.489999771118164,28.479999542236328,29.19499969482422,28.670000076293945,468000.0,19.553861618041992
2002-10-07,30.225000381469727,29.200000762939453,29.5,29.440000534057617,1248800.0,20.07902717590332
2002-10-08,30.145000457763672,29.53499984741211,29.950000762939453,29.825000762939453,989600.0,20.341611862182617
2002-10-09,29.864999771118164,28.84000015258789,29.825000762939453,28.899999618530273,679400.0,19.710731506347656
2002-10-10,29.399999618530273,28.739999771118164,28.799999237060547,28.93000030517578,618200.0,19.731197357177734
2002-10-11,29.65999984741211,28.93000030517578,28.934999465942383,29.219999313354492,571400.0,19.92897605895996
2002-10-14,30.469999313354492,29.19499969482422,29.225000381469727,30.450000762939453,588200.0,20.767879486083984
2002-10-15,31.25,30.190000534057617,30.799999237060547,31.139999389648438,1380600.0,21.238487243652344
2002-10-16,31.610000610351562,30.790000915527344,30.8799991607666,30.969999313354492,1070400.0,21.122535705566406
2002-10-17,31.155000686645508,30.5049991607666,31.0049991607666,30.545000076293945,620000.0,20.83267593383789
2002-10-18,31.110000610351562,30.44499969482422,30.4950008392334,30.959999084472656,588000.0,21.115711212158203
2002-10-21,34.125,31.940000534057617,31.950000762939453,34.0,2646200.0,23.1890926361084
2002-10-22,34.599998474121094,33.52000045776367,33.625,34.42499923706055,2129800.0,23.478952407836914
2002-10-23,35.07500076293945,34.125,34.29999923706055,34.650001525878906,2487600.0,23.63241958618164
2002-10-24,34.70000076293945,33.75,34.650001525878906,34.29499816894531,2442600.0,23.390295028686523
2002-10-25,34.82500076293945,34.04999923706055,34.185001373291016,34.720001220703125,1021000.0,23.680160522460938
2002-10-28,34.98500061035156,34.165000915527344,34.98500061035156,34.31999969482422,871600.0,23.407333374023438
2002-10-29,34.875,34.209999084472656,34.34000015258789,34.79499816894531,603000.0,23.731306076049805
2002-10-30,34.994998931884766,34.404998779296875,34.79999923706055,34.470001220703125,713400.0,23.509647369384766
2002-10-31,34.68000030517578,33.91999816894531,34.41999816894531,34.2400016784668,711800.0,23.3527774810791
2002-11-01,34.95000076293945,34.040000915527344,34.2400016784668,34.83000183105469,631600.0,23.755186080932617
2002-11-04,34.834999084472656,33.77000045776367,34.834999084472656,33.85499954223633,845200.0,23.09020233154297
2002-11-05,34.0,33.26499938964844,33.80500030517578,33.42499923706055,1181800.0,22.796924591064453
2002-11-06,33.54999923706055,32.849998474121094,33.43000030517578,33.25,528600.0,22.67756462097168
2002-11-07,33.80500030517578,33.07500076293945,33.26499938964844,33.45000076293945,378800.0,22.813982009887695
2002-11-08,33.625,32.834999084472656,33.45000076293945,32.900001525878906,270800.0,22.43885612487793
2002-11-11,33.709999084472656,32.8650016784668,32.900001525878906,33.224998474121094,645200.0,22.6605224609375
2002-11-12,33.91999816894531,31.80500030517578,33.275001525878906,32.025001525878906,2455400.0,21.842079162597656
2002-11-13,33.07500076293945,31.850000381469727,32.33000183105469,33.02000045776367,1506800.0,22.52069854736328
2002-11-14,33.69499969482422,32.7400016784668,33.03499984741211,33.630001068115234,553800.0,22.936750411987305
2002-11-15,34.0,33.38999938964844,33.6349983215332,34.0,519600.0,23.1890926361084
2002-11-18,33.95000076293945,33.1150016784668,33.95000076293945,33.41999816894531,516200.0,22.79351043701172
2002-11-19,33.744998931884766,33.20000076293945,33.404998779296875,33.5,544200.0,22.84808349609375
2002-11-20,33.6349983215332,33.18000030517578,33.505001068115234,33.52000045776367,416600.0,22.86172103881836
2002-11-21,33.665000915527344,32.900001525878906,33.525001525878906,33.11000061035156,710600.0,22.582088470458984
2002-11-22,33.619998931884766,32.92499923706055,33.15999984741211,33.439998626708984,477800.0,22.80715560913086
2002-11-25,33.525001525878906,32.75,33.439998626708984,32.790000915527344,538400.0,22.36383819580078
2002-11-26,32.86000061035156,32.01499938964844,32.57500076293945,32.529998779296875,764600.0,22.256080627441406
2002-11-27,32.959999084472656,32.32500076293945,32.474998474121094,32.89500045776367,344600.0,22.50580406188965
2002-11-29,32.77000045776367,32.349998474121094,32.77000045776367,32.43000030517578,136800.0,22.187665939331055
2002-12-02,32.540000915527344,31.510000228881836,32.52000045776367,31.799999237060547,691800.0,21.756635665893555
2002-12-03,32.599998474121094,31.549999237060547,31.799999237060547,32.36000061035156,705800.0,22.139768600463867
2002-12-04,33.099998474121094,32.46500015258789,32.474998474121094,33.04999923706055,620000.0,22.611841201782227
2002-12-05,33.04999923706055,32.099998474121094,33.04999923706055,32.125,632400.0,21.97899055480957
2002-12-06,32.834999084472656,32.209999084472656,32.209999084472656,32.689998626708984,410400.0,22.365549087524414
2002-12-09,32.92499923706055,32.42499923706055,32.70000076293945,32.459999084472656,460200.0,22.208189010620117
2002-12-10,32.400001525878906,31.799999237060547,32.125,32.189998626708984,486000.0,22.023462295532227
2002-12-11,32.19499969482422,31.350000381469727,32.19499969482422,31.7549991607666,652600.0,21.725847244262695
2002-12-12,31.84000015258789,31.155000686645508,31.80500030517578,31.3700008392334,805000.0,21.46244239807129
2002-12-13,31.40999984741211,30.7450008392334,31.225000381469727,30.7450008392334,908200.0,21.034826278686523
2002-12-16,31.03499984741211,30.600000381469727,30.950000762939453,30.75,1400400.0,21.038253784179688
2002-12-17,30.75,30.174999237060547,30.75,30.174999237060547,532400.0,20.64485740661621
2002-12-18,30.524999618530273,30.149999618530273,30.200000762939453,30.354999542236328,394000.0,20.76800537109375
2002-12-19,30.540000915527344,30.219999313354492,30.450000762939453,30.440000534057617,531800.0,20.8261661529541
2002-12-20,30.434999465942383,30.0049991607666,30.350000381469727,30.43000030517578,481000.0,20.819318771362305
2002-12-23,30.80500030517578,30.049999237060547,30.30500030517578,30.479999542236328,541400.0,20.853530883789062
2002-12-24,30.565000534057617,30.25,30.479999542236328,30.309999465942383,111400.0,20.737220764160156
2002-12-26,30.774999618530273,30.350000381469727,30.389999389648438,30.399999618530273,229000.0,20.798789978027344
2002-12-27,30.399999618530273,29.94499969482422,30.350000381469727,30.020000457763672,293200.0,20.538808822631836
2002-12-30,30.6299991607666,30.110000610351562,30.25,30.5,418600.0,20.867212295532227
2002-12-31,30.75,30.170000076293945,30.575000762939453,30.625,337600.0,20.952728271484375
2003-01-02,31.53499984741211,30.625,30.674999237060547,30.934999465942383,974800.0,21.16482925415039
2003-01-03,30.844999313354492,30.385000228881836,30.735000610351562,30.579999923706055,707600.0,20.92194175720215
2003-01-06,32.165000915527344,31.524999618530273,31.524999618530273,31.979999542236328,1089800.0,21.87978744506836
2003-01-07,31.969999313354492,31.450000762939453,31.93000030517578,31.610000610351562,604200.0,21.626644134521484
2003-01-08,31.969999313354492,31.399999618530273,31.674999237060547,31.405000686645508,525600.0,21.48638343811035
2003-01-09,32.0,31.25,31.5049991607666,32.0,998200.0,21.89346694946289
2003-01-10,31.920000076293945,31.475000381469727,31.875,31.7549991607666,298400.0,21.725847244262695
2003-01-13,31.80500030517578,31.53499984741211,31.6299991607666,31.579999923706055,361000.0,21.60611915588379
2003-01-14,31.575000762939453,30.815000534057617,31.575000762939453,31.09000015258789,740000.0,21.270872116088867
2003-01-15,31.235000610351562,30.905000686645508,31.149999618530273,31.114999771118164,509400.0,21.287982940673828
2003-01-16,31.665000915527344,31.125,31.135000228881836,31.610000610351562,503200.0,21.626644134521484
2003-01-17,31.985000610351562,31.600000381469727,31.614999771118164,31.940000534057617,748400.0,21.852415084838867
2003-01-21,32.404998779296875,31.645000457763672,31.94499969482422,31.68000030517578,546400.0,21.674530029296875
2003-01-22,32.19499969482422,31.524999618530273,31.774999618530273,31.549999237060547,479800.0,21.58559799194336
2003-01-23,31.71500015258789,31.325000762939453,31.6299991607666,31.4950008392334,469200.0,21.54796600341797
2003-01-24,31.649999618530273,31.155000686645508,31.5,31.209999084472656,657600.0,21.35297203063965
2003-01-27,31.43000030517578,30.850000381469727,31.209999084472656,30.885000228881836,564000.0,21.13062286376953
2003-01-28,31.075000762939453,30.559999465942383,30.885000228881836,30.834999084472656,688600.0,21.096412658691406
2003-01-29,30.84000015258789,30.0,30.84000015258789,30.030000686645508,1405800.0,20.545644760131836
2003-01-30,30.03499984741211,29.125,30.03499984741211,29.459999084472656,1336400.0,20.15567398071289
2003-01-31,30.299999237060547,29.415000915527344,29.459999084472656,30.100000381469727,432000.0,20.593547821044922
2003-02-03,30.729999542236328,29.950000762939453,29.975000381469727,30.225000381469727,691200.0,20.679065704345703
2003-02-04,30.2549991607666,29.5,30.225000381469727,29.760000228881836,745000.0,20.360923767089844
2003-02-05,30.075000762939453,29.5,29.760000228881836,29.719999313354492,798600.0,20.333553314208984
2003-02-06,29.725000381469727,24.709999084472656,29.725000381469727,25.299999237060547,8609200.0,17.309528350830078
2003-02-07,26.200000762939453,25.3799991607666,25.799999237060547,25.600000381469727,5055000.0,17.514772415161133
2003-02-10,25.875,24.81999969482422,25.725000381469727,25.125,1748000.0,17.189794540405273
2003-02-11,25.299999237060547,24.479999542236328,25.200000762939453,24.614999771118164,1543800.0,16.84086799621582
2003-02-12,24.875,24.344999313354492,24.625,24.40999984741211,778000.0,16.700607299804688
2003-02-13,24.700000762939453,24.315000534057617,24.450000762939453,24.424999237060547,731800.0,16.710872650146484
2003-02-14,24.739999771118164,24.149999618530273,24.424999237060547,24.31999969482422,890000.0,16.639034271240234
2003-02-18,24.635000228881836,24.350000381469727,24.40999984741211,24.59000015258789,768800.0,16.823762893676758
2003-02-19,24.59000015258789,23.6200008392334,24.59000015258789,23.8799991607666,1461000.0,16.338001251220703
2003-02-20,24.375,23.625,24.375,23.71500015258789,1185400.0,16.225107192993164
2003-02-21,24.440000534057617,23.700000762939453,23.764999389648438,24.2549991607666,1256400.0,16.594566345214844
2003-02-24,24.469999313354492,24.100000381469727,24.350000381469727,24.1299991607666,930400.0,16.50904083251953
2003-02-25,24.024999618530273,23.540000915527344,23.825000762939453,23.780000686645508,1390600.0,16.269588470458984
2003-02-26,24.2450008392334,23.514999389648438,23.7549991607666,24.184999465942383,1185200.0,16.618309020996094
2003-02-27,24.424999237060547,24.15999984741211,24.204999923706055,24.225000381469727,1159000.0,16.645788192749023
2003-02-28,24.375,24.0,24.344999313354492,24.049999237060547,638000.0,16.525537490844727
2003-03-03,24.375,23.7450008392334,24.1299991607666,23.875,942400.0,16.40529441833496
2003-03-04,23.950000762939453,23.424999237060547,23.8700008392334,23.5,742200.0,16.14761734008789
2003-03-05,23.5,22.924999237060547,23.5,23.155000686645508,933400.0,15.910557746887207
2003-03-06,23.375,22.924999237060547,23.155000686645508,23.30500030517578,910000.0,16.013626098632812
2003-03-07,23.530000686645508,23.024999618530273,23.125,23.479999542236328,970800.0,16.133874893188477
2003-03-10,23.424999237060547,23.030000686645508,23.424999237060547,23.075000762939453,1067800.0,15.8555908203125
2003-03-11,23.420000076293945,23.084999084472656,23.084999084472656,23.25,643400.0,15.975835800170898
2003-03-12,23.375,23.110000610351562,23.25,23.375,546400.0,16.06172752380371
2003-03-13,23.81999969482422,23.475000381469727,23.559999465942383,23.604999542236328,561800.0,16.21977424621582
2003-03-14,23.78499984741211,23.4950008392334,23.719999313354492,23.65999984741211,482200.0,16.2575626373291
2003-03-17,24.06999969482422,23.424999237060547,23.559999465942383,24.06999969482422,708600.0,16.53927993774414
2003-03-18,24.05500030517578,23.6200008392334,24.049999237060547,23.864999771118164,685600.0,16.398420333862305
2003-03-19,23.9950008392334,23.700000762939453,23.864999771118164,23.959999084472656,655000.0,16.463699340820312
2003-03-20,23.934999465942383,23.514999389648438,23.934999465942383,23.799999237060547,1104600.0,16.353755950927734
2003-03-21,24.520000457763672,23.94499969482422,24.075000762939453,24.46500015258789,1241400.0,16.81070327758789
2003-03-24,24.385000228881836,23.729999542236328,24.364999771118164,23.889999389648438,851200.0,16.415597915649414
2003-03-25,24.020000457763672,23.635000228881836,23.854999542236328,23.875,807800.0,16.40529441833496
2003-03-26,24.030000686645508,23.69499969482422,23.850000381469727,23.959999084472656,546000.0,16.463699340820312
2003-03-27,23.895000457763672,23.424999237060547,23.84000015258789,23.844999313354492,930800.0,16.384679794311523
2003-03-28,24.040000915527344,23.774999618530273,23.774999618530273,24.0,1040400.0,16.491180419921875
2003-03-31,24.3700008392334,23.829999923706055,23.950000762939453,24.25,976000.0,16.662967681884766
2003-04-01,24.469999313354492,24.239999771118164,24.299999237060547,24.385000228881836,1045000.0,16.755735397338867
2003-04-02,24.815000534057617,24.469999313354492,24.575000762939453,24.735000610351562,571200.0,16.996231079101562
2003-04-03,24.920000076293945,24.670000076293945,24.809999465942383,24.815000534057617,562600.0,17.05119514465332
2003-04-04,25.174999237060547,24.75,24.924999237060547,24.864999771118164,534800.0,17.085552215576172
2003-04-07,25.485000610351562,24.559999465942383,25.149999618530273,24.579999923706055,703800.0,16.889728546142578
2003-04-08,24.78499984741211,24.3700008392334,24.524999618530273,24.5,515400.0,16.834754943847656
2003-04-09,24.670000076293945,23.979999542236328,24.5,24.165000915527344,637600.0,16.60455894470215
2003-04-10,24.21500015258789,23.975000381469727,24.065000534057617,24.1200008392334,486600.0,16.573640823364258
2003-04-11,24.719999313354492,24.2450008392334,24.2450008392334,24.674999237060547,722000.0,16.95499610900879
2003-04-14,25.225000381469727,24.68000030517578,24.68000030517578,25.145000457763672,604200.0,17.277952194213867
2003-04-15,25.2549991607666,24.899999618530273,25.190000534057617,25.104999542236328,633200.0,17.25046157836914
2003-04-16,25.100000381469727,24.639999389648438,25.100000381469727,24.674999237060547,915200.0,16.95499610900879
2003-04-17,24.979999542236328,24.674999237060547,24.674999237060547,24.799999237060547,679800.0,17.0408878326416
2003-04-21,25.049999237060547,24.684999465942383,24.700000762939453,24.809999465942383,492600.0,17.04776382446289
2003-04-22,25.395000457763672,24.665000915527344,24.81999969482422,25.260000228881836,1110800.0,17.356977462768555
2003-04-23,25.78499984741211,24.920000076293945,25.299999237060547,25.75,1485600.0,17.69366455078125
2003-04-24,25.110000610351562,24.30500030517578,24.975000381469727,24.395000457763672,2109000.0,16.762601852416992
2003-04-25,24.55500030517578,24.280000686645508,24.350000381469727,24.3700008392334,785400.0,16.745426177978516
2003-04-28,24.875,24.399999618530273,24.450000762939453,24.735000610351562,728800.0,16.996231079101562
2003-04-29,26.395000457763672,23.6299991607666,23.954999923706055,26.344999313354492,5007000.0,18.102506637573242
2003-04-30,27.0,26.485000610351562,26.600000381469727,26.764999389648438,3660800.0,18.391101837158203
2003-05-01,26.764999389648438,25.799999237060547,26.764999389648438,26.4950008392334,1615600.0,18.205577850341797
2003-05-02,26.725000381469727,26.385000228881836,26.450000762939453,26.53499984741211,719600.0,18.233064651489258
2003-05-05,26.68000030517578,26.145000457763672,26.53499984741211,26.25,736600.0,18.037229537963867
2003-05-06,26.524999618530273,26.06999969482422,26.174999237060547,26.395000457763672,612000.0,18.136871337890625
2003-05-07,26.7450008392334,26.350000381469727,26.46500015258789,26.575000762939453,463000.0,18.26055335998535
2003-05-08,26.600000381469727,26.110000610351562,26.575000762939453,26.3700008392334,394000.0,18.119688034057617
2003-05-09,26.875,26.360000610351562,26.399999618530273,26.69499969482422,671200.0,18.343002319335938
2003-05-12,26.854999542236328,26.545000076293945,26.69499969482422,26.579999923706055,546400.0,18.26398468017578
2003-05-13,26.635000228881836,26.405000686645508,26.549999237060547,26.594999313354492,430600.0,18.274288177490234
2003-05-14,26.889999389648438,26.2549991607666,26.8700008392334,26.280000686645508,666600.0,18.057846069335938
2003-05-15,26.565000534057617,26.25,26.405000686645508,26.545000076293945,511400.0,18.23992919921875
2003-05-16,26.299999237060547,25.424999237060547,25.80500030517578,26.045000076293945,1450400.0,17.8963680267334
2003-05-19,26.014999389648438,25.829999923706055,25.920000076293945,25.940000534057617,351000.0,17.82422637939453
2003-05-20,26.200000762939453,25.709999084472656,26.03499984741211,26.014999389648438,468600.0,17.875762939453125
2003-05-21,26.030000686645508,25.594999313354492,26.0,25.844999313354492,471600.0,17.758943557739258
2003-05-22,25.96500015258789,25.645000457763672,25.844999313354492,25.860000610351562,417600.0,17.76925277709961
2003-05-23,26.399999618530273,25.774999618530273,25.809999465942383,25.985000610351562,753200.0,17.855138778686523
2003-05-27,26.420000076293945,25.889999389648438,25.985000610351562,26.290000915527344,947000.0,18.064720153808594
2003-05-28,27.045000076293945,26.1200008392334,26.184999465942383,27.0049991607666,1567000.0,18.628652572631836
2003-05-29,27.399999618530273,26.90999984741211,27.100000381469727,27.03499984741211,907000.0,18.64934539794922
2003-05-30,27.649999618530273,27.030000686645508,27.075000762939453,27.540000915527344,1001800.0,18.997695922851562
2003-06-02,27.670000076293945,27.450000762939453,27.575000762939453,27.559999465942383,905600.0,19.011489868164062
2003-06-03,27.524999618530273,26.8700008392334,27.524999618530273,27.06999969482422,1035000.0,18.67349624633789
2003-06-04,27.350000381469727,27.084999084472656,27.100000381469727,27.200000762939453,366000.0,18.76316261291504
2003-06-05,27.610000610351562,27.15999984741211,27.225000381469727,27.5,469600.0,18.970111846923828
2003-06-06,27.649999618530273,27.014999389648438,27.475000381469727,27.219999313354492,1435000.0,18.776952743530273
2003-06-09,27.21500015258789,26.825000762939453,27.0,27.079999923706055,1069200.0,18.680377960205078
2003-06-10,27.075000762939453,26.700000762939453,27.075000762939453,27.0,883200.0,18.625186920166016
2003-06-11,27.149999618530273,26.725000381469727,27.100000381469727,26.875,758600.0,18.538972854614258
2003-06-12,26.975000381469727,26.40999984741211,26.975000381469727,26.674999237060547,1241800.0,18.401010513305664
2003-06-13,26.854999542236328,26.524999618530273,26.725000381469727,26.760000228881836,820600.0,18.459640502929688
2003-06-16,26.9950008392334,26.770000457763672,26.799999237060547,26.989999771118164,496000.0,18.618295669555664
2003-06-17,27.125,26.684999465942383,27.024999618530273,26.7450008392334,390800.0,18.44928741455078
2003-06-18,26.899999618530273,26.424999237060547,26.424999237060547,26.790000915527344,518800.0,18.4803409576416
2003-06-19,26.7549991607666,25.5,26.7549991607666,25.53499984741211,2234200.0,17.614608764648438
2003-06-20,25.65999984741211,25.065000534057617,25.604999542236328,25.184999465942383,1838600.0,17.373178482055664
2003-06-23,25.0049991607666,24.559999465942383,24.950000762939453,24.725000381469727,1378800.0,17.055849075317383
2003-06-24,25.079999923706055,24.459999084472656,24.459999084472656,24.809999465942383,1481000.0,17.114484786987305
2003-06-25,25.079999923706055,24.5,24.899999618530273,24.514999389648438,1090600.0,16.910993576049805
2003-06-26,24.684999465942383,24.405000686645508,24.524999618530273,24.6200008392334,809800.0,16.983415603637695
2003-06-27,24.649999618530273,24.325000762939453,24.649999618530273,24.325000762939453,1018600.0,16.779916763305664
2003-06-30,24.649999618530273,24.200000762939453,24.325000762939453,24.489999771118164,1135800.0,16.89374351501465
2003-07-01,24.75,24.375,24.450000762939453,24.600000381469727,790000.0,16.96962547302246
2003-07-02,24.774999618530273,24.459999084472656,24.600000381469727,24.665000915527344,816400.0,17.014463424682617
2003-07-03,24.774999618530273,24.5049991607666,24.540000915527344,24.610000610351562,540000.0,16.976520538330078
2003-07-07,25.125,24.665000915527344,24.674999237060547,24.96500015258789,1061400.0,17.22141456604004
2003-07-08,24.96500015258789,24.424999237060547,24.96500015258789,24.78499984741211,2590000.0,17.09723663330078
2003-07-09,24.84000015258789,24.655000686645508,24.725000381469727,24.790000915527344,1415200.0,17.100698471069336
2003-07-10,24.799999237060547,24.6299991607666,24.75,24.770000457763672,1106600.0,17.08689308166504
2003-07-11,24.975000381469727,24.459999084472656,24.700000762939453,24.469999313354492,719600.0,16.879941940307617
2003-07-14,24.649999618530273,24.0,24.625,24.040000915527344,1158400.0,16.583328247070312
2003-07-15,24.25,23.950000762939453,24.045000076293945,24.18000030517578,651600.0,16.67989158630371
2003-07-16,24.450000762939453,23.959999084472656,24.30500030517578,24.065000534057617,708000.0,16.60057258605957
2003-07-17,24.354999542236328,24.0,24.0,24.299999237060547,786400.0,16.762672424316406
2003-07-18,24.670000076293945,24.135000228881836,24.424999237060547,24.600000381469727,604000.0,16.96962547302246
2003-07-21,24.665000915527344,24.299999237060547,24.665000915527344,24.399999618530273,505600.0,16.831666946411133
2003-07-22,24.875,24.44499969482422,24.5,24.790000915527344,1019800.0,17.100698471069336
2003-07-23,25.084999084472656,24.674999237060547,24.875,24.96500015258789,1103000.0,17.22141456604004
2003-07-24,26.200000762939453,24.7549991607666,25.540000915527344,24.799999237060547,5092600.0,17.10758399963379
2003-07-25,25.764999389648438,24.674999237060547,24.799999237060547,25.71500015258789,1399200.0,17.73877716064453
2003-07-28,26.045000076293945,25.71500015258789,25.71500015258789,25.989999771118164,1432800.0,17.928470611572266
2003-07-29,26.149999618530273,25.799999237060547,26.0,26.024999618530273,948400.0,17.952621459960938
2003-07-30,26.18000030517578,25.809999465942383,26.100000381469727,25.850000381469727,594400.0,17.83190155029297
2003-07-31,26.3700008392334,25.674999237060547,25.975000381469727,25.690000534057617,871600.0,17.721534729003906
2003-08-01,25.899999618530273,25.5,25.649999618530273,25.780000686645508,733200.0,17.78361701965332
2003-08-04,25.780000686645508,25.5049991607666,25.780000686645508,25.700000762939453,564400.0,17.728425979614258
2003-08-05,25.75,25.405000686645508,25.674999237060547,25.46500015258789,461000.0,17.566320419311523
2003-08-06,25.489999771118164,25.274999618530273,25.46500015258789,25.43000030517578,400600.0,17.542171478271484
2003-08-07,25.7549991607666,25.30500030517578,25.4950008392334,25.700000762939453,356600.0,17.728425979614258
2003-08-08,26.0,25.59000015258789,25.674999237060547,26.0,626200.0,17.935375213623047
2003-08-11,26.075000762939453,25.735000610351562,26.0,25.860000610351562,356200.0,17.83880043029785
2003-08-12,26.549999237060547,25.959999084472656,25.985000610351562,26.549999237060547,921600.0,18.31477928161621
2003-08-13,26.735000610351562,26.43000030517578,26.735000610351562,26.5049991607666,697400.0,18.283733367919922
2003-08-14,26.600000381469727,26.424999237060547,26.5049991607666,26.520000457763672,395200.0,18.29408073425293
2003-08-15,26.575000762939453,26.5,26.520000457763672,26.549999237060547,171800.0,18.31477928161621
2003-08-18,26.739999771118164,26.5,26.729999542236328,26.524999618530273,384400.0,18.297542572021484
2003-08-19,26.549999237060547,26.424999237060547,26.5,26.510000228881836,454600.0,18.28718376159668
2003-08-20,26.540000915527344,26.309999465942383,26.510000228881836,26.325000762939453,215000.0,18.15956687927246
2003-08-21,26.75,26.274999618530273,26.329999923706055,26.530000686645508,753800.0,18.300981521606445
2003-08-22,26.774999618530273,26.434999465942383,26.649999618530273,26.450000762939453,480400.0,18.245798110961914
2003-08-25,26.549999237060547,26.399999618530273,26.5,26.450000762939453,267200.0,18.245798110961914
2003-08-26,26.375,26.0049991607666,26.325000762939453,26.184999465942383,463800.0,18.062992095947266
2003-08-27,27.25,26.700000762939453,27.0,27.204999923706055,1707200.0,18.84036636352539
2003-08-28,27.469999313354492,26.834999084472656,27.239999771118164,27.395000457763672,538000.0,18.971948623657227
2003-08-29,27.719999313354492,27.3700008392334,27.375,27.575000762939453,407600.0,19.096595764160156
2003-09-02,28.530000686645508,27.524999618530273,27.575000762939453,28.530000686645508,812000.0,19.757966995239258
2003-09-03,28.825000762939453,28.260000228881836,28.825000762939453,28.295000076293945,816000.0,19.595218658447266
2003-09-04,28.415000915527344,28.079999923706055,28.100000381469727,28.264999389648438,419800.0,19.574443817138672
2003-09-05,28.4950008392334,28.09000015258789,28.264999389648438,28.200000762939453,292600.0,19.52943229675293
2003-09-08,28.170000076293945,27.799999237060547,28.149999618530273,27.94499969482422,567000.0,19.352834701538086
2003-09-09,27.94499969482422,27.084999084472656,27.94499969482422,27.485000610351562,406200.0,19.03426742553711
2003-09-10,27.434999465942383,27.239999771118164,27.434999465942383,27.3799991607666,538400.0,18.961551666259766
2003-09-11,27.559999465942383,27.229999542236328,27.43000030517578,27.364999771118164,297200.0,18.951168060302734
2003-09-12,27.350000381469727,27.1299991607666,27.350000381469727,27.21500015258789,391800.0,18.8472843170166
2003-09-15,27.25,27.0049991607666,27.25,27.059999465942383,773400.0,18.73995018005371
2003-09-16,27.219999313354492,27.024999618530273,27.125,27.114999771118164,435000.0,18.77802848815918
2003-09-17,27.204999923706055,27.030000686645508,27.1200008392334,27.084999084472656,591400.0,18.75725746154785
2003-09-18,27.389999389648438,27.09000015258789,27.135000228881836,27.354999542236328,391400.0,18.944242477416992
2003-09-19,27.584999084472656,27.334999084472656,27.364999771118164,27.424999237060547,326400.0,18.992717742919922
2003-09-22,27.364999771118164,27.065000534057617,27.309999465942383,27.100000381469727,365800.0,18.76764678955078
2003-09-23,27.274999618530273,26.875,26.934999465942383,27.274999618530273,360600.0,18.888835906982422
2003-09-24,27.325000762939453,26.975000381469727,27.274999618530273,27.024999618530273,334600.0,18.7157039642334
2003-09-25,27.139999389648438,26.899999618530273,27.030000686645508,26.940000534057617,351000.0,18.65683937072754
2003-09-26,26.989999771118164,26.700000762939453,26.940000534057617,26.799999237060547,516600.0,18.559890747070312
2003-09-29,27.040000915527344,26.799999237060547,26.799999237060547,27.020000457763672,390600.0,18.71224594116211
2003-09-30,27.020000457763672,26.735000610351562,27.020000457763672,26.8799991607666,471600.0,18.615291595458984
2003-10-01,27.325000762939453,26.834999084472656,26.889999389648438,27.325000762939453,494800.0,18.923463821411133
2003-10-02,27.329999923706055,26.934999465942383,27.329999923706055,27.059999465942383,539200.0,18.73995018005371
2003-10-03,27.350000381469727,27.135000228881836,27.184999465942383,27.309999465942383,567600.0,18.913076400756836
2003-10-06,27.40999984741211,27.15999984741211,27.260000228881836,27.315000534057617,320200.0,18.916547775268555
2003-10-07,27.4950008392334,27.31999969482422,27.344999313354492,27.375,496400.0,18.95808982849121
2003-10-08,27.5,27.18000030517578,27.375,27.5,589400.0,19.044660568237305
2003-10-09,28.375,27.7549991607666,27.875,28.299999237060547,1442600.0,19.598691940307617
2003-10-10,28.850000381469727,28.21500015258789,28.225000381469727,28.709999084472656,1127200.0,19.882625579833984
2003-10-13,29.06999969482422,28.625,28.709999084472656,29.0,869600.0,20.083454132080078
2003-10-14,28.5,28.149999618530273,28.18000030517578,28.375,1993600.0,19.650625228881836
2003-10-15,28.5,28.209999084472656,28.424999237060547,28.30500030517578,874200.0,19.602149963378906
2003-10-16,28.0,27.700000762939453,27.700000762939453,27.979999542236328,1409600.0,19.377071380615234
2003-10-17,28.15999984741211,27.809999465942383,28.075000762939453,27.940000534057617,1172600.0,19.349374771118164
2003-10-20,27.5,26.920000076293945,27.5,27.149999618530273,2378800.0,18.802274703979492
2003-10-21,27.274999618530273,27.020000457763672,27.274999618530273,27.1299991607666,697600.0,18.788423538208008
2003-10-22,27.135000228881836,26.344999313354492,27.135000228881836,26.575000762939453,1363000.0,18.40406608581543
2003-10-23,27.549999237060547,26.34000015258789,27.25,27.5,2461000.0,19.044660568237305
2003-10-24,27.3799991607666,26.94499969482422,27.260000228881836,27.2549991607666,974400.0,18.87498664855957
2003-10-27,27.299999237060547,26.899999618530273,27.299999237060547,27.040000915527344,809600.0,18.72609519958496
2003-10-28,27.604999542236328,27.059999465942383,27.100000381469727,27.59000015258789,656400.0,19.10698890686035
2003-10-29,28.045000076293945,27.55500030517578,27.614999771118164,28.03499984741211,779600.0,19.4151611328125
2003-10-30,27.8799991607666,27.325000762939453,27.875,27.575000762939453,1412800.0,19.096595764160156
2003-10-31,28.05500030517578,27.565000534057617,27.565000534057617,28.024999618530273,734800.0,19.408233642578125
2003-11-03,28.200000762939453,27.84000015258789,28.024999618530273,27.940000534057617,698400.0,19.349374771118164
2003-11-04,28.030000686645508,27.81999969482422,27.940000534057617,27.8799991607666,399000.0,19.307825088500977
2003-11-05,27.969999313354492,27.549999237060547,27.875,27.84000015258789,379200.0,19.280126571655273
2003-11-06,28.190000534057617,27.71500015258789,27.924999237060547,28.149999618530273,727200.0,19.494808197021484
2003-11-07,28.399999618530273,27.975000381469727,28.155000686645508,28.0049991607666,984000.0,19.394384384155273
2003-11-10,28.149999618530273,28.0,28.0,28.125,541000.0,19.477495193481445
2003-11-11,28.5,28.100000381469727,28.125,28.450000762939453,606800.0,19.702564239501953
2003-11-12,28.729999542236328,28.3799991607666,28.475000381469727,28.700000762939453,770600.0,19.875699996948242
2003-11-13,28.829999923706055,28.579999923706055,28.649999618530273,28.829999923706055,447800.0,19.965728759765625
2003-11-14,28.770000457763672,28.375,28.770000457763672,28.440000534057617,474600.0,19.695640563964844
2003-11-17,28.479999542236328,28.229999542236328,28.434999465942383,28.434999465942383,240400.0,19.692180633544922
2003-11-18,28.540000915527344,28.280000686645508,28.459999084472656,28.299999237060547,341600.0,19.598691940307617
2003-11-19,27.854999542236328,27.420000076293945,27.774999618530273,27.825000762939453,1423400.0,19.269733428955078
2003-11-20,27.850000381469727,27.59000015258789,27.799999237060547,27.625,762000.0,19.13123321533203
2003-11-21,27.700000762939453,27.46500015258789,27.674999237060547,27.510000228881836,747600.0,19.05158042907715
2003-11-24,27.594999313354492,27.489999771118164,27.524999618530273,27.579999923706055,929200.0,19.100069046020508
2003-11-25,27.545000076293945,27.399999618530273,27.399999618530273,27.489999771118164,868400.0,19.108755111694336
2003-11-26,27.56999969482422,27.399999618530273,27.4950008392334,27.565000534057617,435800.0,19.160892486572266
2003-11-28,27.559999465942383,27.3700008392334,27.524999618530273,27.55500030517578,218200.0,19.153928756713867
2003-12-01,27.6200008392334,27.459999084472656,27.524999618530273,27.594999313354492,712200.0,19.18174171447754
2003-12-02,27.604999542236328,27.424999237060547,27.559999465942383,27.524999618530273,524800.0,19.133081436157227
2003-12-03,27.774999618530273,27.5,27.5,27.75,887400.0,19.289485931396484
2003-12-04,27.774999618530273,27.395000457763672,27.625,27.489999771118164,541000.0,19.108755111694336
2003-12-05,27.524999618530273,27.21500015258789,27.489999771118164,27.219999313354492,626000.0,18.921066284179688
2003-12-08,27.594999313354492,27.219999313354492,27.225000381469727,27.559999465942383,655400.0,19.15740394592285
2003-12-09,28.2450008392334,27.625,27.625,28.125,910400.0,19.55014991760254
2003-12-10,28.375,28.075000762939453,28.125,28.25,745200.0,19.637041091918945
2003-12-11,28.81999969482422,28.149999618530273,28.25,28.764999389648438,782800.0,19.995033264160156
2003-12-12,28.674999237060547,28.239999771118164,28.674999237060547,28.354999542236328,606400.0,19.710023880004883
2003-12-15,28.799999237060547,28.5,28.524999618530273,28.549999237060547,445200.0,19.84557342529297
2003-12-16,28.75,28.399999618530273,28.549999237060547,28.665000915527344,505600.0,19.92551612854004
2003-12-17,28.610000610351562,28.3700008392334,28.565000534057617,28.43000030517578,369400.0,19.762149810791016
2003-12-18,28.604999542236328,28.100000381469727,28.43000030517578,28.4950008392334,766800.0,19.807342529296875
2003-12-19,28.575000762939453,27.93000030517578,28.575000762939453,27.9950008392334,825400.0,19.45979118347168
2003-12-22,28.09000015258789,27.829999923706055,27.94499969482422,28.09000015258789,554000.0,19.525819778442383
2003-12-23,28.28499984741211,28.09000015258789,28.09000015258789,28.270000457763672,432200.0,19.650943756103516
2003-12-24,28.239999771118164,28.100000381469727,28.204999923706055,28.110000610351562,76400.0,19.53972053527832
2003-12-26,28.200000762939453,28.049999237060547,28.114999771118164,28.05500030517578,72600.0,19.501497268676758
2003-12-29,28.225000381469727,27.9950008392334,28.125,28.06999969482422,604400.0,19.511913299560547
2003-12-30,28.229999542236328,28.03499984741211,28.06999969482422,28.049999237060547,398000.0,19.498010635375977
2003-12-31,28.125,28.0,28.0,28.049999237060547,773800.0,19.498010635375977
2004-01-02,28.094999313354492,27.75,28.06999969482422,27.8700008392334,403200.0,19.372900009155273
2004-01-05,28.155000686645508,27.924999237060547,27.924999237060547,28.145000457763672,506400.0,19.564056396484375
2004-01-06,28.145000457763672,27.725000381469727,28.145000457763672,27.764999389648438,831400.0,19.299903869628906
2004-01-07,27.69499969482422,27.260000228881836,27.69499969482422,27.290000915527344,1310000.0,18.969728469848633
2004-01-08,27.375,26.950000762939453,27.350000381469727,26.989999771118164,966600.0,18.761192321777344
2004-01-09,27.094999313354492,26.864999771118164,26.864999771118164,26.94499969482422,506600.0,18.729909896850586
2004-01-12,27.3700008392334,26.989999771118164,27.06999969482422,27.30500030517578,792800.0,18.980152130126953
2004-01-13,27.3700008392334,27.190000534057617,27.299999237060547,27.2450008392334,657600.0,18.938451766967773
2004-01-14,27.229999542236328,26.985000610351562,27.225000381469727,27.170000076293945,844400.0,18.886314392089844
2004-01-15,27.344999313354492,27.125,27.170000076293945,27.2450008392334,757600.0,18.938451766967773
2004-01-16,27.325000762939453,27.18000030517578,27.25,27.239999771118164,756200.0,18.934974670410156
2004-01-20,27.690000534057617,27.235000610351562,27.364999771118164,27.65999984741211,1850400.0,19.226917266845703
2004-01-21,27.825000762939453,27.625,27.684999465942383,27.75,496600.0,19.289485931396484
2004-01-22,27.905000686645508,27.635000228881836,27.674999237060547,27.885000228881836,643400.0,19.383317947387695
2004-01-23,27.895000457763672,27.739999771118164,27.875,27.850000381469727,866400.0,19.358991622924805
2004-01-26,27.975000381469727,27.674999237060547,27.875,27.899999618530273,517800.0,19.39374542236328
2004-01-27,28.174999237060547,27.7549991607666,27.950000762939453,28.094999313354492,476000.0,19.529293060302734
2004-01-28,28.375,27.989999771118164,28.049999237060547,28.25,1326000.0,19.637041091918945
2004-01-29,28.59000015258789,28.399999618530273,28.475000381469727,28.540000915527344,1028800.0,19.838624954223633
2004-01-30,28.334999084472656,27.979999542236328,28.190000534057617,28.270000457763672,1193000.0,19.650943756103516
2004-02-02,28.440000534057617,28.200000762939453,28.325000762939453,28.350000381469727,567800.0,19.706546783447266
2004-02-03,28.399999618530273,28.125,28.399999618530273,28.204999923706055,2497000.0,19.605756759643555
2004-02-04,28.270000457763672,27.90999984741211,28.100000381469727,27.959999084472656,1519600.0,19.435449600219727
2004-02-05,31.334999084472656,28.475000381469727,29.899999618530273,30.75,9939800.0,21.374828338623047
2004-02-06,31.31999969482422,30.625,30.625,31.145000457763672,1999400.0,21.649402618408203
2004-02-09,32.005001068115234,30.875,30.875,31.6200008392334,1715000.0,21.979585647583008
2004-02-10,32.60499954223633,31.524999618530273,31.65999984741211,32.36000061035156,1953400.0,22.493976593017578
2004-02-11,32.709999084472656,32.27000045776367,32.48500061035156,32.625,1072600.0,22.678173065185547
2004-02-12,32.79999923706055,32.52000045776367,32.599998474121094,32.52000045776367,1104400.0,22.60518455505371
2004-02-13,32.470001220703125,31.950000762939453,32.470001220703125,32.17499923706055,915000.0,22.36536979675293
2004-02-17,32.529998779296875,31.989999771118164,32.0,32.34000015258789,1206800.0,22.48006248474121
2004-02-18,32.4900016784668,32.18000030517578,32.21500015258789,32.41999816894531,739800.0,22.53567123413086
2004-02-19,32.685001373291016,32.349998474121094,32.599998474121094,32.36000061035156,546800.0,22.493976593017578
2004-02-20,32.91999816894531,32.29999923706055,32.310001373291016,32.810001373291016,1305200.0,22.806777954101562
2004-02-23,33.17499923706055,32.70500183105469,32.79499816894531,33.125,1014600.0,23.025737762451172
2004-02-24,33.2599983215332,32.91999816894531,33.125,33.189998626708984,880000.0,23.070919036865234
2004-02-25,33.119998931884766,32.900001525878906,33.084999084472656,33.07500076293945,787200.0,23.06219482421875
2004-02-26,33.26499938964844,32.959999084472656,33.0,33.2599983215332,488200.0,23.191192626953125
2004-02-27,34.04499816894531,33.255001068115234,33.2599983215332,33.88999938964844,1281000.0,23.630474090576172
2004-03-01,34.2400016784668,33.75,33.82500076293945,34.18000030517578,744600.0,23.832683563232422
2004-03-02,34.349998474121094,33.56999969482422,34.30500030517578,33.6349983215332,1443400.0,23.452678680419922
2004-03-03,33.3849983215332,33.025001525878906,33.025001525878906,33.3849983215332,1906600.0,23.27834701538086
2004-03-04,33.314998626708984,33.119998931884766,33.28499984741211,33.25,877600.0,23.18422508239746
2004-03-05,33.595001220703125,33.07500076293945,33.125,33.1150016784668,960800.0,23.090097427368164
2004-03-08,33.29499816894531,32.95000076293945,33.064998626708984,33.025001525878906,1089200.0,23.0273380279541
2004-03-09,33.099998474121094,32.525001525878906,33.060001373291016,32.720001220703125,1510800.0,22.814672470092773
2004-03-10,33.0,32.5099983215332,32.75,32.755001068115234,1085600.0,22.83907699584961
2004-03-11,33.41999816894531,32.68000030517578,32.755001068115234,33.2599983215332,1524400.0,23.191192626953125
2004-03-12,33.69499969482422,33.029998779296875,33.2599983215332,33.69499969482422,1319000.0,23.494504928588867
2004-03-15,33.814998626708984,33.165000915527344,33.64500045776367,33.29999923706055,885200.0,23.21908187866211
2004-03-16,33.474998474121094,33.2599983215332,33.29999923706055,33.30500030517578,620600.0,23.22256851196289
2004-03-17,33.59000015258789,33.369998931884766,33.375,33.51499938964844,544400.0,23.36899757385254
2004-03-18,33.4900016784668,32.849998474121094,33.38999938964844,33.27000045776367,678200.0,23.198171615600586
2004-03-19,33.994998931884766,33.35499954223633,33.42499923706055,33.880001068115234,705000.0,23.623491287231445
2004-03-22,33.8849983215332,33.43000030517578,33.8849983215332,33.72999954223633,787600.0,23.518918991088867
2004-03-23,34.099998474121094,33.755001068115234,33.810001373291016,33.904998779296875,850400.0,23.640932083129883
2004-03-24,34.130001068115234,33.6150016784668,33.90999984741211,33.71500015258789,1149000.0,23.50844955444336
2004-03-25,33.689998626708984,33.119998931884766,33.689998626708984,33.42499923706055,1058800.0,23.306245803833008
2004-03-26,34.130001068115234,33.459999084472656,33.459999084472656,33.9900016784668,1129600.0,23.700204849243164
2004-03-29,33.98500061035156,33.595001220703125,33.98500061035156,33.790000915527344,868800.0,23.560749053955078
2004-03-30,34.275001525878906,33.595001220703125,33.79499816894531,34.23500061035156,795800.0,23.87102508544922
2004-03-31,34.724998474121094,34.084999084472656,34.23500061035156,34.724998474121094,1123600.0,24.212688446044922
2004-04-01,35.125,34.560001373291016,34.720001220703125,35.125,782000.0,24.491605758666992
2004-04-02,35.91999816894531,35.33000183105469,35.70000076293945,35.35499954223633,2091200.0,24.651975631713867
2004-04-05,35.33000183105469,34.81999969482422,35.32500076293945,35.03499984741211,960600.0,24.428836822509766
2004-04-06,35.02000045776367,34.56999969482422,35.0,34.68000030517578,1228800.0,24.181312561035156
2004-04-07,34.80500030517578,34.540000915527344,34.70000076293945,34.560001373291016,810000.0,24.097644805908203
2004-04-08,35.025001525878906,34.43000030517578,34.650001525878906,34.599998474121094,952000.0,24.125539779663086
2004-04-12,34.80500030517578,34.53499984741211,34.599998474121094,34.66999816894531,1024600.0,24.174339294433594
2004-04-13,34.70500183105469,34.224998474121094,34.70000076293945,34.28499984741211,905400.0,23.90589714050293
2004-04-14,34.310001373291016,33.720001220703125,34.29999923706055,34.0,1108600.0,23.70717430114746
2004-04-15,34.09000015258789,33.58000183105469,34.0,34.07500076293945,1213600.0,23.759471893310547
2004-04-16,34.494998931884766,34.04999923706055,34.04999923706055,34.255001068115234,987000.0,23.88498306274414
2004-04-19,34.39500045776367,34.08000183105469,34.255001068115234,34.224998474121094,765600.0,23.86405372619629
2004-04-20,34.185001373291016,33.665000915527344,34.150001525878906,33.685001373291016,999400.0,23.487531661987305
2004-04-21,33.8650016784668,33.67499923706055,33.78499984741211,33.7400016784668,1091600.0,23.52588653564453
2004-04-22,33.54999923706055,32.82500076293945,33.54999923706055,33.349998474121094,2725000.0,23.25395393371582
2004-04-23,33.95500183105469,33.19499969482422,33.224998474121094,33.775001525878906,1020400.0,23.5502872467041
2004-04-26,33.91999816894531,33.380001068115234,33.775001525878906,33.45000076293945,818000.0,23.32367706298828
2004-04-27,33.724998474121094,33.25,33.5,33.314998626708984,721800.0,23.229541778564453
2004-04-28,33.3849983215332,32.900001525878906,33.349998474121094,32.9900016784668,806800.0,23.00293731689453
2004-04-29,33.20000076293945,32.849998474121094,32.915000915527344,33.11000061035156,727400.0,23.08660888671875
2004-04-30,33.084999084472656,32.790000915527344,33.084999084472656,32.85499954223633,1149600.0,22.9088077545166
2004-05-03,32.92499923706055,32.63999938964844,32.85499954223633,32.849998474121094,944200.0,22.905309677124023
2004-05-04,32.974998474121094,32.75,32.95000076293945,32.8650016784668,782600.0,22.9157657623291
2004-05-05,33.095001220703125,32.560001373291016,32.814998626708984,33.095001220703125,986600.0,23.076141357421875
2004-05-06,33.2400016784668,33.04999923706055,33.095001220703125,33.10499954223633,1052200.0,23.083114624023438
2004-05-07,33.224998474121094,32.959999084472656,33.05500030517578,33.099998474121094,1052000.0,23.079627990722656
2004-05-10,33.0,32.45500183105469,33.0,32.5,914600.0,22.661272048950195
2004-05-11,32.935001373291016,32.375,32.474998474121094,32.8849983215332,572400.0,22.929719924926758
2004-05-12,32.95000076293945,32.41999816894531,32.86000061035156,32.654998779296875,910400.0,22.76934051513672
2004-05-13,32.59000015258789,31.93000030517578,32.584999084472656,32.10499954223633,776600.0,22.385845184326172
2004-05-14,32.375,31.770000457763672,32.154998779296875,32.32500076293945,858400.0,22.53924560546875
2004-05-17,32.275001525878906,31.924999237060547,32.275001525878906,32.04999923706055,698600.0,22.34749984741211
2004-05-18,32.349998474121094,32.005001068115234,32.01499938964844,32.26499938964844,715400.0,22.497406005859375
2004-05-19,32.314998626708984,31.905000686645508,32.2599983215332,31.950000762939453,515000.0,22.277774810791016
2004-05-20,32.06999969482422,31.899999618530273,31.979999542236328,31.979999542236328,615600.0,22.298683166503906
2004-05-21,32.290000915527344,31.979999542236328,32.099998474121094,32.20000076293945,758000.0,22.45208740234375
2004-05-24,32.375,32.17499923706055,32.349998474121094,32.27000045776367,869600.0,22.500886917114258
2004-05-25,32.415000915527344,32.01499938964844,32.275001525878906,32.369998931884766,1109800.0,22.570621490478516
2004-05-26,32.275001525878906,31.9950008392334,32.25,32.275001525878906,850000.0,22.575870513916016
2004-05-27,32.42499923706055,32.275001525878906,32.375,32.29499816894531,1177600.0,22.589860916137695
2004-05-28,32.349998474121094,32.189998626708984,32.34000015258789,32.224998474121094,448600.0,22.540897369384766
2004-06-01,32.55500030517578,32.04999923706055,32.23500061035156,32.51499938964844,1235000.0,22.74374771118164
2004-06-02,32.744998931884766,32.279998779296875,32.54999923706055,32.69499969482422,1035200.0,22.869653701782227
2004-06-03,33.11000061035156,32.665000915527344,32.720001220703125,32.90999984741211,646400.0,23.020038604736328
2004-06-04,33.025001525878906,32.78499984741211,32.90999984741211,32.834999084472656,470400.0,22.967580795288086
2004-06-07,32.98500061035156,32.78499984741211,32.834999084472656,32.869998931884766,689200.0,22.9920597076416
2004-06-08,33.54499816894531,32.814998626708984,32.814998626708984,33.474998474121094,780000.0,23.41524314880371
2004-06-09,33.85499954223633,33.415000915527344,33.474998474121094,33.459999084472656,700600.0,23.40476417541504
2004-06-10,33.6150016784668,33.45500183105469,33.5,33.51499938964844,589000.0,23.4432315826416
2004-06-14,33.630001068115234,33.375,33.54999923706055,33.375,601200.0,23.34530258178711
2004-06-15,33.71500015258789,33.57500076293945,33.650001525878906,33.685001373291016,602400.0,23.562137603759766
2004-06-16,34.44499969482422,33.76499938964844,33.76499938964844,34.349998474121094,1094800.0,24.027294158935547
2004-06-17,34.599998474121094,34.32500076293945,34.35499954223633,34.55500030517578,1044400.0,24.170700073242188
2004-06-18,34.69499969482422,34.564998626708984,34.625,34.630001068115234,707600.0,24.22315788269043
2004-06-21,34.70000076293945,34.525001525878906,34.63999938964844,34.63999938964844,565600.0,24.230152130126953
2004-06-22,34.869998931884766,34.625,34.665000915527344,34.70500183105469,644000.0,24.275617599487305
2004-06-23,34.875,34.625,34.755001068115234,34.81999969482422,615200.0,24.356061935424805
2004-06-24,35.369998931884766,34.82500076293945,34.82500076293945,35.349998474121094,541400.0,24.726791381835938
2004-06-25,35.57500076293945,35.400001525878906,35.45000076293945,35.560001373291016,1051400.0,24.873687744140625
2004-06-28,36.04999923706055,35.474998474121094,35.525001525878906,35.83000183105469,1034800.0,25.06254005432129
2004-06-29,35.90999984741211,35.689998626708984,35.83000183105469,35.8849983215332,582800.0,25.101003646850586
2004-06-30,36.2599983215332,35.915000915527344,36.244998931884766,36.16999816894531,501800.0,25.300365447998047
2004-07-01,36.345001220703125,35.915000915527344,36.16999816894531,36.20500183105469,646600.0,25.324844360351562
2004-07-02,36.17499923706055,35.935001373291016,36.17499923706055,35.974998474121094,505000.0,25.16396141052246
2004-07-06,36.529998779296875,35.95500183105469,35.974998474121094,36.474998474121094,864200.0,25.51371192932129
2004-07-07,36.564998626708984,36.26499938964844,36.47999954223633,36.33000183105469,1063400.0,25.412275314331055
2004-07-08,36.4900016784668,36.01499938964844,36.33000183105469,36.06999969482422,1170600.0,25.230417251586914
2004-07-09,36.18000030517578,35.755001068115234,35.95000076293945,36.05500030517578,653000.0,25.21991539001465
2004-07-12,36.35499954223633,35.81999969482422,36.05500030517578,36.32500076293945,737600.0,25.408784866333008
2004-07-13,36.279998779296875,36.005001068115234,36.279998779296875,36.125,750800.0,25.26888656616211
2004-07-14,36.369998931884766,36.05500030517578,36.07500076293945,36.20500183105469,1143600.0,25.324844360351562
2004-07-15,36.560001373291016,36.125,36.20500183105469,36.439998626708984,675000.0,25.489227294921875
2004-07-16,36.70000076293945,36.349998474121094,36.529998779296875,36.5099983215332,422800.0,25.538188934326172
2004-07-19,39.75,36.900001525878906,37.0,37.779998779296875,4075400.0,26.42652702331543
2004-07-20,40.05500030517578,38.029998779296875,38.125,38.25,4658800.0,26.755292892456055
2004-07-21,38.255001068115234,36.7599983215332,38.255001068115234,37.3650016784668,2625000.0,26.136255264282227
2004-07-22,37.3650016784668,36.09000015258789,37.150001525878906,36.20000076293945,4791000.0,25.321346282958984
2004-07-23,36.39500045776367,35.6349983215332,36.29999923706055,35.724998474121094,1361800.0,24.989097595214844
2004-07-26,35.349998474121094,34.099998474121094,35.0,34.375,2673400.0,24.04478645324707
2004-07-27,34.875,34.19499969482422,34.459999084472656,34.36000061035156,1224600.0,24.034297943115234
2004-07-28,34.595001220703125,33.91999816894531,34.36000061035156,34.154998779296875,1566000.0,23.890897750854492
2004-07-29,34.244998931884766,33.76499938964844,34.224998474121094,33.810001373291016,590200.0,23.649580001831055
2004-07-30,34.47999954223633,33.834999084472656,33.834999084472656,34.380001068115234,1010400.0,24.04828453063965
2004-08-02,34.92499923706055,34.36000061035156,34.369998931884766,34.5099983215332,659600.0,24.139219284057617
2004-08-03,34.525001525878906,33.849998474121094,34.42499923706055,33.970001220703125,616800.0,23.761493682861328
2004-08-04,34.14500045776367,33.47999954223633,33.869998931884766,33.70000076293945,629000.0,23.5726318359375
2004-08-05,33.775001525878906,33.03499984741211,33.775001525878906,33.2599983215332,786800.0,23.264862060546875
2004-08-06,33.31999969482422,33.04499816894531,33.255001068115234,33.099998474121094,1289800.0,23.15294075012207
2004-08-09,33.05500030517578,32.57500076293945,33.05500030517578,32.95500183105469,479000.0,23.051530838012695
2004-08-10,32.95500183105469,32.720001220703125,32.95500183105469,32.869998931884766,796600.0,22.9920597076416
2004-08-11,33.34000015258789,32.625,32.875,33.23500061035156,1039200.0,23.247371673583984
2004-08-12,33.654998779296875,33.23500061035156,33.23500061035156,33.29999923706055,627400.0,23.29283905029297
2004-08-13,33.974998474121094,33.29499816894531,33.36000061035156,33.79999923706055,907400.0,23.64258575439453
2004-08-16,33.869998931884766,33.125,33.65999984741211,33.2400016784668,667400.0,23.250871658325195
2004-08-17,33.54499816894531,33.02000045776367,33.400001525878906,33.29999923706055,491800.0,23.29283905029297
2004-08-18,33.54999923706055,32.994998931884766,33.349998474121094,33.459999084472656,309800.0,23.40476417541504
2004-08-19,33.59000015258789,33.29999923706055,33.5,33.4900016784668,336000.0,23.425743103027344
2004-08-20,33.60499954223633,33.095001220703125,33.275001525878906,33.5,512200.0,23.432737350463867
2004-08-23,34.33000183105469,33.6150016784668,33.625,34.19499969482422,531200.0,23.918886184692383
2004-08-24,34.45000076293945,33.724998474121094,34.45000076293945,33.80500030517578,433600.0,23.646085739135742
2004-08-25,33.95500183105469,33.70500183105469,33.900001525878906,33.8849983215332,198600.0,23.702043533325195
2004-08-26,33.970001220703125,33.665000915527344,33.88999938964844,33.790000915527344,225200.0,23.635591506958008
2004-08-27,33.904998779296875,33.58000183105469,33.75,33.900001525878906,309600.0,23.784683227539062
2004-08-30,34.0,33.72999954223633,33.849998474121094,33.92499923706055,391800.0,23.80221939086914
2004-08-31,34.290000915527344,33.974998474121094,33.974998474121094,34.244998931884766,632000.0,24.02674102783203
2004-09-01,34.435001373291016,34.025001525878906,34.025001525878906,34.400001525878906,512800.0,24.135486602783203
2004-09-02,34.3650016784668,34.23500061035156,34.36000061035156,34.32500076293945,435600.0,24.08287239074707
2004-09-03,34.66999816894531,34.35499954223633,34.375,34.5,161000.0,24.205650329589844
2004-09-07,34.67499923706055,34.40999984741211,34.525001525878906,34.564998626708984,441200.0,24.25124740600586
2004-09-08,34.720001220703125,34.130001068115234,34.720001220703125,34.60499954223633,570000.0,24.279319763183594
2004-09-09,34.5,34.154998779296875,34.5,34.279998779296875,493600.0,24.05129623413086
2004-09-10,34.494998931884766,34.07500076293945,34.279998779296875,34.439998626708984,297400.0,24.163551330566406
2004-09-13,34.470001220703125,34.20000076293945,34.439998626708984,34.35499954223633,334000.0,24.103914260864258
2004-09-14,34.41999816894531,34.02000045776367,34.404998779296875,34.189998626708984,276400.0,23.98814582824707
2004-09-15,34.209999084472656,33.900001525878906,34.13999938964844,34.185001373291016,378600.0,23.98464584350586
2004-09-16,34.55500030517578,34.084999084472656,34.084999084472656,34.435001373291016,269600.0,24.160045623779297
2004-09-17,34.65999984741211,34.375,34.48500061035156,34.619998931884766,266600.0,24.289838790893555
2004-09-20,34.63999938964844,33.97999954223633,34.63999938964844,34.04999923706055,351400.0,23.889923095703125
2004-09-21,34.04999923706055,33.65999984741211,34.04999923706055,33.83000183105469,549600.0,23.735570907592773
2004-09-22,33.86000061035156,33.63999938964844,33.779998779296875,33.654998779296875,448000.0,23.6127986907959
2004-09-23,33.92499923706055,33.63999938964844,33.654998779296875,33.76499938964844,232800.0,23.689964294433594
2004-09-24,33.84000015258789,33.650001525878906,33.79499816894531,33.77000045776367,131000.0,23.69347381591797
2004-09-27,33.755001068115234,33.40999984741211,33.65999984741211,33.47999954223633,346200.0,23.489999771118164
2004-09-28,33.53499984741211,33.275001525878906,33.43000030517578,33.375,376400.0,23.416332244873047
2004-09-29,33.375,33.1150016784668,33.375,33.165000915527344,213200.0,23.26899528503418
2004-09-30,33.959999084472656,33.19499969482422,33.25,33.959999084472656,502600.0,23.8267822265625
2004-10-01,34.095001220703125,33.66999816894531,34.060001373291016,33.875,419800.0,23.767147064208984
2004-10-04,34.1349983215332,33.65999984741211,33.86000061035156,33.70000076293945,306800.0,23.64435386657715
2004-10-05,33.82500076293945,33.564998626708984,33.82500076293945,33.58000183105469,291600.0,23.560161590576172
2004-10-06,33.724998474121094,33.14500045776367,33.529998779296875,33.244998931884766,555400.0,23.32512092590332
2004-10-07,33.42499923706055,32.959999084472656,33.345001220703125,33.03499984741211,694200.0,23.17778205871582
2004-10-08,33.65999984741211,32.95000076293945,32.95000076293945,33.41999816894531,721200.0,23.447906494140625
2004-10-11,33.54999923706055,33.16999816894531,33.494998931884766,33.26499938964844,201400.0,23.33916473388672
2004-10-12,33.290000915527344,32.8650016784668,33.20000076293945,33.0,445800.0,23.153230667114258
2004-10-13,33.255001068115234,32.91999816894531,33.07500076293945,33.095001220703125,402400.0,23.219879150390625
2004-10-14,33.47999954223633,32.98500061035156,33.04999923706055,32.98500061035156,358800.0,23.142702102661133
2004-10-15,33.33000183105469,32.92499923706055,33.11000061035156,32.9900016784668,192600.0,23.146217346191406
2004-10-18,33.025001525878906,32.68000030517578,33.025001525878906,32.79999923706055,357800.0,23.01291275024414
2004-10-19,32.845001220703125,32.599998474121094,32.75,32.63999938964844,375400.0,22.900646209716797
2004-10-20,33.32500076293945,32.55500030517578,32.57500076293945,32.974998474121094,349400.0,23.135690689086914
2004-10-21,33.314998626708984,32.89500045776367,33.125,33.25,379200.0,23.32863426208496
2004-10-22,33.75,33.275001525878906,33.275001525878906,33.595001220703125,349400.0,23.57069206237793
2004-10-25,33.60499954223633,33.01499938964844,33.54499816894531,33.60499954223633,310000.0,23.57770538330078
2004-10-26,33.834999084472656,33.32500076293945,33.70000076293945,33.83000183105469,248600.0,23.735570907592773
2004-10-27,33.849998474121094,32.875,33.849998474121094,32.97999954223633,730800.0,23.13919448852539
2004-10-28,33.939998626708984,32.61000061035156,32.97999954223633,33.76499938964844,515000.0,23.689964294433594
2004-10-29,34.11000061035156,33.29499816894531,33.76499938964844,33.349998474121094,422600.0,23.3987979888916
2004-11-01,33.58000183105469,33.02000045776367,33.275001525878906,33.314998626708984,533800.0,23.374238967895508
2004-11-02,33.95000076293945,33.494998931884766,33.54499816894531,33.904998779296875,336600.0,23.788188934326172
2004-11-03,34.27000045776367,33.875,34.0,34.13999938964844,308400.0,23.953065872192383
2004-11-04,34.66999816894531,34.07500076293945,34.17499923706055,34.65999984741211,255000.0,24.317913055419922
2004-11-05,35.05500030517578,34.095001220703125,34.65999984741211,35.01499938964844,763600.0,24.566980361938477
2004-11-08,35.44499969482422,34.5,35.125,34.599998474121094,729200.0,24.27581024169922
2004-11-09,36.244998931884766,35.375,35.95000076293945,35.6349983215332,1568000.0,25.001985549926758
2004-11-10,35.8650016784668,35.29499816894531,35.70000076293945,35.32500076293945,478000.0,24.78447723388672
2004-11-11,35.845001220703125,35.36000061035156,35.36000061035156,35.755001068115234,678400.0,25.086179733276367
2004-11-12,35.94499969482422,35.474998474121094,35.755001068115234,35.939998626708984,442000.0,25.215974807739258
2004-11-15,36.349998474121094,35.810001373291016,36.29999923706055,35.814998626708984,1070200.0,25.128267288208008
2004-11-16,36.375,35.849998474121094,35.849998474121094,36.310001373291016,1696600.0,25.475582122802734
2004-11-17,36.915000915527344,36.35499954223633,36.400001525878906,36.83000183105469,1495200.0,25.840404510498047
2004-11-18,36.834999084472656,36.130001068115234,36.83000183105469,36.26499938964844,1547400.0,25.443998336791992
2004-11-19,36.45500183105469,36.025001525878906,36.29999923706055,36.25,500400.0,25.433483123779297
2004-11-22,36.435001373291016,36.064998626708984,36.07500076293945,36.16999816894531,457800.0,25.377347946166992
2004-11-23,36.25,35.75,36.25,36.06999969482422,368800.0,25.307186126708984
2004-11-24,36.369998931884766,35.8849983215332,36.150001525878906,36.224998474121094,308800.0,25.415937423706055
2004-11-26,36.375,35.94499969482422,36.224998474121094,36.02000045776367,124000.0,25.34381675720215
2004-11-29,36.599998474121094,36.0099983215332,36.119998931884766,36.54499816894531,699800.0,25.713207244873047
2004-11-30,37.4900016784668,36.5,36.5,37.45000076293945,1285000.0,26.349964141845703
2004-12-01,38.275001525878906,37.529998779296875,37.75,37.56999969482422,1749000.0,26.434398651123047
2004-12-02,37.72999954223633,37.185001373291016,37.665000915527344,37.22999954223633,1136200.0,26.195167541503906
2004-12-03,37.94499969482422,37.20000076293945,37.255001068115234,37.625,1431000.0,26.473100662231445
2004-12-06,37.845001220703125,37.255001068115234,37.75,37.345001220703125,791000.0,26.276090621948242
2004-12-07,37.5,37.01499938964844,37.42499923706055,37.29999923706055,740000.0,26.244430541992188
2004-12-08,37.1349983215332,36.7599983215332,37.130001068115234,37.06999969482422,1681000.0,26.082595825195312
2004-12-09,37.185001373291016,36.900001525878906,37.064998626708984,37.125,793000.0,26.121294021606445
2004-12-10,37.04999923706055,36.775001525878906,37.04999923706055,36.775001525878906,454600.0,25.875030517578125
2004-12-13,37.4900016784668,36.775001525878906,36.779998779296875,37.3650016784668,1240400.0,26.290163040161133
2004-12-14,37.60499954223633,37.16999816894531,37.3650016784668,37.349998474121094,1311200.0,26.279598236083984
2004-12-15,37.5,37.27000045776367,37.439998626708984,37.45500183105469,467000.0,26.35348129272461
2004-12-16,37.45500183105469,37.099998474121094,37.45500183105469,37.29499816894531,1003000.0,26.24090576171875
2004-12-17,37.43000030517578,37.060001373291016,37.07500076293945,37.20500183105469,794400.0,26.177587509155273
2004-12-20,37.32500076293945,36.959999084472656,37.20500183105469,37.15999984741211,716000.0,26.14592933654785
2004-12-21,37.400001525878906,37.025001525878906,37.15999984741211,37.400001525878906,417000.0,26.314783096313477
2004-12-22,37.45000076293945,37.09000015258789,37.44499969482422,37.09000015258789,457800.0,26.096668243408203
2004-12-23,37.21500015258789,36.98500061035156,37.17499923706055,37.03499984741211,222400.0,26.057973861694336
2004-12-27,37.20000076293945,36.70500183105469,37.154998779296875,37.19499969482422,306800.0,26.170547485351562
2004-12-28,37.849998474121094,37.119998931884766,37.125,37.775001525878906,699000.0,26.578641891479492
2004-12-29,37.724998474121094,37.375,37.724998474121094,37.540000915527344,643600.0,26.413291931152344
2004-12-30,38.064998626708984,37.47999954223633,37.55500030517578,37.93000030517578,1129000.0,26.687698364257812
2004-12-31,38.08000183105469,37.775001525878906,38.029998779296875,37.834999084472656,265600.0,26.620847702026367
2005-01-03,37.994998931884766,37.505001068115234,37.849998474121094,37.685001373291016,358800.0,26.515316009521484
2005-01-04,37.685001373291016,36.66999816894531,37.685001373291016,36.92499923706055,822200.0,25.980587005615234
2005-01-05,36.724998474121094,35.88999938964844,36.724998474121094,36.005001068115234,1116800.0,25.33326530456543
2005-01-06,36.42499923706055,35.880001068115234,36.095001220703125,36.3650016784668,1176400.0,25.586565017700195
2005-01-07,36.47999954223633,35.78499984741211,36.45500183105469,36.095001220703125,1048600.0,25.396583557128906
2005-01-10,37.68000030517578,36.185001373291016,36.185001373291016,37.68000030517578,3103400.0,26.51179313659668
2005-01-11,37.845001220703125,37.40999984741211,37.845001220703125,37.72999954223633,1898800.0,26.546968460083008
2005-01-12,39.05500030517578,37.75,37.75,38.0,4014000.0,26.7369384765625
2005-01-13,38.275001525878906,37.790000915527344,38.095001220703125,38.08000183105469,2994000.0,26.793237686157227
2005-01-14,38.29499816894531,36.904998779296875,38.29499816894531,37.0099983215332,7640400.0,26.040376663208008
2005-01-18,37.29999923706055,36.790000915527344,37.0099983215332,37.29999923706055,3525200.0,26.244430541992188
2005-01-19,37.525001525878906,37.150001525878906,37.38999938964844,37.275001525878906,2161400.0,26.226839065551758
2005-01-20,37.404998779296875,36.900001525878906,37.209999084472656,36.95500183105469,2233000.0,26.001686096191406
2005-01-21,37.375,36.93000030517578,37.04499816894531,37.2400016784668,1705600.0,26.202205657958984
2005-01-24,37.5,37.224998474121094,37.3650016784668,37.310001373291016,1357400.0,26.25146484375
2005-01-25,37.404998779296875,36.334999084472656,37.404998779296875,36.625,3191800.0,25.769495010375977
2005-01-26,37.0099983215332,36.6150016784668,36.75,36.67499923706055,1611200.0,25.804672241210938
2005-01-27,37.44499969482422,36.41999816894531,36.67499923706055,37.44499969482422,3233600.0,26.34645652770996
2005-01-28,38.154998779296875,36.17499923706055,38.0,36.375,9069600.0,25.59358787536621
2005-01-31,37.525001525878906,35.93000030517578,36.599998474121094,37.29999923706055,4926000.0,26.244430541992188
2005-02-01,37.54999923706055,37.08000183105469,37.29999923706055,37.505001068115234,2578200.0,26.3886661529541
2005-02-02,37.755001068115234,37.349998474121094,37.599998474121094,37.650001525878906,2416600.0,26.49068832397461
2005-02-03,38.0099983215332,37.57500076293945,37.654998779296875,38.0,4044000.0,26.7369384765625
2005-02-04,39.060001373291016,37.41999816894531,38.150001525878906,37.875,5913000.0,26.649003982543945
2005-02-07,38.375,37.98500061035156,38.0,38.150001525878906,4877400.0,26.842485427856445
2005-02-08,38.474998474121094,37.70000076293945,38.224998474121094,37.88999938964844,12719400.0,26.659549713134766
2005-02-09,38.0,36.54999923706055,37.82500076293945,36.75,4807600.0,25.85744285583496
2005-02-10,36.92499923706055,34.994998931884766,36.875,35.82500076293945,3258800.0,25.20661163330078
2005-02-11,36.665000915527344,35.28499984741211,35.75,36.54999923706055,2128000.0,25.71672821044922
2005-02-14,36.150001525878906,35.14500045776367,35.75,35.25,2914800.0,24.80203628540039
2005-02-15,35.375,35.08000183105469,35.275001525878906,35.25,2269200.0,24.80203628540039
2005-02-16,35.775001525878906,35.01499938964844,35.25,35.775001525878906,2723200.0,25.171428680419922
2005-02-17,35.71500015258789,35.20500183105469,35.54999923706055,35.349998474121094,2305000.0,24.872400283813477
2005-02-18,35.375,34.93000030517578,35.375,35.09000015258789,1115000.0,24.68946647644043
2005-02-22,34.96500015258789,34.04999923706055,34.96500015258789,34.095001220703125,1366000.0,23.989377975463867
2005-02-23,34.125,33.71500015258789,34.095001220703125,33.8650016784668,2002800.0,23.827552795410156
2005-02-24,34.439998626708984,33.474998474121094,33.900001525878906,34.209999084472656,1479200.0,24.184551239013672
2005-02-25,34.63999938964844,33.95000076293945,34.224998474121094,34.3650016784668,2109200.0,24.29413414001465
2005-02-28,34.869998931884766,34.314998626708984,34.314998626708984,34.76499938964844,2742000.0,24.576904296875
2005-03-01,34.415000915527344,33.67499923706055,34.40999984741211,34.25,3338000.0,24.21283721923828
2005-03-02,34.95000076293945,33.67499923706055,34.125,34.95000076293945,3204800.0,24.70768928527832
2005-03-03,35.95000076293945,35.375,35.7400016784668,35.63999938964844,4643800.0,25.19548988342285
2005-03-04,35.974998474121094,35.654998779296875,35.724998474121094,35.82500076293945,2712600.0,25.32626724243164
2005-03-07,35.9900016784668,35.71500015258789,35.82500076293945,35.939998626708984,2421600.0,25.40757179260254
2005-03-08,36.97999954223633,35.849998474121094,35.900001525878906,36.959999084472656,4466800.0,26.128643035888672
2005-03-09,37.125,36.54999923706055,36.75,36.724998474121094,3082400.0,25.9625301361084
2005-03-10,37.29999923706055,36.67499923706055,36.67499923706055,37.25,2378800.0,26.333667755126953
2005-03-11,37.154998779296875,36.5099983215332,37.04999923706055,37.07500076293945,1996600.0,26.20994758605957
2005-03-14,37.2400016784668,36.900001525878906,37.04999923706055,37.08000183105469,1173600.0,26.21347427368164
2005-03-15,37.3849983215332,36.970001220703125,37.08000183105469,37.125,1377600.0,26.24529457092285
2005-03-16,37.2400016784668,37.0,37.0,37.130001068115234,2349000.0,26.248825073242188
2005-03-17,37.814998626708984,37.2400016784668,37.380001068115234,37.35499954223633,2338400.0,26.40789794921875
2005-03-18,38.0,37.29999923706055,37.35499954223633,37.95000076293945,3218800.0,26.828523635864258
2005-03-21,37.96500015258789,37.529998779296875,37.82500076293945,37.65999984741211,1152200.0,26.62351417541504
2005-03-22,37.744998931884766,37.27000045776367,37.5,37.28499984741211,1170400.0,26.358409881591797
2005-03-23,37.6150016784668,37.084999084472656,37.15999984741211,37.48500061035156,1169400.0,26.499794006347656
2005-03-24,37.52000045776367,37.255001068115234,37.48500061035156,37.45000076293945,970000.0,26.475046157836914
2005-03-28,39.25,38.0,38.45000076293945,38.53499984741211,3475200.0,27.24207878112793
2005-03-29,38.845001220703125,38.36000061035156,38.435001373291016,38.45000076293945,1561600.0,27.181997299194336
2005-03-30,39.09000015258789,38.40999984741211,38.45500183105469,39.02000045776367,1830400.0,27.584951400756836
2005-03-31,39.08000183105469,38.474998474121094,39.06999969482422,38.584999084472656,2020800.0,27.277442932128906
2005-04-01,39.40999984741211,38.72999954223633,38.79999923706055,38.98500061035156,2111800.0,27.560203552246094
2005-04-04,39.08000183105469,38.69499969482422,38.98500061035156,38.904998779296875,1481600.0,27.503658294677734
2005-04-05,39.60499954223633,39.0,39.029998779296875,39.459999084472656,1013600.0,27.896018981933594
2005-04-06,39.25,38.56999969482422,39.25,38.90999984741211,2722800.0,27.507190704345703
2005-04-07,39.900001525878906,39.099998474121094,39.15999984741211,39.75,1768600.0,28.101028442382812
2005-04-08,39.994998931884766,39.45500183105469,39.70000076293945,39.494998931884766,1428600.0,27.920747756958008
2005-04-11,39.619998931884766,39.03499984741211,39.619998931884766,39.150001525878906,1109200.0,27.67685317993164
2005-04-12,39.31999969482422,39.01499938964844,39.275001525878906,39.17499923706055,1086200.0,27.694528579711914
2005-04-13,39.29999923706055,38.54499816894531,39.29999923706055,38.625,660600.0,27.305713653564453
2005-04-14,38.650001525878906,38.30500030517578,38.650001525878906,38.45500183105469,1439600.0,27.185529708862305
2005-04-15,38.35499954223633,37.75,38.33000183105469,37.91999816894531,1476600.0,26.80731773376465
2005-04-18,38.099998474121094,37.70000076293945,37.900001525878906,37.935001373291016,748200.0,26.81791877746582
2005-04-19,38.25,37.685001373291016,37.900001525878906,38.150001525878906,1059000.0,26.969919204711914
2005-04-20,38.290000915527344,38.029998779296875,38.13999938964844,38.17499923706055,1149800.0,26.98757553100586
2005-04-21,39.185001373291016,38.2599983215332,38.5,39.15999984741211,1561400.0,27.68391990661621
2005-04-22,39.15999984741211,38.5,39.15999984741211,38.724998474121094,927400.0,27.376401901245117
2005-04-25,39.099998474121094,38.790000915527344,38.849998474121094,39.060001373291016,846400.0,27.61323356628418
2005-04-26,39.05500030517578,38.58000183105469,39.04999923706055,38.68000030517578,1080400.0,27.344587326049805
2005-04-27,38.650001525878906,38.26499938964844,38.599998474121094,38.650001525878906,1546800.0,27.323389053344727
2005-04-28,36.5,30.875,34.125,31.5,16233800.0,22.268739700317383
2005-04-29,31.43000030517578,30.21500015258789,31.200000762939453,30.875,4979800.0,21.82689666748047
2005-05-02,31.950000762939453,31.190000534057617,31.725000381469727,31.225000381469727,3264200.0,22.07433319091797
2005-05-03,31.235000610351562,30.600000381469727,31.229999542236328,30.75,1564800.0,21.738529205322266
2005-05-04,31.43000030517578,30.5,31.100000381469727,31.399999618530273,1778600.0,22.198043823242188
2005-05-05,31.600000381469727,31.274999618530273,31.415000915527344,31.475000381469727,2400400.0,22.25105857849121
2005-05-06,31.475000381469727,30.850000381469727,31.450000762939453,30.920000076293945,1270600.0,21.85871124267578
2005-05-09,31.344999313354492,30.895000457763672,31.1200008392334,31.135000228881836,2161800.0,22.01070213317871
2005-05-10,31.350000381469727,30.850000381469727,31.350000381469727,30.905000686645508,2207200.0,21.848102569580078
2005-05-11,31.0,30.405000686645508,31.0,30.674999237060547,931800.0,21.685508728027344
2005-05-12,30.950000762939453,30.2549991607666,30.760000228881836,30.424999237060547,1255000.0,21.508769989013672
2005-05-13,30.5,29.885000228881836,30.5,30.100000381469727,1212600.0,21.279006958007812
2005-05-16,30.389999389648438,29.90999984741211,29.975000381469727,30.274999618530273,1491600.0,21.40272331237793
2005-05-17,30.174999237060547,29.825000762939453,30.024999618530273,30.049999237060547,2314800.0,21.243661880493164
2005-05-18,30.125,29.299999237060547,30.049999237060547,29.700000762939453,4263600.0,20.99624252319336
2005-05-19,30.149999618530273,29.5,29.5,30.125,1527600.0,21.296695709228516
2005-05-20,30.5,29.899999618530273,30.145000457763672,30.200000762939453,1302400.0,21.349716186523438
2005-05-23,30.450000762939453,29.940000534057617,30.174999237060547,30.125,1275800.0,21.296695709228516
2005-05-24,29.899999618530273,29.395000457763672,29.899999618530273,29.69499969482422,1567600.0,20.99270248413086
2005-05-25,29.959999084472656,29.360000610351562,29.684999465942383,29.479999542236328,1169200.0,20.84070587158203
2005-05-26,29.329999923706055,28.684999465942383,29.329999923706055,29.045000076293945,3623800.0,20.64523696899414
2005-05-27,29.760000228881836,29.1299991607666,29.174999237060547,29.485000610351562,1244400.0,20.95798683166504
2005-05-31,29.3700008392334,29.09000015258789,29.299999237060547,29.235000610351562,1604400.0,20.780292510986328
2005-06-01,29.764999389648438,29.21500015258789,29.290000915527344,29.53499984741211,1107600.0,20.9935302734375
2005-06-02,29.559999465942383,29.225000381469727,29.510000228881836,29.450000762939453,1447400.0,20.93311309814453
2005-06-03,29.625,29.174999237060547,29.325000762939453,29.440000534057617,1183000.0,20.926000595092773
2005-06-06,29.709999084472656,29.264999389648438,29.40999984741211,29.545000076293945,777800.0,21.000642776489258
2005-06-07,29.780000686645508,29.309999465942383,29.649999618530273,29.325000762939453,1658000.0,20.84426498413086
2005-06-08,29.575000762939453,29.200000762939453,29.295000076293945,29.31999969482422,1899200.0,20.840709686279297
2005-06-09,29.69499969482422,29.139999389648438,29.399999618530273,29.405000686645508,1710600.0,20.901134490966797
2005-06-10,30.049999237060547,29.43000030517578,29.43000030517578,29.78499984741211,1227200.0,21.17123031616211
2005-06-13,30.174999237060547,29.395000457763672,29.75,30.174999237060547,1252200.0,21.44844627380371
2005-06-14,30.2450008392334,29.68000030517578,30.174999237060547,29.84000015258789,1119800.0,21.210325241088867
2005-06-15,29.81999969482422,29.360000610351562,29.725000381469727,29.43000030517578,2050600.0,20.918895721435547
2005-06-16,29.545000076293945,29.315000534057617,29.364999771118164,29.475000381469727,1464800.0,20.95088768005371
2005-06-17,29.610000610351562,29.174999237060547,29.610000610351562,29.415000915527344,1537400.0,20.908233642578125
2005-06-20,29.93000030517578,29.229999542236328,29.364999771118164,29.825000762939453,1448800.0,21.19966697692871
2005-06-21,29.950000762939453,29.584999084472656,29.950000762939453,29.735000610351562,854200.0,21.135690689086914
2005-06-22,30.03499984741211,29.674999237060547,29.770000457763672,30.030000686645508,1184000.0,21.345382690429688
2005-06-23,30.149999618530273,29.829999923706055,30.030000686645508,30.084999084472656,906000.0,21.384471893310547
2005-06-24,30.200000762939453,29.8799991607666,30.024999618530273,29.975000381469727,1527600.0,21.306283950805664
2005-06-27,30.049999237060547,29.84000015258789,29.950000762939453,29.934999465942383,1129400.0,21.277854919433594
2005-06-28,30.540000915527344,29.96500015258789,30.0,30.469999313354492,1161400.0,21.658132553100586
2005-06-29,30.729999542236328,30.40999984741211,30.594999313354492,30.690000534057617,1113400.0,21.814510345458984
2005-06-30,31.06999969482422,30.649999618530273,30.649999618530273,31.0,1545400.0,22.034854888916016
2005-07-01,31.100000381469727,30.5049991607666,31.0049991607666,30.795000076293945,885800.0,21.889141082763672
2005-07-05,30.704999923706055,30.415000915527344,30.700000762939453,30.485000610351562,749400.0,21.668794631958008
2005-07-06,30.575000762939453,30.065000534057617,30.575000762939453,30.155000686645508,727200.0,21.434228897094727
2005-07-07,30.170000076293945,29.674999237060547,29.7549991607666,30.09000015258789,1441200.0,21.388023376464844
2005-07-08,31.3799991607666,30.184999465942383,30.190000534057617,31.184999465942383,1720800.0,22.166351318359375
2005-07-11,31.475000381469727,31.0,31.475000381469727,31.350000381469727,1166000.0,22.28363800048828
2005-07-12,31.405000686645508,31.045000076293945,31.405000686645508,31.184999465942383,944400.0,22.166351318359375
2005-07-13,32.48500061035156,30.920000076293945,31.184999465942383,32.3650016784668,3759600.0,23.005098342895508
2005-07-14,32.369998931884766,31.549999237060547,32.369998931884766,31.674999237060547,2483600.0,22.514644622802734
2005-07-15,31.825000762939453,31.18000030517578,31.68000030517578,31.655000686645508,1443200.0,22.500429153442383
2005-07-18,31.709999084472656,31.450000762939453,31.575000762939453,31.524999618530273,819400.0,22.40802574157715
2005-07-19,31.71500015258789,31.364999771118164,31.674999237060547,31.5,647800.0,22.390249252319336
2005-07-20,31.825000762939453,31.399999618530273,31.5,31.774999618530273,867600.0,22.585731506347656
2005-07-21,31.940000534057617,31.46500015258789,31.850000381469727,31.6200008392334,829000.0,22.475553512573242
2005-07-22,31.825000762939453,31.3799991607666,31.760000228881836,31.790000915527344,821000.0,22.596397399902344
2005-07-25,31.899999618530273,31.395000457763672,31.809999465942383,31.395000457763672,548800.0,22.315624237060547
2005-07-26,31.399999618530273,31.079999923706055,31.399999618530273,31.100000381469727,760400.0,22.10593605041504
2005-07-27,31.450000762939453,30.729999542236328,31.100000381469727,30.844999313354492,1612000.0,21.9246826171875
2005-07-28,31.579999923706055,30.614999771118164,30.844999313354492,31.5,1422200.0,22.390249252319336
2005-07-29,31.584999084472656,31.334999084472656,31.4950008392334,31.350000381469727,1961000.0,22.28363800048828
2005-08-01,31.90999984741211,31.139999389648438,31.350000381469727,31.90999984741211,1849200.0,22.68168830871582
2005-08-02,33.59000015258789,30.350000381469727,30.350000381469727,32.584999084472656,5466000.0,23.161481857299805
2005-08-03,32.57500076293945,32.224998474121094,32.349998474121094,32.314998626708984,1198200.0,22.96955680847168
2005-08-04,32.39500045776367,31.729999542236328,32.29999923706055,31.844999313354492,1306800.0,22.63549041748047
2005-08-05,31.770000457763672,31.59000015258789,31.764999389648438,31.65999984741211,959600.0,22.503982543945312
2005-08-08,31.7549991607666,31.325000762939453,31.700000762939453,31.399999618530273,936800.0,22.319183349609375
2005-08-09,31.4950008392334,31.190000534057617,31.399999618530273,31.299999237060547,893800.0,22.24810028076172
2005-08-10,31.649999618530273,31.329999923706055,31.329999923706055,31.469999313354492,1630000.0,22.368934631347656
2005-08-11,31.649999618530273,31.295000076293945,31.469999313354492,31.5049991607666,1187200.0,22.393808364868164
2005-08-12,31.5,31.2549991607666,31.5,31.375,696600.0,22.301406860351562
2005-08-15,31.799999237060547,31.329999923706055,31.395000457763672,31.799999237060547,658000.0,22.603490829467773
2005-08-16,32.025001525878906,31.7549991607666,31.799999237060547,31.899999618530273,1267200.0,22.674575805664062
2005-08-17,32.154998779296875,31.899999618530273,31.905000686645508,32.11000061035156,1057200.0,22.823843002319336
2005-08-18,32.54999923706055,32.0,32.04999923706055,32.5099983215332,1119200.0,23.108163833618164
2005-08-19,32.54999923706055,32.13999938964844,32.54999923706055,32.25,1336600.0,22.923358917236328
2005-08-22,32.52000045776367,31.895000457763672,32.255001068115234,31.934999465942383,1525600.0,22.699453353881836
2005-08-23,32.29499816894531,31.899999618530273,31.899999618530273,32.125,1310800.0,22.834505081176758
2005-08-24,32.27000045776367,31.979999542236328,32.125,32.025001525878906,853000.0,22.763416290283203
2005-08-25,32.064998626708984,31.950000762939453,32.04999923706055,31.975000381469727,435600.0,22.727886199951172
2005-08-26,31.9950008392334,31.690000534057617,31.760000228881836,31.709999084472656,846800.0,22.53952407836914
2005-08-29,31.825000762939453,31.18000030517578,31.375,31.774999618530273,443200.0,22.700275421142578
2005-08-30,31.84000015258789,31.530000686645508,31.78499984741211,31.739999771118164,460400.0,22.675262451171875
2005-08-31,32.05500030517578,31.225000381469727,31.71500015258789,32.05500030517578,760600.0,22.900293350219727
2005-09-01,32.14500045776367,31.604999542236328,31.975000381469727,32.125,1162200.0,22.9503116607666
2005-09-02,32.38999938964844,32.029998779296875,32.130001068115234,32.2599983215332,841200.0,23.046754837036133
2005-09-06,32.42499923706055,32.15999984741211,32.310001373291016,32.369998931884766,593200.0,23.125333786010742
2005-09-07,32.68000030517578,32.25,32.369998931884766,32.66999816894531,800200.0,23.339656829833984
2005-09-08,32.69499969482422,32.474998474121094,32.665000915527344,32.57500076293945,1121400.0,23.27179718017578
2005-09-09,33.07500076293945,32.55500030517578,32.650001525878906,33.029998779296875,853000.0,23.596851348876953
2005-09-12,33.029998779296875,32.654998779296875,33.029998779296875,32.939998626708984,1615800.0,23.53255271911621
2005-09-13,33.0,32.78499984741211,32.875,32.970001220703125,1317400.0,23.55398178100586
2005-09-14,33.45000076293945,32.79999923706055,32.92499923706055,33.29999923706055,1794000.0,23.789735794067383
2005-09-15,33.59000015258789,33.30500030517578,33.30500030517578,33.540000915527344,978800.0,23.96119499206543
2005-09-16,33.84000015258789,33.404998779296875,33.540000915527344,33.474998474121094,4218600.0,23.914756774902344
2005-09-19,33.40999984741211,33.20000076293945,33.38999938964844,33.349998474121094,1181800.0,23.825454711914062
2005-09-20,33.345001220703125,33.125,33.275001525878906,33.185001373291016,741000.0,23.707576751708984
2005-09-21,33.2400016784668,32.43000030517578,33.18000030517578,32.439998626708984,885400.0,23.175344467163086
2005-09-22,32.70000076293945,32.16999816894531,32.470001220703125,32.53499984741211,934400.0,23.243215560913086
2005-09-23,32.599998474121094,32.20000076293945,32.54999923706055,32.275001525878906,684800.0,23.057472229003906
2005-09-26,32.345001220703125,31.850000381469727,32.32500076293945,31.850000381469727,1033000.0,22.75384521484375
2005-09-27,32.005001068115234,31.700000762939453,31.834999084472656,31.719999313354492,925600.0,22.66097068786621
2005-09-28,31.850000381469727,31.5,31.739999771118164,31.510000228881836,768200.0,22.510944366455078
2005-09-29,31.719999313354492,31.469999313354492,31.510000228881836,31.690000534057617,504600.0,22.639541625976562
2005-09-30,32.005001068115234,31.645000457763672,31.725000381469727,32.005001068115234,730800.0,22.864574432373047
2005-10-03,31.889999389648438,31.524999618530273,31.889999389648438,31.639999389648438,763600.0,22.603824615478516
2005-10-04,31.954999923706055,31.600000381469727,31.639999389648438,31.704999923706055,578800.0,22.65026092529297
2005-10-05,32.75,31.809999465942383,32.5,31.809999465942383,2023400.0,22.725263595581055
2005-10-06,32.1349983215332,31.514999389648438,31.860000610351562,31.684999465942383,940600.0,22.63597297668457
2005-10-07,31.7450008392334,31.190000534057617,31.7450008392334,31.344999313354492,865600.0,22.393070220947266
2005-10-10,31.584999084472656,31.200000762939453,31.350000381469727,31.260000228881836,749400.0,22.33234405517578
2005-10-11,31.424999237060547,31.0049991607666,31.25,31.094999313354492,1040400.0,22.214475631713867
2005-10-12,31.270000457763672,30.575000762939453,31.045000076293945,30.575000762939453,881400.0,21.84297752380371
2005-10-13,30.899999618530273,30.440000534057617,30.690000534057617,30.579999923706055,977200.0,21.84654998779297
2005-10-14,31.05500030517578,30.549999237060547,30.639999389648438,30.905000686645508,805000.0,22.0787353515625
2005-10-17,31.165000915527344,30.93000030517578,31.100000381469727,31.149999618530273,746200.0,22.25376319885254
2005-10-18,31.149999618530273,30.764999389648438,31.149999618530273,30.770000457763672,646200.0,21.982282638549805
2005-10-19,30.7549991607666,30.420000076293945,30.625,30.635000228881836,843600.0,21.885839462280273
2005-10-20,30.889999389648438,30.350000381469727,30.600000381469727,30.5,1046600.0,21.789403915405273
2005-10-21,30.704999923706055,30.399999618530273,30.530000686645508,30.434999465942383,1568200.0,21.742956161499023
2005-10-24,30.68000030517578,30.459999084472656,30.5,30.645000457763672,468400.0,21.89298439025879
2005-10-25,30.75,30.485000610351562,30.684999465942383,30.56999969482422,505200.0,21.83940315246582
2005-10-26,30.8700008392334,30.44499969482422,30.575000762939453,30.520000457763672,983400.0,21.80368423461914
2005-10-27,30.614999771118164,30.44499969482422,30.5,30.450000762939453,1012000.0,21.753677368164062
2005-10-28,30.59000015258789,30.395000457763672,30.5,30.450000762939453,1108000.0,21.753677368164062
2005-10-31,30.959999084472656,30.575000762939453,30.600000381469727,30.850000381469727,889800.0,22.039443969726562
2005-11-01,31.8700008392334,31.184999465942383,31.549999237060547,31.424999237060547,1804600.0,22.450231552124023
2005-11-02,32.13999938964844,31.325000762939453,31.450000762939453,31.950000762939453,1600400.0,22.825292587280273
2005-11-03,32.0,31.639999389648438,32.0,31.700000762939453,858800.0,22.646692276000977
2005-11-04,32.29999923706055,31.69499969482422,31.700000762939453,32.04999923706055,1255600.0,22.896726608276367
2005-11-07,32.33000183105469,32.0,32.119998931884766,32.2599983215332,925800.0,23.046754837036133
2005-11-08,32.44499969482422,32.15999984741211,32.15999984741211,32.28499984741211,835800.0,23.064613342285156
2005-11-09,32.970001220703125,32.224998474121094,32.290000915527344,32.95500183105469,1614400.0,23.543262481689453
2005-11-10,33.54999923706055,32.959999084472656,32.959999084472656,33.5099983215332,1313400.0,23.93976593017578
2005-11-11,33.6150016784668,33.42499923706055,33.53499984741211,33.525001525878906,487200.0,23.950477600097656
2005-11-14,33.875,33.45000076293945,33.4900016784668,33.810001373291016,587400.0,24.154081344604492
2005-11-15,33.79499816894531,33.44499969482422,33.75,33.650001525878906,672800.0,24.03977394104004
2005-11-16,33.70000076293945,33.45000076293945,33.665000915527344,33.69499969482422,642600.0,24.071922302246094
2005-11-17,33.869998931884766,33.58000183105469,33.69499969482422,33.619998931884766,770800.0,24.018348693847656
2005-11-18,33.63999938964844,33.130001068115234,33.63999938964844,33.224998474121094,860800.0,23.73615074157715
2005-11-21,33.60499954223633,32.95000076293945,33.224998474121094,33.474998474121094,891800.0,23.914756774902344
2005-11-22,33.44499969482422,32.97999954223633,33.25,33.2400016784668,719800.0,23.746868133544922
2005-11-23,33.404998779296875,33.1150016784668,33.1150016784668,33.36000061035156,302600.0,23.832599639892578
2005-11-25,33.625,33.34000015258789,33.40999984741211,33.349998474121094,411000.0,23.825454711914062
2005-11-28,33.51499938964844,33.23500061035156,33.25,33.255001068115234,490200.0,23.87211799621582
2005-11-29,33.619998931884766,33.36000061035156,33.375,33.40999984741211,867800.0,23.983386993408203
2005-11-30,33.70000076293945,33.2599983215332,33.5,33.29499816894531,556000.0,23.900827407836914
2005-12-01,33.48500061035156,33.334999084472656,33.349998474121094,33.400001525878906,575000.0,23.976205825805664
2005-12-02,33.59000015258789,33.349998474121094,33.474998474121094,33.54499816894531,679600.0,24.080291748046875
2005-12-05,33.505001068115234,33.01499938964844,33.5,33.084999084472656,737200.0,23.750080108642578
2005-12-06,33.35499954223633,33.07500076293945,33.07500076293945,33.19499969482422,483200.0,23.82904624938965
2005-12-07,33.25,32.8650016784668,33.19499969482422,32.875,408600.0,23.599332809448242
2005-12-08,32.9900016784668,32.689998626708984,32.849998474121094,32.744998931884766,485200.0,23.506013870239258
2005-12-09,32.92499923706055,32.70500183105469,32.814998626708984,32.709999084472656,350600.0,23.480886459350586
2005-12-12,32.849998474121094,32.53499984741211,32.724998474121094,32.70000076293945,360400.0,23.473709106445312
2005-12-13,33.244998931884766,32.7599983215332,32.7599983215332,33.17499923706055,658800.0,23.814687728881836
2005-12-14,33.29499816894531,32.96500015258789,33.130001068115234,33.22999954223633,328400.0,23.85417366027832
2005-12-15,33.22999954223633,32.755001068115234,33.224998474121094,32.93000030517578,996000.0,23.638822555541992
2005-12-16,33.3650016784668,32.96500015258789,33.05500030517578,33.1150016784668,1242000.0,23.771617889404297
2005-12-19,33.2599983215332,32.720001220703125,33.064998626708984,32.744998931884766,549800.0,23.506013870239258
2005-12-20,32.89500045776367,32.56999969482422,32.83000183105469,32.64500045776367,516800.0,23.434226989746094
2005-12-21,32.84000015258789,32.619998931884766,32.650001525878906,32.75,515200.0,23.509601593017578
2005-12-22,33.130001068115234,32.81999969482422,32.81999969482422,33.125,830400.0,23.77880096435547
2005-12-23,33.18000030517578,33.04999923706055,33.095001220703125,33.13999938964844,458200.0,23.789552688598633
2005-12-27,33.72999954223633,33.125,33.16999816894531,33.57500076293945,603600.0,24.10182762145996
2005-12-28,33.625,33.470001220703125,33.57500076293945,33.51499938964844,309200.0,24.058759689331055
2005-12-29,33.625,33.41999816894531,33.51499938964844,33.5099983215332,445000.0,24.055164337158203
2005-12-30,33.54499816894531,33.369998931884766,33.45000076293945,33.494998931884766,308000.0,24.044403076171875
2006-01-03,33.70000076293945,33.224998474121094,33.5,33.57500076293945,620800.0,24.10182762145996
2006-01-04,33.625,33.334999084472656,33.57500076293945,33.42499923706055,655200.0,23.994150161743164
2006-01-05,33.5,33.224998474121094,33.3849983215332,33.47999954223633,791600.0,24.033628463745117
2006-01-06,34.03499984741211,33.4900016784668,33.494998931884766,34.0,653600.0,24.406917572021484
2006-01-09,34.43000030517578,33.91999816894531,33.91999816894531,34.40999984741211,638800.0,24.70123291015625
2006-01-10,34.38999938964844,34.04499816894531,34.36000061035156,34.275001525878906,348000.0,24.604320526123047
2006-01-11,34.775001525878906,34.43000030517578,34.5,34.619998931884766,789000.0,24.85198211669922
2006-01-12,34.584999084472656,34.07500076293945,34.584999084472656,34.34000015258789,465200.0,24.650985717773438
2006-01-13,34.474998474121094,34.334999084472656,34.44499969482422,34.42499923706055,506200.0,24.71200180053711
2006-01-17,34.255001068115234,33.10499954223633,34.25,33.30500030517578,1946800.0,23.90801239013672
2006-01-18,33.53499984741211,32.599998474121094,33.30500030517578,32.60499954223633,1865200.0,23.405513763427734
2006-01-19,32.720001220703125,32.279998779296875,32.60499954223633,32.470001220703125,2149600.0,23.308603286743164
2006-01-20,32.72999954223633,32.40999984741211,32.4900016784668,32.529998779296875,1357200.0,23.35167121887207
2006-01-23,32.689998626708984,32.07500076293945,32.529998779296875,32.15999984741211,1240600.0,23.086069107055664
2006-01-24,32.27000045776367,31.600000381469727,32.1349983215332,31.614999771118164,2029800.0,22.69484519958496
2006-01-25,31.899999618530273,31.34000015258789,31.899999618530273,31.405000686645508,1790400.0,22.54410171508789
2006-01-26,31.6200008392334,31.104999542236328,31.524999618530273,31.174999237060547,2306400.0,22.37898826599121
2006-01-27,31.350000381469727,30.905000686645508,30.950000762939453,31.31999969482422,1491000.0,22.483081817626953
2006-01-30,31.399999618530273,31.079999923706055,31.2549991607666,31.18000030517578,1493000.0,22.382579803466797
2006-01-31,31.424999237060547,31.200000762939453,31.25,31.25,947000.0,22.432825088500977
2006-02-01,31.5,31.18000030517578,31.2549991607666,31.28499984741211,971200.0,22.457948684692383
2006-02-02,31.475000381469727,31.040000915527344,31.28499984741211,31.375,1150400.0,22.522554397583008
2006-02-03,31.40999984741211,31.225000381469727,31.3799991607666,31.270000457763672,827000.0,22.447179794311523
2006-02-06,31.459999084472656,31.184999465942383,31.299999237060547,31.28499984741211,753400.0,22.457948684692383
2006-02-07,31.5049991607666,31.219999313354492,31.344999313354492,31.385000228881836,684000.0,22.529735565185547
2006-02-08,31.80500030517578,31.325000762939453,31.3799991607666,31.735000610351562,916600.0,22.780981063842773
2006-02-09,31.90999984741211,30.375,30.75,31.5,6091200.0,22.61228370666504
2006-02-10,31.71500015258789,31.5,31.5,31.614999771118164,1080600.0,22.69484519958496
2006-02-13,31.780000686645508,31.514999389648438,31.6200008392334,31.729999542236328,444400.0,22.777389526367188
2006-02-14,31.8700008392334,31.549999237060547,31.625,31.850000381469727,713000.0,22.863527297973633
2006-02-15,31.864999771118164,31.600000381469727,31.864999771118164,31.760000228881836,724600.0,22.79892921447754
2006-02-16,31.844999313354492,31.559999465942383,31.75,31.645000457763672,452200.0,22.716379165649414
2006-02-17,31.704999923706055,31.399999618530273,31.635000228881836,31.6200008392334,742400.0,22.698427200317383
2006-02-21,31.7450008392334,31.55500030517578,31.56999969482422,31.645000457763672,440400.0,22.716379165649414
2006-02-22,32.084999084472656,31.704999923706055,31.71500015258789,31.93000030517578,1701200.0,22.920957565307617
2006-02-23,32.005001068115234,31.81999969482422,31.899999618530273,31.864999771118164,519200.0,22.874305725097656
2006-02-24,31.8700008392334,31.3700008392334,31.774999618530273,31.584999084472656,675600.0,22.787729263305664
2006-02-27,31.594999313354492,31.34000015258789,31.399999618530273,31.485000610351562,800400.0,22.715579986572266
2006-02-28,31.600000381469727,31.2549991607666,31.479999542236328,31.375,631000.0,22.636213302612305
2006-03-01,31.31999969482422,31.25,31.299999237060547,31.280000686645508,548200.0,22.567678451538086
2006-03-02,32.47999954223633,31.600000381469727,31.625,32.380001068115234,1908200.0,23.361297607421875
2006-03-03,33.189998626708984,32.35499954223633,32.3849983215332,32.54999923706055,1315000.0,23.48394203186035
2006-03-06,32.900001525878906,32.560001373291016,32.625,32.685001373291016,1197600.0,23.581350326538086
2006-03-07,32.78499984741211,32.33000183105469,32.69499969482422,32.744998931884766,956800.0,23.624635696411133
2006-03-08,34.22999954223633,33.09000015258789,33.244998931884766,34.0,2822200.0,24.530086517333984
2006-03-09,34.29499816894531,33.880001068115234,33.900001525878906,34.1349983215332,1303800.0,24.62748146057129
2006-03-10,34.375,33.970001220703125,34.19499969482422,34.130001068115234,1411400.0,24.623870849609375
2006-03-13,34.314998626708984,33.79999923706055,34.279998779296875,33.79999923706055,604200.0,24.385784149169922
2006-03-14,34.29499816894531,33.96500015258789,33.97999954223633,34.220001220703125,964600.0,24.688812255859375
2006-03-15,34.36000061035156,34.0099983215332,34.185001373291016,34.36000061035156,676200.0,24.789813995361328
2006-03-16,34.79999923706055,34.34000015258789,34.349998474121094,34.67499923706055,733800.0,25.01707649230957
2006-03-17,34.974998474121094,34.810001373291016,34.96500015258789,34.974998474121094,946000.0,25.233518600463867
2006-03-20,35.30500030517578,34.880001068115234,34.974998474121094,35.275001525878906,1097400.0,25.449962615966797
2006-03-21,35.38999938964844,34.8849983215332,35.334999084472656,35.005001068115234,669800.0,25.255159378051758
2006-03-22,35.29499816894531,34.88999938964844,35.005001068115234,35.21500015258789,714800.0,25.40666961669922
2006-03-23,35.20000076293945,34.82500076293945,35.20000076293945,34.974998474121094,480400.0,25.233518600463867
2006-03-24,34.95000076293945,34.650001525878906,34.95000076293945,34.790000915527344,832600.0,25.100040435791016
2006-03-27,34.790000915527344,34.540000915527344,34.790000915527344,34.54999923706055,687400.0,24.926891326904297
2006-03-28,34.68000030517578,34.10499954223633,34.55500030517578,34.165000915527344,1149000.0,24.64912986755371
2006-03-29,34.494998931884766,34.14500045776367,34.290000915527344,34.42499923706055,1047000.0,24.836713790893555
2006-03-30,34.709999084472656,34.20000076293945,34.474998474121094,34.345001220703125,571200.0,24.77898597717285
2006-03-31,34.48500061035156,34.275001525878906,34.29999923706055,34.310001373291016,330200.0,24.753732681274414
2006-04-03,34.57500076293945,34.099998474121094,34.400001525878906,34.57500076293945,1048800.0,24.94493865966797
2006-04-04,34.84000015258789,34.349998474121094,34.67499923706055,34.42499923706055,677600.0,24.836713790893555
2006-04-05,34.66999816894531,34.20000076293945,34.32500076293945,34.255001068115234,1248400.0,24.71406364440918
2006-04-06,34.599998474121094,34.25,34.255001068115234,34.505001068115234,781400.0,24.894424438476562
2006-04-07,34.529998779296875,34.15999984741211,34.5,34.17499923706055,1156200.0,24.656339645385742
2006-04-10,34.03499984741211,33.275001525878906,33.29999923706055,34.0,1553400.0,24.530086517333984
2006-04-11,34.040000915527344,33.70000076293945,34.0,33.78499984741211,2164400.0,24.374961853027344
2006-04-12,33.8650016784668,33.3650016784668,33.78499984741211,33.584999084472656,1217800.0,24.230682373046875
2006-04-13,33.70500183105469,33.35499954223633,33.459999084472656,33.599998474121094,399000.0,24.24148941040039
2006-04-17,33.724998474121094,33.435001373291016,33.595001220703125,33.505001068115234,328000.0,24.172956466674805
2006-04-18,33.75,33.125,33.42499923706055,33.70500183105469,887000.0,24.31725311279297
2006-04-19,33.915000915527344,33.650001525878906,33.67499923706055,33.68000030517578,370400.0,24.299213409423828
2006-04-20,34.0,33.51499938964844,33.529998779296875,33.69499969482422,403800.0,24.310029983520508
2006-04-21,35.60499954223633,34.400001525878906,34.54999923706055,35.31999969482422,3071400.0,25.482431411743164
2006-04-24,36.31999969482422,34.900001525878906,35.0,36.165000915527344,2908800.0,26.092079162597656
2006-04-25,36.5,35.974998474121094,36.18000030517578,36.45000076293945,1499800.0,26.297704696655273
2006-04-26,36.97999954223633,36.29999923706055,36.3650016784668,36.70000076293945,1511000.0,26.478055953979492
2006-04-27,36.900001525878906,36.25,36.689998626708984,36.8849983215332,1104000.0,26.611536026000977
2006-04-28,37.04999923706055,36.650001525878906,36.79999923706055,36.93000030517578,955000.0,26.644014358520508
2006-05-01,36.42499923706055,35.70000076293945,36.400001525878906,35.75,2337600.0,25.79265785217285
2006-05-02,35.375,34.25,35.375,34.5099983215332,3320000.0,24.898038864135742
2006-05-03,34.125,33.40999984741211,34.0,33.470001220703125,2148600.0,24.1476993560791
2006-05-04,33.80500030517578,33.40999984741211,33.470001220703125,33.54999923706055,849600.0,24.20541763305664
2006-05-05,33.8849983215332,33.400001525878906,33.650001525878906,33.724998474121094,936000.0,24.33167839050293
2006-05-08,34.0,33.68000030517578,33.82500076293945,33.779998779296875,773400.0,24.37135124206543
2006-05-09,34.0099983215332,33.67499923706055,33.77000045776367,33.80500030517578,635600.0,24.389400482177734
2006-05-10,34.0,33.415000915527344,33.79999923706055,33.55500030517578,519800.0,24.209028244018555
2006-05-11,33.77000045776367,33.01499938964844,33.55500030517578,33.060001373291016,857600.0,23.851905822753906
2006-05-12,33.33000183105469,32.75,33.060001373291016,32.939998626708984,814200.0,23.76531982421875
2006-05-15,33.25,32.900001525878906,32.92499923706055,33.22999954223633,750800.0,23.974550247192383
2006-05-16,33.275001525878906,33.0,33.224998474121094,33.07500076293945,521000.0,23.86271858215332
2006-05-17,33.18000030517578,32.89500045776367,33.0,32.91999816894531,939000.0,23.750892639160156
2006-05-18,32.974998474121094,32.35499954223633,32.900001525878906,32.435001373291016,914200.0,23.400981903076172
2006-05-19,32.67499923706055,32.33000183105469,32.57500076293945,32.46500015258789,1416600.0,23.422622680664062
2006-05-22,32.5,31.96500015258789,32.25,32.125,947200.0,23.177318572998047
2006-05-23,32.494998931884766,32.0,32.165000915527344,32.005001068115234,674000.0,23.090744018554688
2006-05-24,32.125,31.71500015258789,31.829999923706055,32.0,805800.0,23.087139129638672
2006-05-25,32.26499938964844,31.850000381469727,32.04499816894531,32.0,641200.0,23.087139129638672
2006-05-26,32.23500061035156,31.854999542236328,31.864999771118164,31.989999771118164,571200.0,23.19590187072754
2006-05-30,32.275001525878906,31.78499984741211,31.989999771118164,32.0,662400.0,23.20315933227539
2006-05-31,32.40999984741211,32.005001068115234,32.04999923706055,32.38999938964844,817600.0,23.48594093322754
2006-06-01,33.154998779296875,32.38999938964844,32.40999984741211,33.154998779296875,2611200.0,24.0406436920166
2006-06-02,33.224998474121094,32.93000030517578,33.1349983215332,33.1150016784668,684200.0,24.011638641357422
2006-06-05,33.18000030517578,32.744998931884766,33.0,32.814998626708984,620400.0,23.79410743713379
2006-06-06,32.95000076293945,32.584999084472656,32.82500076293945,32.900001525878906,624800.0,23.855749130249023
2006-06-07,34.724998474121094,32.95500183105469,33.025001525878906,33.970001220703125,3702800.0,24.631595611572266
2006-06-08,34.32500076293945,33.625,33.959999084472656,34.099998474121094,1592600.0,24.725862503051758
2006-06-09,34.349998474121094,33.91999816894531,34.0099983215332,33.97999954223633,441400.0,24.638845443725586
2006-06-12,34.18000030517578,33.73500061035156,34.07500076293945,33.73500061035156,630400.0,24.461204528808594
2006-06-13,34.244998931884766,33.75,33.75,33.959999084472656,1094600.0,24.624343872070312
2006-06-14,34.099998474121094,33.55500030517578,33.875,33.7400016784668,584000.0,24.464828491210938
2006-06-15,34.20000076293945,33.71500015258789,33.79499816894531,34.10499954223633,921200.0,24.729480743408203
2006-06-16,34.16999816894531,33.75,34.0,33.790000915527344,750800.0,24.501081466674805
2006-06-19,33.90999984741211,33.26499938964844,33.875,33.38999938964844,522200.0,24.211040496826172
2006-06-20,34.04499816894531,33.45000076293945,33.51499938964844,33.93000030517578,625000.0,24.60259437561035
2006-06-21,34.3650016784668,33.85499954223633,34.01499938964844,34.17499923706055,657400.0,24.780242919921875
2006-06-22,34.290000915527344,33.810001373291016,34.290000915527344,34.040000915527344,519400.0,24.682353973388672
2006-06-23,33.96500015258789,33.685001373291016,33.96500015258789,33.79999923706055,737200.0,24.50832748413086
2006-06-26,34.04499816894531,33.79499816894531,33.900001525878906,33.88999938964844,317600.0,24.573589324951172
2006-06-27,33.974998474121094,33.68000030517578,33.82500076293945,33.724998474121094,505000.0,24.453948974609375
2006-06-28,33.875,33.71500015258789,33.72999954223633,33.790000915527344,873200.0,24.501081466674805
2006-06-29,34.25,33.82500076293945,33.82500076293945,34.20000076293945,1168400.0,24.798364639282227
2006-06-30,34.310001373291016,33.834999084472656,34.25,33.939998626708984,812000.0,24.609838485717773
2006-07-03,34.13999938964844,33.904998779296875,33.95000076293945,34.07500076293945,346400.0,24.707733154296875
2006-07-05,34.2400016784668,33.900001525878906,34.0,34.165000915527344,721600.0,24.772993087768555
2006-07-06,34.3650016784668,34.119998931884766,34.189998626708984,34.154998779296875,524000.0,24.76573944091797
2006-07-07,34.70000076293945,34.154998779296875,34.154998779296875,34.48500061035156,816000.0,25.00502586364746
2006-07-10,34.6150016784668,34.42499923706055,34.4900016784668,34.564998626708984,400400.0,25.063034057617188
2006-07-11,34.81999969482422,34.5,34.560001373291016,34.790000915527344,571000.0,25.22616958618164
2006-07-12,35.1349983215332,34.75,34.78499984741211,34.86000061035156,909400.0,25.27693748474121
2006-07-13,34.790000915527344,34.220001220703125,34.599998474121094,34.310001373291016,766200.0,24.87812614440918
2006-07-14,34.45000076293945,34.119998931884766,34.400001525878906,34.20000076293945,571600.0,24.798364639282227
2006-07-17,34.59000015258789,33.755001068115234,33.755001068115234,34.57500076293945,840200.0,25.070287704467773
2006-07-18,34.939998626708984,34.63999938964844,34.70000076293945,34.880001068115234,824200.0,25.291433334350586
2006-07-19,35.42499923706055,34.8650016784668,34.90999984741211,35.310001373291016,1723400.0,25.603235244750977
2006-07-20,35.42499923706055,35.20000076293945,35.29999923706055,35.22999954223633,683000.0,25.545228958129883
2006-07-21,35.48500061035156,34.97999954223633,35.400001525878906,35.18000030517578,813600.0,25.50897216796875
2006-07-24,35.3650016784668,34.9900016784668,35.15999984741211,35.10499954223633,681600.0,25.454586029052734
2006-07-25,35.25,34.875,35.05500030517578,35.154998779296875,665000.0,25.49083709716797
2006-07-26,35.779998779296875,35.34000015258789,35.39500045776367,35.689998626708984,1495800.0,25.87876319885254
2006-07-27,35.95000076293945,35.150001525878906,35.814998626708984,35.19499969482422,641800.0,25.519847869873047
2006-07-28,35.900001525878906,34.7599983215332,34.7599983215332,35.34000015258789,827000.0,25.62498664855957
2006-07-31,35.724998474121094,35.060001373291016,35.25,35.724998474121094,995200.0,25.904136657714844
2006-08-01,35.45500183105469,33.0,35.45000076293945,33.75,4434200.0,24.472074508666992
2006-08-02,34.07500076293945,33.375,33.744998931884766,33.56999969482422,1504200.0,24.341556549072266
2006-08-03,33.724998474121094,33.349998474121094,33.57500076293945,33.46500015258789,2650200.0,24.265419006347656
2006-08-04,33.564998626708984,32.720001220703125,33.54999923706055,33.10499954223633,1365200.0,24.00438690185547
2006-08-07,33.60499954223633,32.98500061035156,33.099998474121094,33.20500183105469,868600.0,24.076900482177734
2006-08-08,33.625,33.310001373291016,33.310001373291016,33.45500183105469,836800.0,24.258176803588867
2006-08-09,33.83000183105469,33.380001068115234,33.69499969482422,33.5,776400.0,24.290803909301758
2006-08-10,33.72999954223633,33.3650016784668,33.53499984741211,33.55500030517578,815400.0,24.33068084716797
2006-08-11,33.875,33.400001525878906,33.54999923706055,33.79499816894531,546600.0,24.50469970703125
2006-08-14,34.55500030517578,33.95500183105469,33.959999084472656,34.349998474121094,1030600.0,24.907129287719727
2006-08-15,34.720001220703125,34.310001373291016,34.5,34.64500045776367,474600.0,25.12104606628418
2006-08-16,34.915000915527344,34.474998474121094,34.77000045776367,34.845001220703125,613800.0,25.26606559753418
2006-08-17,35.08000183105469,34.43000030517578,34.720001220703125,35.07500076293945,1035600.0,25.432832717895508
2006-08-18,35.08000183105469,34.619998931884766,35.07500076293945,34.67499923706055,616000.0,25.14278793334961
2006-08-21,34.724998474121094,34.459999084472656,34.67499923706055,34.60499954223633,331600.0,25.092037200927734
2006-08-22,34.88999938964844,34.6150016784668,34.630001068115234,34.70000076293945,449600.0,25.16091537475586
2006-08-23,34.86000061035156,34.54499816894531,34.560001373291016,34.54999923706055,295800.0,25.052152633666992
2006-08-24,34.709999084472656,34.40999984741211,34.599998474121094,34.53499984741211,581000.0,25.041278839111328
2006-08-25,34.79999923706055,34.529998779296875,34.54499816894531,34.75,572200.0,25.197168350219727
2006-08-28,34.939998626708984,34.75,34.75,34.84000015258789,737000.0,25.262439727783203
2006-08-29,35.0,34.775001525878906,34.875,34.939998626708984,979000.0,25.45183563232422
2006-08-30,35.04999923706055,34.69499969482422,35.04999923706055,34.73500061035156,605800.0,25.3024959564209
2006-08-31,35.165000915527344,34.654998779296875,35.0099983215332,35.150001525878906,723200.0,25.604795455932617
2006-09-01,35.275001525878906,34.93000030517578,35.04999923706055,35.064998626708984,1304400.0,25.542882919311523
2006-09-05,35.17499923706055,34.939998626708984,35.0,35.10499954223633,753600.0,25.572019577026367
2006-09-06,35.39500045776367,34.814998626708984,35.099998474121094,34.89500045776367,1769600.0,25.419048309326172
2006-09-07,34.95000076293945,34.54499816894531,34.89500045776367,34.814998626708984,658400.0,25.36077880859375
2006-09-08,35.0099983215332,34.79499816894531,34.81999969482422,34.93000030517578,496600.0,25.444555282592773
2006-09-11,34.93000030517578,34.029998779296875,34.93000030517578,34.064998626708984,1781800.0,24.8144474029541
2006-09-12,34.19499969482422,33.1150016784668,33.665000915527344,33.79999923706055,1680400.0,24.62139892578125
2006-09-13,33.77000045776367,33.32500076293945,33.75,33.38999938964844,1564400.0,24.322742462158203
2006-09-14,34.724998474121094,33.45000076293945,33.474998474121094,33.790000915527344,2004200.0,24.614124298095703
2006-09-15,34.165000915527344,33.77000045776367,33.98500061035156,34.0,2849200.0,24.767093658447266
2006-09-18,34.25,33.88999938964844,34.04999923706055,34.01499938964844,622600.0,24.77800941467285
2006-09-19,34.404998779296875,33.85499954223633,34.404998779296875,34.060001373291016,468800.0,24.810802459716797
2006-09-20,34.29499816894531,34.01499938964844,34.029998779296875,34.189998626708984,501000.0,24.90549659729004
2006-09-21,34.34000015258789,33.435001373291016,34.25,33.51499938964844,891600.0,24.413799285888672
2006-09-22,33.7400016784668,33.185001373291016,33.58000183105469,33.66999816894531,1479400.0,24.52670669555664
2006-09-25,34.619998931884766,33.7400016784668,34.619998931884766,34.279998779296875,1085600.0,24.97105598449707
2006-09-26,34.525001525878906,34.025001525878906,34.30500030517578,34.46500015258789,997800.0,25.105823516845703
2006-09-27,34.470001220703125,34.084999084472656,34.46500015258789,34.20000076293945,948400.0,24.91277503967285
2006-09-28,34.2599983215332,34.03499984741211,34.20000076293945,34.130001068115234,396600.0,24.86178207397461
2006-09-29,34.45000076293945,34.20500183105469,34.220001220703125,34.45000076293945,650200.0,25.094894409179688
2006-10-02,34.540000915527344,34.130001068115234,34.349998474121094,34.34000015258789,765800.0,25.0147705078125
2006-10-03,34.35499954223633,34.07500076293945,34.29999923706055,34.209999084472656,748400.0,24.920063018798828
2006-10-04,34.654998779296875,33.91999816894531,34.2400016784668,34.54999923706055,555600.0,25.16773223876953
2006-10-05,34.18000030517578,32.224998474121094,33.849998474121094,32.29499816894531,3196000.0,23.525087356567383
2006-10-06,33.1150016784668,32.125,32.29499816894531,32.935001373291016,1535800.0,23.991304397583008
2006-10-09,32.994998931884766,32.53499984741211,32.935001373291016,32.70000076293945,522600.0,23.82011604309082
2006-10-10,33.04499816894531,32.54999923706055,32.8650016784668,32.744998931884766,1016400.0,23.852893829345703
2006-10-11,32.744998931884766,32.35499954223633,32.5,32.400001525878906,1180600.0,23.601585388183594
2006-10-12,33.33000183105469,32.41999816894531,32.41999816894531,33.275001525878906,1334000.0,24.23896598815918
2006-10-13,33.38999938964844,33.005001068115234,33.2400016784668,33.3849983215332,862200.0,24.319101333618164
2006-10-16,33.63999938964844,33.224998474121094,33.345001220703125,33.560001373291016,856600.0,24.446578979492188
2006-10-17,33.8849983215332,33.470001220703125,33.57500076293945,33.8650016784668,899000.0,24.66875648498535
2006-10-18,34.084999084472656,33.834999084472656,33.95000076293945,34.05500030517578,930400.0,24.80714988708496
2006-10-19,34.08000183105469,33.709999084472656,33.95000076293945,33.93000030517578,628200.0,24.716096878051758
2006-10-20,34.20000076293945,33.904998779296875,34.005001068115234,34.185001373291016,836200.0,24.9018611907959
2006-10-23,34.56999969482422,34.11000061035156,34.224998474121094,34.540000915527344,959600.0,25.16045379638672
2006-10-24,34.35499954223633,34.11000061035156,34.35499954223633,34.224998474121094,686400.0,24.930988311767578
2006-10-25,34.53499984741211,34.18000030517578,34.18000030517578,34.51499938964844,1061600.0,25.142240524291992
2006-10-26,34.54999923706055,34.165000915527344,34.48500061035156,34.224998474121094,1130400.0,24.930988311767578
2006-10-27,34.25,33.900001525878906,34.13999938964844,34.0,1018200.0,24.767093658447266
2006-10-30,34.04999923706055,33.810001373291016,33.95000076293945,33.904998779296875,757200.0,24.697893142700195
2006-10-31,36.13999938964844,34.525001525878906,34.900001525878906,35.59000015258789,5665200.0,25.925315856933594
2006-11-01,35.994998931884766,35.06999969482422,35.5,35.94499969482422,3488000.0,26.18389892578125
2006-11-02,35.834999084472656,35.41999816894531,35.79999923706055,35.560001373291016,1383400.0,25.90346908569336
2006-11-03,35.599998474121094,35.064998626708984,35.474998474121094,35.255001068115234,1329400.0,25.681278228759766
2006-11-06,35.79999923706055,35.189998626708984,35.189998626708984,35.75,1513000.0,26.041866302490234
2006-11-07,35.875,35.53499984741211,35.654998779296875,35.75,930600.0,26.041866302490234
2006-11-08,35.82500076293945,35.505001068115234,35.529998779296875,35.7400016784668,1173000.0,26.034587860107422
2006-11-09,35.88999938964844,35.654998779296875,35.755001068115234,35.72999954223633,1523000.0,26.027301788330078
2006-11-10,35.915000915527344,35.720001220703125,35.814998626708984,35.86000061035156,1443200.0,26.12199592590332
2006-11-13,35.92499923706055,35.70000076293945,35.900001525878906,35.77000045776367,1934800.0,26.056438446044922
2006-11-14,35.900001525878906,35.599998474121094,35.89500045776367,35.685001373291016,1497200.0,25.994518280029297
2006-11-15,35.790000915527344,35.564998626708984,35.7400016784668,35.595001220703125,1015800.0,25.928953170776367
2006-11-16,35.775001525878906,35.54999923706055,35.60499954223633,35.60499954223633,1334200.0,25.936243057250977
2006-11-17,35.709999084472656,35.474998474121094,35.60499954223633,35.5,1547400.0,25.859764099121094
2006-11-20,35.625,35.23500061035156,35.38999938964844,35.23500061035156,666600.0,25.66672706604004
2006-11-21,35.41999816894531,35.1349983215332,35.23500061035156,35.14500045776367,1116200.0,25.601158142089844
2006-11-22,35.40999984741211,35.19499969482422,35.224998474121094,35.220001220703125,652400.0,25.655792236328125
2006-11-24,35.4900016784668,35.154998779296875,35.275001525878906,35.35499954223633,416200.0,25.754131317138672
2006-11-27,35.5,34.900001525878906,35.22999954223633,35.01499938964844,1201200.0,25.506460189819336
2006-11-28,35.28499984741211,34.724998474121094,34.724998474121094,35.099998474121094,1170000.0,25.685749053955078
2006-11-29,35.3849983215332,35.04999923706055,35.20000076293945,35.32500076293945,800200.0,25.850404739379883
2006-11-30,35.709999084472656,35.35499954223633,35.3650016784668,35.540000915527344,2410800.0,26.007734298706055
2006-12-01,35.75,35.45000076293945,35.53499984741211,35.54499816894531,1262000.0,26.011396408081055
2006-12-04,35.935001373291016,35.650001525878906,35.650001525878906,35.70000076293945,1246800.0,26.124828338623047
2006-12-05,36.185001373291016,35.6349983215332,35.79999923706055,36.13999938964844,1470800.0,26.44681167602539
2006-12-06,36.15999984741211,36.02000045776367,36.060001373291016,36.130001068115234,575200.0,26.439491271972656
2006-12-07,36.20000076293945,35.599998474121094,35.96500015258789,36.11000061035156,702800.0,26.424863815307617
2006-12-08,36.290000915527344,35.92499923706055,35.92499923706055,36.244998931884766,686000.0,26.52365493774414
2006-12-11,37.0,36.29999923706055,36.32500076293945,36.875,1477000.0,26.98467445373535
2006-12-12,36.95000076293945,36.73500061035156,36.779998779296875,36.91999816894531,861200.0,27.017602920532227
2006-12-13,37.375,36.95000076293945,37.0,37.290000915527344,1043400.0,27.288366317749023
2006-12-14,37.5,37.18000030517578,37.25,37.435001373291016,1625000.0,27.394474029541016
2006-12-15,37.474998474121094,36.904998779296875,37.29999923706055,36.95000076293945,1397400.0,27.039554595947266
2006-12-18,37.400001525878906,36.95000076293945,36.974998474121094,37.400001525878906,857400.0,27.368860244750977
2006-12-19,37.48500061035156,37.21500015258789,37.400001525878906,37.39500045776367,667000.0,27.36520767211914
2006-12-20,37.779998779296875,37.369998931884766,37.375,37.720001220703125,1352200.0,27.60304832458496
2006-12-21,37.935001373291016,37.52000045776367,37.724998474121094,37.904998779296875,869000.0,27.738418579101562
2006-12-22,38.1150016784668,37.775001525878906,37.994998931884766,37.974998474121094,908000.0,27.789644241333008
2006-12-26,38.2599983215332,37.939998626708984,37.97999954223633,38.224998474121094,436200.0,27.972599029541016
2006-12-27,38.380001068115234,38.185001373291016,38.22999954223633,38.380001068115234,383000.0,28.086013793945312
2006-12-28,38.494998931884766,38.209999084472656,38.35499954223633,38.380001068115234,322200.0,28.086013793945312
2006-12-29,38.38999938964844,38.17499923706055,38.345001220703125,38.220001220703125,468000.0,27.968929290771484
2007-01-03,39.1349983215332,37.88999938964844,38.5,39.0099983215332,1982800.0,28.54704475402832
2007-01-04,39.01499938964844,38.19499969482422,39.0099983215332,38.255001068115234,1552400.0,27.99454116821289
2007-01-05,38.255001068115234,37.685001373291016,38.255001068115234,37.720001220703125,1028000.0,27.60304832458496
2007-01-08,38.19499969482422,37.55500030517578,37.650001525878906,38.084999084472656,1150400.0,27.870140075683594
2007-01-09,38.099998474121094,37.70000076293945,38.07500076293945,37.79499816894531,935200.0,27.657913208007812
2007-01-10,38.5099983215332,37.79999923706055,37.849998474121094,38.3650016784668,2099200.0,28.07503890991211
2007-01-11,38.619998931884766,38.224998474121094,38.3650016784668,38.470001220703125,837800.0,28.151880264282227
2007-01-12,38.56999969482422,38.11000061035156,38.2400016784668,38.43000030517578,1170200.0,28.122596740722656
2007-01-16,38.689998626708984,38.27000045776367,38.57500076293945,38.470001220703125,1028600.0,28.151880264282227
2007-01-17,39.095001220703125,38.34000015258789,38.584999084472656,38.91999816894531,1319000.0,28.48117446899414
2007-01-18,39.005001068115234,38.7599983215332,38.91999816894531,38.904998779296875,801400.0,28.47020149230957
2007-01-19,39.005001068115234,38.75,38.900001525878906,38.97999954223633,1475800.0,28.52507972717285
2007-01-22,39.26499938964844,38.56999969482422,38.97999954223633,39.04999923706055,1596000.0,28.57630729675293
2007-01-23,39.779998779296875,38.849998474121094,39.04999923706055,39.474998474121094,2267000.0,28.887325286865234
2007-01-24,40.0,39.46500015258789,39.599998474121094,39.875,1029600.0,29.180044174194336
2007-01-25,40.125,39.875,39.900001525878906,39.959999084472656,2251000.0,29.24224090576172
2007-01-26,40.27000045776367,39.935001373291016,40.0,40.255001068115234,1679200.0,29.458118438720703
2007-01-29,40.505001068115234,40.0,40.505001068115234,40.18000030517578,1703400.0,29.40323257446289
2007-01-30,40.650001525878906,40.14500045776367,40.5,40.42499923706055,1660400.0,29.58251190185547
2007-01-31,40.54999923706055,40.17499923706055,40.54999923706055,40.400001525878906,1370400.0,29.56422996520996
2007-02-01,40.71500015258789,40.150001525878906,40.150001525878906,40.59000015258789,1858800.0,29.70326805114746
2007-02-02,40.595001220703125,40.310001373291016,40.5,40.42499923706055,1254400.0,29.58251190185547
2007-02-05,40.650001525878906,40.2599983215332,40.29999923706055,40.48500061035156,1183800.0,29.626420974731445
2007-02-06,40.720001220703125,40.34000015258789,40.54499816894531,40.68000030517578,2758200.0,29.769119262695312
2007-02-07,40.68000030517578,40.220001220703125,40.68000030517578,40.29499816894531,1174000.0,29.48739242553711
2007-02-08,40.689998626708984,40.30500030517578,40.400001525878906,40.66999816894531,930400.0,29.761804580688477
2007-02-09,41.150001525878906,40.650001525878906,40.67499923706055,40.95000076293945,1293600.0,29.96670913696289
2007-02-12,41.150001525878906,40.8849983215332,41.0,40.91999816894531,1278800.0,29.944753646850586
2007-02-13,41.459999084472656,40.91999816894531,40.91999816894531,41.29999923706055,725400.0,30.222829818725586
2007-02-14,41.79999923706055,41.20500183105469,41.375,41.23500061035156,1131000.0,30.175270080566406
2007-02-15,44.029998779296875,42.0,42.25,43.51499938964844,4313000.0,31.8437442779541
2007-02-16,43.52000045776367,40.625,43.51499938964844,43.30500030517578,6591000.0,31.690078735351562
2007-02-20,43.17499923706055,41.900001525878906,43.0,43.04999923706055,3160200.0,31.503459930419922
2007-02-21,43.40999984741211,42.66999816894531,43.029998779296875,43.28499984741211,1335600.0,31.675437927246094
2007-02-22,43.224998474121094,42.83000183105469,42.91999816894531,42.959999084472656,1496000.0,31.437610626220703
2007-02-23,43.0,42.505001068115234,42.73500061035156,42.54999923706055,798400.0,31.1375675201416
2007-02-26,43.314998626708984,42.45000076293945,42.5,43.30500030517578,1427200.0,31.809680938720703
2007-02-27,43.459999084472656,42.625,43.10499954223633,43.0099983215332,2439800.0,31.592981338500977
2007-02-28,43.04999923706055,42.10499954223633,43.0,42.220001220703125,2360200.0,31.012693405151367
2007-03-01,42.125,41.28499984741211,41.75,41.96500015258789,1875000.0,30.825380325317383
2007-03-02,42.064998626708984,41.40999984741211,41.875,41.415000915527344,966800.0,30.421375274658203
2007-03-05,42.220001220703125,41.505001068115234,41.57500076293945,41.71500015258789,1603600.0,30.641746520996094
2007-03-06,43.41999816894531,41.65999984741211,43.165000915527344,43.34000015258789,3650600.0,31.835386276245117
2007-03-07,43.47999954223633,42.625,43.25,42.67499923706055,2374200.0,31.34691047668457
2007-03-08,43.09000015258789,41.82500076293945,41.82500076293945,42.790000915527344,1468800.0,31.431396484375
2007-03-09,43.2400016784668,42.755001068115234,42.79999923706055,43.17499923706055,1033800.0,31.714187622070312
2007-03-12,43.525001525878906,42.959999084472656,43.14500045776367,43.3650016784668,1312800.0,31.853755950927734
2007-03-13,43.28499984741211,42.73500061035156,43.28499984741211,42.96500015258789,1495400.0,31.55992889404297
2007-03-14,43.939998626708984,42.86000061035156,42.94499969482422,43.849998474121094,2484600.0,32.21001434326172
2007-03-15,44.0099983215332,43.41999816894531,43.41999816894531,43.92499923706055,1210000.0,32.265106201171875
2007-03-16,44.834999084472656,44.25,44.5,44.415000915527344,2767800.0,32.62504577636719
2007-03-19,45.040000915527344,44.40999984741211,44.869998931884766,45.01499938964844,1251000.0,33.065757751464844
2007-03-20,45.459999084472656,44.875,45.03499984741211,45.415000915527344,1121400.0,33.359596252441406
2007-03-21,45.5,44.88999938964844,45.5,45.375,1924800.0,33.330204010009766
2007-03-22,45.57500076293945,45.279998779296875,45.400001525878906,45.51499938964844,1911400.0,33.43304443359375
2007-03-23,46.47999954223633,45.48500061035156,45.5,46.439998626708984,1911200.0,34.11247634887695
2007-03-26,46.685001373291016,46.130001068115234,46.439998626708984,46.630001068115234,990600.0,34.252071380615234
2007-03-27,46.95000076293945,46.185001373291016,46.505001068115234,46.7599983215332,2036600.0,34.34755325317383
2007-03-28,47.29999923706055,46.630001068115234,46.76499938964844,47.0,2263000.0,34.52384948730469
2007-03-29,47.5,46.71500015258789,47.20000076293945,46.9900016784668,1452400.0,34.516502380371094
2007-03-30,47.560001373291016,46.69499969482422,47.05500030517578,47.310001373291016,1333400.0,34.751548767089844
2007-04-02,47.689998626708984,47.1150016784668,47.25,47.19499969482422,2566200.0,34.667076110839844
2007-04-03,47.0,45.959999084472656,47.0,46.415000915527344,4924400.0,34.09413528442383
2007-04-04,47.55500030517578,46.33000183105469,46.5,47.25,2703400.0,34.70747756958008
2007-04-05,47.689998626708984,47.30500030517578,47.349998474121094,47.44499969482422,1158600.0,34.85071563720703
2007-04-09,47.814998626708984,47.209999084472656,47.540000915527344,47.400001525878906,1797600.0,34.81767272949219
2007-04-10,47.82500076293945,47.2599983215332,47.375,47.51499938964844,1796200.0,34.90212631225586
2007-04-11,47.650001525878906,47.38999938964844,47.54999923706055,47.584999084472656,1237200.0,34.95355987548828
2007-04-12,47.720001220703125,47.17499923706055,47.650001525878906,47.46500015258789,1021800.0,34.86540222167969
2007-04-13,47.849998474121094,47.44499969482422,47.599998474121094,47.51499938964844,1270200.0,34.90212631225586
2007-04-16,48.29499816894531,47.43000030517578,48.29499816894531,48.09000015258789,1843600.0,35.32450485229492
2007-04-17,48.154998779296875,47.720001220703125,48.1150016784668,47.880001068115234,1005400.0,35.17024612426758
2007-04-18,48.68000030517578,47.7400016784668,47.810001373291016,48.560001373291016,1373200.0,35.66973114013672
2007-04-19,48.45000076293945,47.849998474121094,48.45000076293945,47.94499969482422,1458600.0,35.217994689941406
2007-04-20,48.46500015258789,47.91999816894531,48.14500045776367,48.04999923706055,1059200.0,35.29512023925781
2007-04-23,48.79999923706055,48.040000915527344,48.79999923706055,48.2599983215332,1504200.0,35.44938278198242
2007-04-24,48.400001525878906,47.82500076293945,48.345001220703125,47.915000915527344,1613200.0,35.19594192504883
2007-04-25,48.38999938964844,46.86000061035156,47.959999084472656,46.904998779296875,2865200.0,34.45405960083008
2007-04-26,48.5,46.05500030517578,46.05500030517578,48.279998779296875,2142200.0,35.464073181152344
2007-04-27,48.39500045776367,47.92499923706055,48.28499984741211,48.0,1398600.0,35.258399963378906
2007-04-30,48.41999816894531,47.099998474121094,48.095001220703125,47.13999938964844,1847000.0,34.62668228149414
2007-05-01,47.45000076293945,46.7599983215332,47.04499816894531,47.17499923706055,1500200.0,34.65238952636719
2007-05-02,47.82500076293945,47.11000061035156,47.11000061035156,47.310001373291016,1542000.0,34.751548767089844
2007-05-03,48.279998779296875,47.369998931884766,47.369998931884766,48.0,1561000.0,35.258399963378906
2007-05-04,48.540000915527344,48.029998779296875,48.07500076293945,48.369998931884766,1281600.0,35.5301628112793
2007-05-07,48.5,47.92499923706055,48.38999938964844,48.029998779296875,1284000.0,35.280426025390625
2007-05-08,49.619998931884766,48.0,48.79999923706055,48.93000030517578,2603400.0,35.941524505615234
2007-05-09,48.65999984741211,47.45000076293945,48.630001068115234,47.46500015258789,2618000.0,34.86540222167969
2007-05-10,47.8849983215332,46.599998474121094,47.21500015258789,46.720001220703125,2106800.0,34.31817626953125
2007-05-11,46.970001220703125,46.125,46.619998931884766,46.279998779296875,1795600.0,33.994972229003906
2007-05-14,46.29499816894531,44.630001068115234,46.189998626708984,44.650001525878906,3130200.0,32.797637939453125
2007-05-15,45.310001373291016,44.30500030517578,44.54999923706055,44.880001068115234,3470600.0,32.96659851074219
2007-05-16,45.630001068115234,44.775001525878906,45.0,45.54499816894531,1713400.0,33.45505905151367
2007-05-17,45.375,44.959999084472656,45.375,45.11000061035156,1048200.0,33.13554763793945
2007-05-18,45.790000915527344,45.08000183105469,45.31999969482422,45.790000915527344,1227600.0,33.63501739501953
2007-05-21,45.82500076293945,45.31999969482422,45.67499923706055,45.63999938964844,1384400.0,33.52485656738281
2007-05-22,45.790000915527344,45.439998626708984,45.560001373291016,45.57500076293945,1564800.0,33.477115631103516
2007-05-23,45.810001373291016,45.21500015258789,45.59000015258789,45.34000015258789,1958000.0,33.30448532104492
2007-05-24,45.94499969482422,44.904998779296875,45.525001525878906,44.935001373291016,3369200.0,33.006996154785156
2007-05-25,45.45000076293945,44.814998626708984,45.125,44.93000030517578,1573000.0,33.003334045410156
2007-05-29,45.334999084472656,44.5,45.07500076293945,44.84000015258789,2108200.0,33.054927825927734
2007-05-30,45.33000183105469,44.779998779296875,44.84000015258789,44.974998474121094,1984000.0,33.15444564819336
2007-05-31,46.77000045776367,45.5,46.77000045776367,45.78499984741211,2340200.0,33.75154113769531
2007-06-01,45.994998931884766,45.6349983215332,45.689998626708984,45.7599983215332,1634800.0,33.733131408691406
2007-06-04,45.939998626708984,45.52000045776367,45.685001373291016,45.83000183105469,1406600.0,33.78472900390625
2007-06-05,46.0,45.28499984741211,45.7599983215332,45.55500030517578,1729400.0,33.582008361816406
2007-06-06,45.560001373291016,44.959999084472656,45.55500030517578,45.09000015258789,1468200.0,33.239219665527344
2007-06-07,45.224998474121094,44.290000915527344,44.94499969482422,44.29999923706055,1449600.0,32.65685272216797
2007-06-08,44.560001373291016,44.0099983215332,44.30500030517578,44.560001373291016,825800.0,32.848533630371094
2007-06-11,44.3650016784668,43.564998626708984,44.29999923706055,43.80500030517578,2702800.0,32.291954040527344
2007-06-12,45.584999084472656,43.790000915527344,43.82500076293945,44.79999923706055,7095200.0,33.025455474853516
2007-06-13,47.20000076293945,45.375,45.494998931884766,46.7400016784668,5451200.0,34.455562591552734
2007-06-14,46.814998626708984,46.35499954223633,46.525001525878906,46.529998779296875,2038400.0,34.300758361816406
2007-06-15,46.42499923706055,45.654998779296875,46.42499923706055,45.96500015258789,2446600.0,33.88423156738281
2007-06-18,46.755001068115234,45.8849983215332,46.20000076293945,46.61000061035156,2595600.0,34.35972213745117
2007-06-19,46.654998779296875,46.275001525878906,46.599998474121094,46.474998474121094,905800.0,34.26020050048828
2007-06-20,46.935001373291016,45.529998779296875,46.849998474121094,45.55500030517578,2236400.0,33.582008361816406
2007-06-21,45.814998626708984,45.064998626708984,45.380001068115234,45.66999816894531,1491400.0,33.666786193847656
2007-06-22,46.04999923706055,45.185001373291016,45.66999816894531,45.529998779296875,1943000.0,33.56357955932617
2007-06-25,45.650001525878906,44.95000076293945,45.25,45.224998474121094,1856400.0,33.33873748779297
2007-06-26,45.69499969482422,44.904998779296875,45.375,44.93000030517578,1686400.0,33.12128448486328
2007-06-27,45.189998626708984,44.29499816894531,44.625,45.1349983215332,2612800.0,33.27239227294922
2007-06-28,45.76499938964844,44.900001525878906,45.060001373291016,45.560001373291016,1285800.0,33.585697174072266
2007-06-29,46.375,45.21500015258789,45.625,46.22999954223633,2312200.0,34.07959747314453
2007-07-02,46.58000183105469,46.11000061035156,46.349998474121094,46.400001525878906,1190400.0,34.204925537109375
2007-07-03,46.55500030517578,46.16999816894531,46.45500183105469,46.5099983215332,515800.0,34.2860107421875
2007-07-05,46.875,46.34000015258789,46.73500061035156,46.48500061035156,1280800.0,34.267578125
2007-07-06,46.66999816894531,45.83000183105469,46.380001068115234,46.595001220703125,1089200.0,34.34866714477539
2007-07-09,46.81999969482422,46.41999816894531,46.599998474121094,46.529998779296875,1690200.0,34.300758361816406
2007-07-10,46.59000015258789,45.93000030517578,46.5,46.154998779296875,1250800.0,34.024314880371094
2007-07-11,46.3849983215332,46.02000045776367,46.2400016784668,46.3849983215332,1342000.0,34.193851470947266
2007-07-12,46.720001220703125,46.095001220703125,46.5,46.314998626708984,1972800.0,34.14225769042969
2007-07-13,46.58000183105469,46.04999923706055,46.099998474121094,46.43000030517578,834800.0,34.227020263671875
2007-07-16,46.8650016784668,46.040000915527344,46.43000030517578,46.56999969482422,1518400.0,34.33024597167969
2007-07-17,46.42499923706055,46.025001525878906,46.42499923706055,46.224998474121094,1537000.0,34.07590866088867
2007-07-18,45.970001220703125,45.290000915527344,45.935001373291016,45.54999923706055,2174600.0,33.57831954956055
2007-07-19,45.970001220703125,45.54499816894531,45.66999816894531,45.92499923706055,1421800.0,33.85475158691406
2007-07-20,46.01499938964844,45.400001525878906,45.75,45.599998474121094,1730400.0,33.61518859863281
2007-07-23,45.900001525878906,45.35499954223633,45.630001068115234,45.790000915527344,1922400.0,33.7552375793457
2007-07-24,45.8650016784668,44.845001220703125,45.685001373291016,45.01499938964844,1537800.0,33.18392562866211
2007-07-25,45.30500030517578,44.55500030517578,45.084999084472656,45.029998779296875,1588800.0,33.19499206542969
2007-07-26,44.560001373291016,43.44499969482422,44.04999923706055,43.970001220703125,2166000.0,32.4135856628418
2007-07-27,44.2599983215332,43.7400016784668,44.025001525878906,43.7400016784668,1642800.0,32.24403762817383
2007-07-30,44.53499984741211,43.595001220703125,43.630001068115234,44.45000076293945,1662400.0,32.767425537109375
2007-07-31,45.040000915527344,44.36000061035156,44.54999923706055,44.470001220703125,2015000.0,32.78217697143555
2007-08-01,45.14500045776367,43.94499969482422,44.5,45.14500045776367,1814000.0,33.2797737121582
2007-08-02,45.439998626708984,44.67499923706055,45.25,44.89500045776367,2240400.0,33.09546661376953
2007-08-03,46.30500030517578,44.869998931884766,44.94499969482422,45.46500015258789,1596600.0,33.51565170288086
2007-08-06,46.11000061035156,45.290000915527344,45.54999923706055,46.084999084472656,1818400.0,33.97270584106445
2007-08-07,48.36000061035156,45.060001373291016,46.88999938964844,45.494998931884766,3631400.0,33.53776931762695
2007-08-08,45.369998931884766,42.345001220703125,45.345001220703125,43.47999954223633,4894800.0,32.05235290527344
2007-08-09,45.185001373291016,40.72999954223633,42.5,40.95500183105469,3481000.0,30.191001892089844
2007-08-10,41.46500015258789,40.45500183105469,40.47999954223633,41.345001220703125,2563600.0,30.478500366210938
2007-08-13,43.68000030517578,41.755001068115234,42.07500076293945,43.150001525878906,2181800.0,31.80908966064453
2007-08-14,43.38999938964844,42.0,43.22999954223633,42.04499816894531,1649800.0,30.994518280029297
2007-08-15,43.16999816894531,42.02000045776367,42.84000015258789,42.029998779296875,1573200.0,30.983457565307617
2007-08-16,42.32500076293945,41.529998779296875,41.625,42.09000015258789,1770600.0,31.027694702148438
2007-08-17,43.39500045776367,42.165000915527344,43.0,42.595001220703125,1488600.0,31.399967193603516
2007-08-20,43.540000915527344,42.5099983215332,42.900001525878906,42.9900016784668,1060400.0,31.691160202026367
2007-08-21,43.154998779296875,42.599998474121094,43.154998779296875,42.84000015258789,693000.0,31.580575942993164
2007-08-22,44.04499816894531,42.904998779296875,42.92499923706055,44.005001068115234,1219000.0,32.43938446044922
2007-08-23,44.44499969482422,42.790000915527344,44.029998779296875,42.939998626708984,1190400.0,31.65430450439453
2007-08-24,43.03499984741211,42.404998779296875,42.849998474121094,42.95000076293945,1085200.0,31.66166877746582
2007-08-27,43.435001373291016,42.880001068115234,43.08000183105469,43.25,959200.0,31.882823944091797
2007-08-28,43.82500076293945,43.060001373291016,43.220001220703125,43.3849983215332,2305000.0,31.982332229614258
2007-08-29,44.790000915527344,43.189998626708984,44.255001068115234,44.125,2055800.0,32.648250579833984
2007-08-30,44.15999984741211,43.54999923706055,43.875,44.040000915527344,1041800.0,32.585357666015625
2007-08-31,44.810001373291016,43.95000076293945,44.349998474121094,44.72999954223633,1234200.0,33.095890045166016
2007-09-04,45.4900016784668,44.290000915527344,44.72999954223633,45.224998474121094,2041200.0,33.4621467590332
2007-09-05,44.93000030517578,44.16999816894531,44.8849983215332,44.72999954223633,2156800.0,33.095890045166016
2007-09-06,45.029998779296875,44.130001068115234,45.0,44.34000015258789,1457000.0,32.80732727050781
2007-09-07,44.834999084472656,43.974998474121094,44.154998779296875,44.619998931884766,1685200.0,33.014495849609375
2007-09-10,45.255001068115234,44.6349983215332,44.70000076293945,45.04499816894531,1194800.0,33.32896041870117
2007-09-11,45.584999084472656,44.82500076293945,45.04499816894531,45.494998931884766,934800.0,33.66191101074219
2007-09-12,47.05500030517578,45.45500183105469,45.494998931884766,46.775001525878906,2484800.0,34.60898971557617
2007-09-13,47.244998931884766,46.54499816894531,46.810001373291016,46.720001220703125,1776200.0,34.568302154541016
2007-09-14,47.0,46.375,46.57500076293945,46.84000015258789,964400.0,34.65708923339844
2007-09-17,48.35499954223633,46.8650016784668,46.875,47.625,2609600.0,35.237911224365234
2007-09-18,47.92499923706055,47.435001373291016,47.92499923706055,47.59000015258789,1891000.0,35.212013244628906
2007-09-19,49.69499969482422,47.52000045776367,47.6349983215332,49.415000915527344,2069400.0,36.562339782714844
2007-09-20,49.939998626708984,48.45000076293945,49.41999816894531,48.7400016784668,2081600.0,36.06290817260742
2007-09-21,49.5099983215332,48.654998779296875,49.435001373291016,49.20000076293945,6237200.0,36.403263092041016
2007-09-24,49.400001525878906,48.255001068115234,49.224998474121094,48.349998474121094,1468400.0,35.77434158325195
2007-09-25,49.415000915527344,48.19499969482422,48.310001373291016,49.21500015258789,1483600.0,36.41435241699219
2007-09-26,50.0,48.91999816894531,49.83000183105469,49.88999938964844,1525000.0,36.9138069152832
2007-09-27,50.28499984741211,49.084999084472656,50.0,49.779998779296875,1218200.0,36.8324089050293
2007-09-28,50.77000045776367,49.58000183105469,50.0,49.834999084472656,1273800.0,36.873104095458984
2007-10-01,51.0,49.665000915527344,50.0,50.70000076293945,949800.0,37.51311492919922
2007-10-02,50.89500045776367,50.11000061035156,50.71500015258789,50.415000915527344,978400.0,37.30223846435547
2007-10-03,50.56999969482422,50.029998779296875,50.2599983215332,50.224998474121094,840600.0,37.16166305541992
2007-10-04,50.779998779296875,49.720001220703125,50.2400016784668,49.97999954223633,900000.0,36.980377197265625
2007-10-05,50.650001525878906,49.38999938964844,49.38999938964844,49.68000030517578,1012300.0,36.75841522216797
2007-10-08,51.220001220703125,49.779998779296875,49.97999954223633,50.83000183105469,940500.0,37.60930633544922
2007-10-09,57.68000030517578,52.779998779296875,53.9900016784668,56.150001525878906,6713100.0,41.545589447021484
2007-10-10,57.34000015258789,55.04999923706055,56.5,56.720001220703125,3315000.0,41.96733856201172
2007-10-11,56.5,54.209999084472656,56.06999969482422,54.849998474121094,2384500.0,40.583717346191406
2007-10-12,55.2400016784668,53.900001525878906,54.900001525878906,55.04999923706055,1751200.0,40.73169708251953
2007-10-15,55.20000076293945,54.060001373291016,54.709999084472656,55.13999938964844,948300.0,40.79829025268555
2007-10-16,55.09000015258789,53.81999969482422,55.09000015258789,54.88999938964844,1157900.0,40.613311767578125
2007-10-17,56.619998931884766,54.65999984741211,56.619998931884766,54.7400016784668,2093300.0,40.50232696533203
2007-10-18,54.939998626708984,53.75,54.61000061035156,54.81999969482422,880200.0,40.5615234375
2007-10-19,54.900001525878906,53.75,54.52000045776367,53.75,1620300.0,39.76981735229492
2007-10-22,54.58000183105469,53.04999923706055,53.400001525878906,53.849998474121094,1912100.0,39.84382247924805
2007-10-23,54.38999938964844,53.61000061035156,53.939998626708984,54.04999923706055,1529300.0,39.991798400878906
2007-10-24,54.869998931884766,52.84000015258789,53.63999938964844,54.790000915527344,973200.0,40.5393180847168
2007-10-25,56.189998626708984,54.349998474121094,54.959999084472656,56.16999816894531,1814600.0,41.56037902832031
2007-10-26,57.5,56.58000183105469,56.70000076293945,57.13999938964844,1868700.0,42.27809143066406
2007-10-29,57.459999084472656,56.540000915527344,57.45000076293945,56.79999923706055,960600.0,42.026519775390625
2007-10-30,57.40999984741211,56.33000183105469,56.790000915527344,56.599998474121094,1220500.0,41.8785514831543
2007-10-31,57.70000076293945,56.61000061035156,56.79999923706055,57.22999954223633,1301600.0,42.34468460083008
2007-11-01,56.25,54.790000915527344,56.15999984741211,54.810001373291016,1341500.0,40.55412292480469
2007-11-02,55.77000045776367,54.61000061035156,55.15999984741211,55.709999084472656,1370700.0,41.220035552978516
2007-11-05,57.04999923706055,55.5099983215332,55.5099983215332,56.58000183105469,1617500.0,41.86375427246094
2007-11-06,56.630001068115234,53.65999984741211,56.630001068115234,55.2400016784668,3138900.0,40.872283935546875
2007-11-07,54.86000061035156,51.720001220703125,53.5,53.88999938964844,2233900.0,39.87342071533203
2007-11-08,54.40999984741211,52.90999984741211,53.939998626708984,54.029998779296875,1384600.0,39.97698974609375
2007-11-09,54.36000061035156,52.77000045776367,53.41999816894531,52.869998931884766,1478600.0,39.118690490722656
2007-11-12,53.25,51.5099983215332,52.41999816894531,51.66999816894531,1153800.0,38.23082733154297
2007-11-13,53.459999084472656,51.380001068115234,52.209999084472656,53.43000030517578,1248500.0,39.533058166503906
2007-11-14,53.81999969482422,52.5099983215332,53.470001220703125,52.65999984741211,1040000.0,38.96332931518555
2007-11-15,53.81999969482422,52.0,52.560001373291016,52.349998474121094,1263400.0,38.733951568603516
2007-11-16,52.90999984741211,51.599998474121094,52.77000045776367,52.369998931884766,992800.0,38.748756408691406
2007-11-19,52.099998474121094,50.75,51.939998626708984,51.0,1398300.0,37.7350959777832
2007-11-20,52.130001068115234,50.63999938964844,51.75,51.810001373291016,1483500.0,38.33441162109375
2007-11-21,51.79999923706055,51.0,51.4900016784668,51.0099983215332,875100.0,37.742496490478516
2007-11-23,51.869998931884766,50.849998474121094,51.45000076293945,51.790000915527344,221200.0,38.31960678100586
2007-11-26,52.25,50.34000015258789,51.54999923706055,50.34000015258789,912400.0,37.24674987792969
2007-11-27,52.439998626708984,50.36000061035156,50.36000061035156,52.349998474121094,1981900.0,38.733951568603516
2007-11-28,55.0,53.02000045776367,53.5099983215332,54.849998474121094,1556900.0,40.7081413269043
2007-11-29,54.779998779296875,53.34000015258789,54.779998779296875,53.43000030517578,1289700.0,39.65425109863281
2007-11-30,53.900001525878906,52.56999969482422,53.7400016784668,53.84000015258789,2144500.0,39.95853805541992
2007-12-03,54.75,53.619998931884766,53.84000015258789,54.4900016784668,1211900.0,40.440956115722656
2007-12-04,55.06999969482422,53.86000061035156,53.86000061035156,54.599998474121094,1516700.0,40.5225944519043
2007-12-05,55.0,53.43000030517578,54.79999923706055,54.400001525878906,1875300.0,40.374176025390625
2007-12-06,55.43000030517578,53.31999969482422,54.25,55.22999954223633,2275300.0,40.99015808105469
2007-12-07,55.88999938964844,55.130001068115234,55.220001220703125,55.47999954223633,1152100.0,41.17571258544922
2007-12-10,55.9900016784668,54.02000045776367,55.75,54.560001373291016,997100.0,40.4929084777832
2007-12-11,54.720001220703125,52.5,54.529998779296875,52.70000076293945,1107500.0,39.112464904785156
2007-12-12,55.099998474121094,52.349998474121094,53.79999923706055,52.900001525878906,1283700.0,39.260902404785156
2007-12-13,53.0,51.310001373291016,52.540000915527344,52.47999954223633,1596100.0,38.949180603027344
2007-12-14,52.40999984741211,51.70000076293945,52.09000015258789,52.04999923706055,1048700.0,38.63005065917969
2007-12-17,52.150001525878906,50.400001525878906,51.61000061035156,50.58000183105469,1390100.0,37.539058685302734
2007-12-18,51.38999938964844,50.720001220703125,50.84000015258789,51.25,1813800.0,38.03631591796875
2007-12-19,51.58000183105469,50.43000030517578,51.58000183105469,50.5099983215332,1117400.0,37.48711013793945
2007-12-20,51.40999984741211,50.63999938964844,50.779998779296875,51.400001525878906,1086600.0,38.14765548706055
2007-12-21,52.689998626708984,51.90999984741211,52.099998474121094,52.599998474121094,1362500.0,39.03824996948242
2007-12-24,53.04999923706055,52.11000061035156,52.11000061035156,53.029998779296875,171600.0,39.357383728027344
2007-12-26,53.43000030517578,52.209999084472656,52.209999084472656,53.36000061035156,755400.0,39.602294921875
2007-12-27,53.25,52.11000061035156,53.25,52.130001068115234,637000.0,38.68943405151367
2007-12-28,52.88999938964844,52.04999923706055,52.290000915527344,52.119998931884766,534200.0,38.682010650634766
2007-12-31,52.25,51.619998931884766,52.04999923706055,51.619998931884766,440200.0,38.3109245300293
2008-01-02,51.869998931884766,50.150001525878906,51.7400016784668,50.33000183105469,1054200.0,37.35353088378906
2008-01-03,51.83000183105469,50.18000030517578,50.400001525878906,50.810001373291016,1712200.0,37.70975875854492
2008-01-04,51.470001220703125,50.2599983215332,50.43000030517578,50.689998626708984,1412600.0,37.620697021484375
2008-01-07,52.2400016784668,50.33000183105469,51.0,51.61000061035156,2385800.0,38.30350112915039
2008-01-08,52.099998474121094,50.86000061035156,51.70000076293945,51.400001525878906,2239900.0,38.14765548706055
2008-01-09,51.470001220703125,50.099998474121094,51.09000015258789,50.810001373291016,1947600.0,37.70975875854492
2008-01-10,51.939998626708984,50.29999923706055,50.38999938964844,51.18000030517578,1292000.0,37.9843635559082
2008-01-11,51.189998626708984,49.70000076293945,50.810001373291016,49.70000076293945,1828900.0,36.885948181152344
2008-01-14,49.88999938964844,48.70000076293945,49.599998474121094,48.81999969482422,1309700.0,36.23283767700195
2008-01-15,49.279998779296875,48.310001373291016,48.310001373291016,48.88999938964844,1755000.0,36.2847785949707
2008-01-16,51.52000045776367,48.939998626708984,48.970001220703125,50.86000061035156,2540700.0,37.74687194824219
2008-01-17,50.79999923706055,47.540000915527344,50.79999923706055,47.540000915527344,3173800.0,35.282859802246094
2008-01-18,48.4900016784668,45.81999969482422,47.77000045776367,46.20000076293945,2559700.0,34.28834533691406
2008-01-22,46.75,44.0,44.2599983215332,45.0,3277900.0,33.39773178100586
2008-01-23,46.0,38.75,45.709999084472656,45.2599983215332,2924800.0,33.59071731567383
2008-01-24,45.90999984741211,44.060001373291016,45.90999984741211,44.13999938964844,1947300.0,32.75946807861328
2008-01-25,44.7400016784668,43.720001220703125,44.7400016784668,43.959999084472656,2081900.0,32.625877380371094
2008-01-28,44.970001220703125,43.650001525878906,43.93000030517578,44.91999816894531,1455400.0,33.338375091552734
2008-01-29,45.40999984741211,44.90999984741211,45.060001373291016,45.04999923706055,1039900.0,33.43484878540039
2008-01-30,45.459999084472656,44.29999923706055,44.939998626708984,44.36000061035156,1364100.0,32.922752380371094
2008-01-31,45.0099983215332,43.560001373291016,43.779998779296875,44.66999816894531,1454100.0,33.15283203125
2008-02-01,45.900001525878906,44.68000030517578,45.0099983215332,45.83000183105469,1081500.0,34.01374435424805
2008-02-04,46.09000015258789,45.369998931884766,45.84000015258789,45.66999816894531,784800.0,33.89498519897461
2008-02-05,45.25,44.09000015258789,44.959999084472656,44.18000030517578,954900.0,32.78915786743164
2008-02-06,45.130001068115234,44.06999969482422,44.59000015258789,44.779998779296875,1458700.0,33.234458923339844
2008-02-07,45.31999969482422,44.38999938964844,44.5099983215332,44.95000076293945,1262200.0,33.36064147949219
2008-02-08,45.4900016784668,44.47999954223633,44.61000061035156,45.119998931884766,886800.0,33.48679733276367
2008-02-11,45.41999816894531,44.47999954223633,44.79999923706055,45.36000061035156,635000.0,33.664920806884766
2008-02-12,49.83000183105469,47.04999923706055,47.88999938964844,49.65999984741211,3773000.0,36.856266021728516
2008-02-13,51.720001220703125,50.0,50.0,50.470001220703125,2729800.0,37.45742416381836
2008-02-14,51.220001220703125,50.38999938964844,50.38999938964844,50.79999923706055,2553100.0,37.702335357666016
2008-02-15,51.16999816894531,50.29999923706055,50.790000915527344,50.9900016784668,1218900.0,37.84334945678711
2008-02-19,53.630001068115234,51.11000061035156,51.56999969482422,52.83000183105469,2253400.0,39.20895767211914
2008-02-20,52.790000915527344,51.779998779296875,52.47999954223633,52.459999084472656,1722500.0,38.93434524536133
2008-02-21,52.63999938964844,51.5,52.63999938964844,51.619998931884766,1229100.0,38.3109245300293
2008-02-22,53.040000915527344,51.54999923706055,51.88999938964844,52.90999984741211,1339300.0,39.26832962036133
2008-02-25,53.040000915527344,52.279998779296875,52.630001068115234,52.880001068115234,1196200.0,39.24604797363281
2008-02-26,53.18000030517578,52.630001068115234,52.849998474121094,53.0099983215332,930500.0,39.342533111572266
2008-02-27,53.790000915527344,52.58000183105469,52.779998779296875,53.400001525878906,1200100.0,39.7519645690918
2008-02-28,54.56999969482422,52.970001220703125,53.0,54.25,1421800.0,40.38473129272461
2008-02-29,54.529998779296875,53.45000076293945,53.72999954223633,53.959999084472656,1726100.0,40.16883850097656
2008-03-03,53.9900016784668,52.22999954223633,53.9900016784668,52.810001373291016,1544400.0,39.31275939941406
2008-03-04,53.97999954223633,52.5,52.5,53.52000045776367,1712800.0,39.8412971496582
2008-03-05,53.81999969482422,52.349998474121094,53.5099983215332,52.70000076293945,2433900.0,39.23088455200195
2008-03-06,52.40999984741211,50.790000915527344,52.33000183105469,51.09000015258789,1772500.0,38.03236389160156
2008-03-07,51.06999969482422,50.310001373291016,50.59000015258789,50.56999969482422,1597900.0,37.645259857177734
2008-03-10,51.560001373291016,50.0,50.91999816894531,51.220001220703125,1449600.0,38.12913513183594
2008-03-11,52.13999938964844,50.939998626708984,52.13999938964844,51.4900016784668,1449000.0,38.33013153076172
2008-03-12,53.2599983215332,51.2400016784668,51.70000076293945,53.150001525878906,2009100.0,39.565879821777344
2008-03-13,53.630001068115234,52.31999969482422,52.31999969482422,53.25,1863600.0,39.64031982421875
2008-03-14,53.52000045776367,51.70000076293945,53.290000915527344,52.2599983215332,1441600.0,38.90332794189453
2008-03-17,51.97999954223633,50.72999954223633,51.59000015258789,50.939998626708984,1563400.0,37.920692443847656
2008-03-18,52.560001373291016,51.41999816894531,51.540000915527344,52.560001373291016,1096200.0,39.12666320800781
2008-03-19,53.33000183105469,52.0099983215332,52.90999984741211,52.08000183105469,1500400.0,38.76934051513672
2008-03-20,52.70000076293945,51.34000015258789,52.290000915527344,52.31999969482422,1436600.0,38.94799041748047
2008-03-24,54.83000183105469,53.0,53.0,54.439998626708984,1263100.0,40.52616500854492
2008-03-25,54.72999954223633,53.93000030517578,54.56999969482422,54.25,799300.0,40.38473129272461
2008-03-26,54.290000915527344,53.45000076293945,53.95000076293945,53.95000076293945,688200.0,40.16141128540039
2008-03-27,54.4900016784668,53.22999954223633,53.91999816894531,53.38999938964844,1116700.0,39.74452590942383
2008-03-28,53.9900016784668,53.08000183105469,53.75,53.2400016784668,807500.0,39.63286209106445
2008-03-31,53.470001220703125,52.119998931884766,53.29999923706055,52.56999969482422,1128500.0,39.13410949707031
2008-04-01,54.119998931884766,53.0,53.369998931884766,54.04999923706055,1026400.0,40.23583984375
2008-04-02,54.529998779296875,53.849998474121094,54.38999938964844,53.939998626708984,708400.0,40.15394973754883
2008-04-03,54.15999984741211,53.369998931884766,53.400001525878906,53.790000915527344,875800.0,40.042293548583984
2008-04-04,55.34000015258789,54.04999923706055,54.2400016784668,54.47999954223633,1432000.0,40.555938720703125
2008-04-07,54.97999954223633,53.790000915527344,54.97999954223633,54.09000015258789,643000.0,40.2656135559082
2008-04-08,54.290000915527344,53.22999954223633,54.0099983215332,54.13999938964844,677600.0,40.30283737182617
2008-04-09,54.20000076293945,53.0099983215332,54.150001525878906,53.34000015258789,553700.0,39.70732116699219
2008-04-10,55.150001525878906,53.2400016784668,53.2400016784668,54.650001525878906,1136700.0,40.68247985839844
2008-04-11,54.9900016784668,53.91999816894531,54.130001068115234,54.130001068115234,628700.0,40.2953987121582
2008-04-14,54.08000183105469,53.560001373291016,53.90999984741211,54.0,554200.0,40.19862365722656
2008-04-15,54.560001373291016,53.93000030517578,54.209999084472656,54.31999969482422,776400.0,40.436824798583984
2008-04-16,54.619998931884766,53.68000030517578,54.47999954223633,54.209999084472656,708500.0,40.354949951171875
2008-04-17,55.040000915527344,53.709999084472656,53.709999084472656,54.869998931884766,1037800.0,40.84626770019531
2008-04-18,56.0,54.63999938964844,55.5099983215332,55.720001220703125,1435300.0,41.47903060913086
2008-04-21,56.150001525878906,55.52000045776367,55.529998779296875,55.959999084472656,1419300.0,41.65769577026367
2008-04-22,56.279998779296875,55.18000030517578,56.0,55.56999969482422,1113700.0,41.367366790771484
2008-04-23,56.290000915527344,55.34000015258789,55.84000015258789,56.0,1135600.0,41.68745803833008
2008-04-24,56.43000030517578,54.5099983215332,56.20000076293945,54.90999984741211,675400.0,40.876041412353516
2008-04-25,55.400001525878906,54.150001525878906,55.400001525878906,54.65999984741211,869300.0,40.689937591552734
2008-04-28,54.7599983215332,53.2599983215332,54.7599983215332,53.9900016784668,1087300.0,40.191165924072266
2008-04-29,54.5099983215332,53.75,53.849998474121094,54.09000015258789,738400.0,40.2656135559082
2008-04-30,55.459999084472656,54.25,54.54999923706055,54.84000015258789,1190200.0,40.82393264770508
2008-05-01,54.56999969482422,53.0,54.56999969482422,54.27000045776367,1525300.0,40.39961624145508
2008-05-02,54.689998626708984,53.29999923706055,54.63999938964844,53.5,1181400.0,39.826419830322266
2008-05-05,54.27000045776367,52.70000076293945,53.189998626708984,53.15999984741211,1445700.0,39.57331085205078
2008-05-06,57.7400016784668,53.56999969482422,54.599998474121094,57.099998474121094,2948500.0,42.50632858276367
2008-05-07,57.5,54.5,57.29999923706055,54.59000015258789,1703500.0,40.63783264160156
2008-05-08,56.369998931884766,54.5099983215332,54.959999084472656,56.099998474121094,1184000.0,41.761905670166016
2008-05-09,56.290000915527344,55.0,55.7599983215332,56.0,756600.0,41.68745803833008
2008-05-12,57.189998626708984,55.900001525878906,56.0,57.060001373291016,1093700.0,42.47655487060547
2008-05-13,58.29999923706055,56.68000030517578,57.0,57.790000915527344,1119500.0,43.01997756958008
2008-05-14,58.13999938964844,57.0099983215332,57.88999938964844,57.15999984741211,860900.0,42.55097961425781
2008-05-15,57.9900016784668,56.15999984741211,56.90999984741211,57.7599983215332,979900.0,42.99763107299805
2008-05-16,58.209999084472656,57.5099983215332,57.90999984741211,58.029998779296875,638200.0,43.19862747192383
2008-05-19,58.06999969482422,56.849998474121094,58.029998779296875,57.13999938964844,1003300.0,42.536094665527344
2008-05-20,57.130001068115234,55.63999938964844,57.0,56.290000915527344,1101000.0,41.90333938598633
2008-05-21,57.70000076293945,56.150001525878906,56.150001525878906,56.5,935500.0,42.05968475341797
2008-05-22,58.06999969482422,56.5,56.5,58.04999923706055,1058300.0,43.21351623535156
2008-05-23,59.5099983215332,57.15999984741211,58.33000183105469,58.31999969482422,2056800.0,43.414512634277344
2008-05-27,59.16999816894531,57.880001068115234,58.56999969482422,58.209999084472656,1160100.0,43.332618713378906
2008-05-28,58.59000015258789,56.47999954223633,58.41999816894531,57.2599983215332,1262100.0,42.77238082885742
2008-05-29,58.709999084472656,57.25,57.43000030517578,57.880001068115234,1134200.0,43.23552322387695
2008-05-30,58.47999954223633,57.459999084472656,58.15999984741211,58.0,1496100.0,43.32515335083008
2008-06-02,59.0,57.349998474121094,57.88999938964844,57.720001220703125,754700.0,43.116004943847656
2008-06-03,58.43000030517578,57.47999954223633,57.95000076293945,57.83000183105469,1042100.0,43.19816207885742
2008-06-04,59.380001068115234,56.72999954223633,57.560001373291016,58.33000183105469,1867000.0,43.571659088134766
2008-06-05,59.31999969482422,58.189998626708984,58.41999816894531,59.2599983215332,1739100.0,44.266357421875
2008-06-06,59.0,57.29999923706055,58.2599983215332,58.06999969482422,1715600.0,43.37744140625
2008-06-09,58.869998931884766,57.13999938964844,58.5,58.630001068115234,1113800.0,43.79576110839844
2008-06-10,59.0,57.40999984741211,58.33000183105469,57.720001220703125,1663800.0,43.116004943847656
2008-06-11,57.91999816894531,56.34000015258789,57.45000076293945,56.619998931884766,1000700.0,42.2943115234375
2008-06-12,59.0,56.040000915527344,57.33000183105469,57.970001220703125,1891500.0,43.30274963378906
2008-06-13,57.9900016784668,56.84000015258789,57.65999984741211,57.720001220703125,1223900.0,43.116004943847656
2008-06-16,57.709999084472656,55.63999938964844,57.709999084472656,56.0099983215332,1213100.0,41.838653564453125
2008-06-17,56.540000915527344,54.650001525878906,56.0099983215332,54.83000183105469,1362800.0,40.957218170166016
2008-06-18,56.15999984741211,54.27000045776367,54.650001525878906,55.529998779296875,1190500.0,41.480098724365234
2008-06-19,56.29999923706055,55.130001068115234,55.349998474121094,56.11000061035156,709100.0,41.91334915161133
2008-06-20,56.150001525878906,54.5,56.02000045776367,55.13999938964844,981900.0,41.18878173828125
2008-06-23,57.0,55.29999923706055,55.63999938964844,56.02000045776367,1370700.0,41.84612274169922
2008-06-24,56.279998779296875,55.22999954223633,55.9900016784668,55.84000015258789,792200.0,41.711673736572266
2008-06-25,56.220001220703125,55.11000061035156,55.900001525878906,55.84000015258789,935800.0,41.711673736572266
2008-06-26,55.2599983215332,54.25,55.209999084472656,54.2599983215332,1112400.0,40.53142547607422
2008-06-27,54.88999938964844,53.33000183105469,54.56999969482422,54.119998931884766,1412900.0,40.426856994628906
2008-06-30,54.9900016784668,53.0099983215332,54.09000015258789,54.33000183105469,767200.0,40.58372497558594
2008-07-01,55.630001068115234,53.470001220703125,53.83000183105469,55.22999954223633,1536600.0,41.25600814819336
2008-07-02,56.31999969482422,53.68000030517578,55.529998779296875,54.380001068115234,1753600.0,40.62107467651367
2008-07-03,54.959999084472656,53.86000061035156,54.72999954223633,54.06999969482422,668400.0,40.38950729370117
2008-07-07,54.779998779296875,53.41999816894531,54.400001525878906,54.06999969482422,1264600.0,40.38950729370117
2008-07-08,54.25,52.810001373291016,54.18000030517578,53.5099983215332,1366600.0,39.97118377685547
2008-07-09,54.15999984741211,53.02000045776367,53.279998779296875,53.310001373291016,1447700.0,39.82178497314453
2008-07-10,53.279998779296875,51.5,53.0,53.099998474121094,1381800.0,39.6649284362793
2008-07-11,55.95000076293945,52.29999923706055,52.400001525878906,54.25,2946800.0,40.52395248413086
2008-07-14,56.88999938964844,54.810001373291016,55.2400016784668,55.41999816894531,2363000.0,41.39793014526367
2008-07-15,58.29999923706055,54.93000030517578,55.36000061035156,56.97999954223633,2922000.0,42.563236236572266
2008-07-16,58.04999923706055,56.349998474121094,56.93000030517578,57.900001525878906,2235900.0,43.25045394897461
2008-07-17,58.83000183105469,55.95000076293945,58.08000183105469,57.77000045776367,1866300.0,43.153350830078125
2008-07-18,57.93000030517578,56.560001373291016,57.75,57.290000915527344,1494000.0,42.79479217529297
2008-07-21,57.72999954223633,55.7599983215332,57.63999938964844,56.04999923706055,1378100.0,41.86853790283203
2008-07-22,57.400001525878906,55.939998626708984,55.939998626708984,56.56999969482422,1871600.0,42.2569580078125
2008-07-23,57.279998779296875,56.15999984741211,56.869998931884766,56.849998474121094,970500.0,42.466129302978516
2008-07-24,57.369998931884766,56.36000061035156,57.04999923706055,56.560001373291016,1049600.0,42.24949264526367
2008-07-25,57.0099983215332,55.7599983215332,56.9900016784668,56.08000183105469,573600.0,41.89094543457031
2008-07-28,56.290000915527344,55.34000015258789,56.06999969482422,55.56999969482422,868600.0,41.509986877441406
2008-07-29,55.86000061035156,54.560001373291016,55.34000015258789,55.47999954223633,1476600.0,41.4427490234375
2008-07-30,55.20000076293945,53.529998779296875,53.779998779296875,55.060001373291016,2254300.0,41.12902069091797
2008-07-31,55.15999984741211,53.459999084472656,54.86000061035156,53.970001220703125,2419000.0,40.31480026245117
2008-08-01,55.20000076293945,53.72999954223633,54.27000045776367,54.40999984741211,1145700.0,40.64347839355469
2008-08-04,55.439998626708984,54.06999969482422,54.779998779296875,54.43000030517578,1201800.0,40.65843200683594
2008-08-05,50.279998779296875,46.08000183105469,49.0099983215332,48.18000030517578,12192400.0,35.98976516723633
2008-08-06,50.900001525878906,47.40999984741211,48.380001068115234,50.18000030517578,4416000.0,37.48373031616211
2008-08-07,50.029998779296875,48.900001525878906,49.91999816894531,49.70000076293945,3223900.0,37.12518310546875
2008-08-08,49.970001220703125,49.38999938964844,49.41999816894531,49.90999984741211,1821800.0,37.28204345703125
2008-08-11,50.47999954223633,48.5,49.68000030517578,49.119998931884766,2943400.0,36.691917419433594
2008-08-12,50.52000045776367,48.41999816894531,48.79999923706055,49.91999816894531,2080600.0,37.28951644897461
2008-08-13,50.11000061035156,49.290000915527344,49.5099983215332,49.779998779296875,1575400.0,37.184940338134766
2008-08-14,49.720001220703125,48.84000015258789,49.5099983215332,49.4900016784668,1466300.0,36.96830749511719
2008-08-15,49.84000015258789,48.970001220703125,49.2599983215332,49.619998931884766,1910500.0,37.065425872802734
2008-08-18,50.20000076293945,48.869998931884766,49.650001525878906,49.06999969482422,1386400.0,36.654579162597656
2008-08-19,49.41999816894531,48.22999954223633,49.0,48.36000061035156,1622100.0,36.12422561645508
2008-08-20,48.54999923706055,47.59000015258789,48.54999923706055,48.16999816894531,987200.0,35.98228454589844
2008-08-21,49.0,46.810001373291016,47.060001373291016,48.59000015258789,1926700.0,36.29601287841797
2008-08-22,48.90999984741211,47.72999954223633,48.650001525878906,48.29999923706055,1478100.0,36.07938766479492
2008-08-25,48.66999816894531,47.709999084472656,48.119998931884766,48.119998931884766,1091800.0,35.944950103759766
2008-08-26,48.349998474121094,47.45000076293945,48.27000045776367,47.63999938964844,907000.0,35.586387634277344
2008-08-27,48.86000061035156,47.2400016784668,47.56999969482422,48.47999954223633,1293000.0,36.36652374267578
2008-08-28,49.31999969482422,48.11000061035156,48.66999816894531,49.08000183105469,734700.0,36.816612243652344
2008-08-29,49.029998779296875,47.52000045776367,49.029998779296875,47.650001525878906,732900.0,35.743919372558594
2008-09-02,49.0,47.869998931884766,48.13999938964844,48.22999954223633,1232500.0,36.17899703979492
2008-09-03,48.189998626708984,47.2599983215332,48.189998626708984,47.77000045776367,1666600.0,35.83393859863281
2008-09-04,48.18000030517578,46.86000061035156,47.97999954223633,47.150001525878906,1266200.0,35.36884689331055
2008-09-05,48.400001525878906,46.72999954223633,47.08000183105469,48.29999923706055,1249200.0,36.23149871826172
2008-09-08,49.810001373291016,47.400001525878906,47.400001525878906,48.54999923706055,1545800.0,36.41904067993164
2008-09-09,50.13999938964844,48.459999084472656,48.7400016784668,49.5,2162300.0,37.13167190551758
2008-09-10,49.630001068115234,48.470001220703125,49.630001068115234,48.68000030517578,1699100.0,36.516563415527344
2008-09-11,48.959999084472656,47.70000076293945,48.47999954223633,48.959999084472656,1496800.0,36.72658920288086
2008-09-12,49.08000183105469,48.220001220703125,48.63999938964844,49.02000045776367,966000.0,36.77161407470703
2008-09-15,49.93000030517578,46.58000183105469,46.58000183105469,48.310001373291016,1483400.0,36.239009857177734
2008-09-16,49.47999954223633,47.220001220703125,48.459999084472656,48.849998474121094,1488400.0,36.644065856933594
2008-09-17,48.970001220703125,47.779998779296875,48.380001068115234,48.0,1674500.0,36.0064582824707
2008-09-18,49.119998931884766,47.630001068115234,48.029998779296875,48.66999816894531,1673600.0,36.50904083251953
2008-09-19,50.439998626708984,47.29999923706055,49.90999984741211,47.7599983215332,3888600.0,35.8264274597168
2008-09-22,48.130001068115234,46.77000045776367,47.59000015258789,46.959999084472656,975200.0,35.2263069152832
2008-09-23,47.95000076293945,46.79999923706055,47.0,46.84000015258789,865700.0,35.13630294799805
2008-09-24,47.16999816894531,45.66999816894531,47.0099983215332,46.43000030517578,1135200.0,34.82875442504883
2008-09-25,46.810001373291016,45.56999969482422,46.66999816894531,46.27000045776367,1530700.0,34.70872116088867
2008-09-26,46.7400016784668,45.9900016784668,46.0,46.40999984741211,1053000.0,34.81373977661133
2008-09-29,47.52000045776367,44.27000045776367,46.22999954223633,44.790000915527344,2494000.0,33.59853744506836
2008-09-30,46.81999969482422,44.939998626708984,45.310001373291016,46.75,1361500.0,35.06878662109375
2008-10-01,47.93000030517578,46.13999938964844,46.29999923706055,47.7400016784668,1244700.0,35.811431884765625
2008-10-02,47.880001068115234,45.91999816894531,47.61000061035156,46.5,1082100.0,34.881263732910156
2008-10-03,47.939998626708984,46.25,46.790000915527344,46.380001068115234,2049100.0,34.79125213623047
2008-10-06,46.619998931884766,44.16999816894531,44.29999923706055,45.060001373291016,2123800.0,33.80105972290039
2008-10-07,45.689998626708984,43.630001068115234,45.470001220703125,43.630001068115234,1673900.0,32.72837448120117
2008-10-08,44.099998474121094,41.189998626708984,43.029998779296875,42.77000045776367,1801100.0,32.083251953125
2008-10-09,43.02000045776367,40.310001373291016,42.43000030517578,40.5,2001600.0,30.380441665649414
2008-10-10,41.209999084472656,36.11000061035156,40.0099983215332,37.599998474121094,2994100.0,28.20505714416504
2008-10-13,41.599998474121094,37.709999084472656,39.060001373291016,41.599998474121094,2407100.0,31.205604553222656
2008-10-14,43.060001373291016,38.45000076293945,43.060001373291016,39.560001373291016,1864300.0,29.675321578979492
2008-10-15,39.15999984741211,35.83000183105469,39.15999984741211,35.9900016784668,1668000.0,26.997343063354492
2008-10-16,38.77000045776367,35.90999984741211,36.09000015258789,38.41999816894531,1772400.0,28.820171356201172
2008-10-17,39.470001220703125,36.720001220703125,36.720001220703125,38.5099983215332,1631200.0,28.887683868408203
2008-10-20,39.56999969482422,38.130001068115234,39.040000915527344,39.54999923706055,1172200.0,29.667821884155273
2008-10-21,39.70000076293945,38.290000915527344,39.15999984741211,38.810001373291016,1556300.0,29.112730026245117
2008-10-22,39.220001220703125,37.43000030517578,38.220001220703125,39.040000915527344,2133800.0,29.285253524780273
2008-10-23,40.689998626708984,38.650001525878906,38.650001525878906,40.150001525878906,2818900.0,30.117908477783203
2008-10-24,38.880001068115234,35.61000061035156,38.02000045776367,38.13999938964844,1813200.0,28.610145568847656
2008-10-27,37.84000015258789,35.40999984741211,37.77000045776367,35.40999984741211,2040500.0,26.562271118164062
2008-10-28,38.84000015258789,35.0,35.90999984741211,38.84000015258789,2511600.0,29.13523292541504
2008-10-29,39.59000015258789,37.97999954223633,38.5099983215332,38.41999816894531,1149600.0,28.820171356201172
2008-10-30,40.83000183105469,38.630001068115234,39.08000183105469,39.04999923706055,1295000.0,29.292753219604492
2008-10-31,39.439998626708984,36.56999969482422,39.09000015258789,37.36000061035156,2094000.0,28.02503204345703
2008-11-03,38.970001220703125,36.130001068115234,38.970001220703125,36.599998474121094,2249700.0,27.454931259155273
2008-11-04,38.79999923706055,36.880001068115234,37.54999923706055,38.58000183105469,2389600.0,28.940189361572266
2008-11-05,42.880001068115234,37.880001068115234,37.939998626708984,41.779998779296875,4360300.0,31.34062385559082
2008-11-06,43.54999923706055,41.33000183105469,43.54999923706055,41.58000183105469,2189600.0,31.190601348876953
2008-11-07,42.5,41.18000030517578,42.400001525878906,42.43000030517578,1049900.0,31.828229904174805
2008-11-10,43.47999954223633,41.45000076293945,42.22999954223633,42.2599983215332,1187200.0,31.70069122314453
2008-11-11,42.72999954223633,40.81999969482422,41.97999954223633,41.779998779296875,1361200.0,31.34062385559082
2008-11-12,41.189998626708984,39.5099983215332,41.15999984741211,40.290000915527344,1299200.0,30.222929000854492
2008-11-13,43.15999984741211,39.5,40.290000915527344,43.15999984741211,1981600.0,32.37580490112305
2008-11-14,43.459999084472656,41.5099983215332,41.880001068115234,42.54999923706055,2026900.0,31.91822052001953
2008-11-17,42.540000915527344,40.52000045776367,42.52000045776367,41.709999084472656,1874100.0,31.288124084472656
2008-11-18,43.029998779296875,40.689998626708984,40.7599983215332,43.029998779296875,2086400.0,32.278297424316406
2008-11-19,44.58000183105469,41.790000915527344,42.95000076293945,43.7599983215332,2133800.0,32.825889587402344
2008-11-20,45.25,42.290000915527344,43.72999954223633,42.52000045776367,3707200.0,31.895729064941406
2008-11-21,43.63999938964844,40.68000030517578,43.45000076293945,43.310001373291016,2793900.0,32.48832702636719
2008-11-24,45.0,43.15999984741211,44.209999084472656,44.439998626708984,2007100.0,33.33599090576172
2008-11-25,44.9900016784668,42.16999816894531,44.88999938964844,43.45000076293945,2287200.0,32.74070358276367
2008-11-26,44.47999954223633,42.65999984741211,42.83000183105469,44.310001373291016,1779000.0,33.388729095458984
2008-11-28,45.869998931884766,44.040000915527344,44.93000030517578,44.470001220703125,975800.0,33.50928497314453
2008-12-01,43.779998779296875,42.060001373291016,43.7599983215332,42.22999954223633,1632700.0,31.82140350341797
2008-12-02,43.38999938964844,41.11000061035156,42.61000061035156,42.189998626708984,2044800.0,31.791248321533203
2008-12-03,42.06999969482422,39.72999954223633,41.40999984741211,41.2599983215332,2178100.0,31.090473175048828
2008-12-04,42.18000030517578,39.52000045776367,42.18000030517578,40.06999969482422,1448400.0,30.193777084350586
2008-12-05,41.220001220703125,39.0,39.630001068115234,41.04999923706055,1268700.0,30.932235717773438
2008-12-08,41.97999954223633,40.439998626708984,41.61000061035156,41.5,1759600.0,31.271329879760742
2008-12-09,42.5,41.189998626708984,41.349998474121094,41.45000076293945,1555000.0,31.233642578125
2008-12-10,44.72999954223633,41.08000183105469,41.08000183105469,44.56999969482422,1759500.0,33.58464431762695
2008-12-11,45.83000183105469,44.040000915527344,44.130001068115234,44.95000076293945,1563500.0,33.87099075317383
2008-12-12,45.65999984741211,43.95000076293945,44.11000061035156,45.58000183105469,1247300.0,34.345706939697266
2008-12-15,46.2400016784668,44.77000045776367,45.529998779296875,45.150001525878906,1075000.0,34.021690368652344
2008-12-16,46.93000030517578,45.04999923706055,45.41999816894531,46.79999923706055,1309700.0,35.2650032043457
2008-12-17,46.75,45.29999923706055,46.58000183105469,46.06999969482422,1793200.0,34.71491622924805
2008-12-18,46.61000061035156,45.63999938964844,46.060001373291016,45.959999084472656,1614900.0,34.63204574584961
2008-12-19,47.18000030517578,45.720001220703125,46.15999984741211,46.20000076293945,1384200.0,34.812896728515625
2008-12-22,46.38999938964844,45.0,46.38999938964844,45.720001220703125,1045900.0,34.451194763183594
2008-12-23,46.439998626708984,45.310001373291016,46.439998626708984,45.63999938964844,891400.0,34.39091491699219
2008-12-24,47.220001220703125,45.7400016784668,46.34000015258789,46.90999984741211,425200.0,35.3478889465332
2008-12-26,47.380001068115234,46.29999923706055,47.16999816894531,47.040000915527344,563400.0,35.44586181640625
2008-12-29,47.470001220703125,46.68000030517578,46.959999084472656,47.27000045776367,944600.0,35.619163513183594
2008-12-30,48.36000061035156,47.40999984741211,47.68000030517578,48.08000183105469,931300.0,36.229522705078125
2008-12-31,49.27000045776367,48.220001220703125,48.25,48.91999816894531,1065000.0,36.862483978271484
2009-01-02,49.81999969482422,48.25,48.709999084472656,49.52000045776367,792100.0,37.314605712890625
2009-01-05,49.880001068115234,47.939998626708984,49.279998779296875,48.439998626708984,1751500.0,36.50078582763672
2009-01-06,49.349998474121094,44.90999984741211,48.369998931884766,45.72999954223633,2539200.0,34.4587287902832
2009-01-07,46.09000015258789,44.66999816894531,45.15999984741211,45.040000915527344,1501100.0,33.93879318237305
2009-01-08,45.439998626708984,42.630001068115234,44.810001373291016,44.13999938964844,2225900.0,33.2606201171875
2009-01-09,44.279998779296875,43.220001220703125,44.04999923706055,43.83000183105469,1143100.0,33.02703857421875
2009-01-12,44.29999923706055,43.0,43.86000061035156,43.849998474121094,1068600.0,33.042118072509766
2009-01-13,44.04999923706055,42.83000183105469,43.84000015258789,43.54999923706055,1446300.0,32.81605529785156
2009-01-14,42.900001525878906,41.529998779296875,42.900001525878906,42.040000915527344,1050500.0,31.678232192993164
2009-01-15,42.060001373291016,40.93000030517578,41.79999923706055,42.0,2957900.0,31.648086547851562
2009-01-16,42.900001525878906,41.90999984741211,42.45000076293945,42.189998626708984,2012500.0,31.791248321533203
2009-01-20,42.70000076293945,41.529998779296875,42.459999084472656,41.83000183105469,1715200.0,31.519990921020508
2009-01-21,43.06999969482422,41.75,41.83000183105469,42.93000030517578,1828700.0,32.34886169433594
2009-01-22,43.119998931884766,41.779998779296875,42.22999954223633,42.97999954223633,2169500.0,32.386539459228516
2009-01-23,42.959999084472656,41.43000030517578,42.09000015258789,42.4900016784668,1141200.0,32.01732635498047
2009-01-26,43.560001373291016,41.93000030517578,42.90999984741211,42.06999969482422,1862400.0,31.70082664489746
2009-01-27,42.560001373291016,41.09000015258789,42.560001373291016,41.65999984741211,1482300.0,31.391895294189453
2009-01-28,42.290000915527344,41.209999084472656,42.08000183105469,41.720001220703125,1479900.0,31.437108993530273
2009-01-29,41.7400016784668,40.599998474121094,41.7400016784668,40.91999816894531,1064200.0,30.834278106689453
2009-01-30,41.20000076293945,40.11000061035156,40.849998474121094,40.27000045776367,2119400.0,30.344478607177734
2009-02-02,40.68000030517578,38.810001373291016,40.27000045776367,39.95000076293945,2873700.0,30.103351593017578
2009-02-03,41.630001068115234,39.790000915527344,40.029998779296875,41.34000015258789,1244500.0,31.15074920654297
2009-02-04,41.61000061035156,39.779998779296875,41.2400016784668,39.97999954223633,1336800.0,30.1259708404541
2009-02-05,40.43000030517578,39.54999923706055,39.91999816894531,39.93000030517578,1637400.0,30.088285446166992
2009-02-06,41.31999969482422,39.720001220703125,40.029998779296875,41.16999816894531,2179700.0,31.022659301757812
2009-02-09,41.43000030517578,40.20000076293945,41.41999816894531,40.5,2221200.0,30.517784118652344
2009-02-10,39.7599983215332,36.689998626708984,39.66999816894531,37.29999923706055,5294600.0,28.10651969909668
2009-02-11,39.45000076293945,38.0099983215332,38.5099983215332,39.130001068115234,2691600.0,29.48546028137207
2009-02-12,39.84000015258789,37.900001525878906,38.08000183105469,39.619998931884766,2614800.0,29.854703903198242
2009-02-13,39.689998626708984,38.810001373291016,39.689998626708984,38.84000015258789,1941200.0,29.266942977905273
2009-02-17,38.439998626708984,37.5,37.72999954223633,37.68000030517578,2195500.0,28.39284896850586
2009-02-18,37.849998474121094,37.38999938964844,37.709999084472656,37.65999984741211,1972600.0,28.377782821655273
2009-02-19,37.95000076293945,36.77000045776367,37.4900016784668,36.90999984741211,1991800.0,27.812641143798828
2009-02-20,36.70000076293945,35.70000076293945,36.130001068115234,36.099998474121094,2021800.0,27.202289581298828
2009-02-23,36.79999923706055,35.470001220703125,36.33000183105469,35.5099983215332,1252100.0,26.757699966430664
2009-02-24,36.20000076293945,35.290000915527344,35.400001525878906,36.040000915527344,2036100.0,27.157073974609375
2009-02-25,36.040000915527344,35.2400016784668,35.7400016784668,35.540000915527344,1473400.0,26.92975425720215
2009-02-26,36.130001068115234,35.290000915527344,35.95000076293945,35.439998626708984,2178200.0,26.853975296020508
2009-02-27,35.84000015258789,34.81999969482422,35.16999816894531,35.22999954223633,3099700.0,26.69485855102539
2009-03-02,36.279998779296875,35.16999816894531,35.279998779296875,35.33000183105469,2088400.0,26.770626068115234
2009-03-03,36.5,35.2599983215332,36.029998779296875,35.52000045776367,2450800.0,26.914594650268555
2009-03-04,36.16999816894531,34.88999938964844,36.119998931884766,35.04999923706055,2343000.0,26.558460235595703
2009-03-05,34.779998779296875,33.04999923706055,34.34000015258789,33.61000061035156,3422500.0,25.46733283996582
2009-03-06,34.650001525878906,33.36000061035156,34.34000015258789,34.099998474121094,1469100.0,25.838619232177734
2009-03-09,34.06999969482422,32.7599983215332,33.90999984741211,32.95000076293945,1496300.0,24.96723175048828
2009-03-10,33.56999969482422,32.68000030517578,33.02000045776367,32.79999923706055,2420200.0,24.853574752807617
2009-03-11,33.20000076293945,32.209999084472656,32.540000915527344,32.90999984741211,3885400.0,24.936922073364258
2009-03-12,33.189998626708984,31.959999084472656,32.86000061035156,32.099998474121094,2874000.0,24.323156356811523
2009-03-13,32.63999938964844,31.1299991607666,32.13999938964844,31.68000030517578,4418700.0,24.004901885986328
2009-03-16,32.290000915527344,31.219999313354492,31.93000030517578,31.440000534057617,2678100.0,23.823055267333984
2009-03-17,31.690000534057617,30.760000228881836,31.3700008392334,31.489999771118164,2282900.0,23.860942840576172
2009-03-18,33.72999954223633,31.3700008392334,31.649999618530273,33.13999938964844,4122900.0,25.11119270324707
2009-03-19,33.36000061035156,32.79999923706055,33.31999969482422,33.0,2275000.0,25.00511932373047
2009-03-20,33.5,32.349998474121094,33.0,33.08000183105469,2114400.0,25.065732955932617
2009-03-23,34.970001220703125,33.279998779296875,33.33000183105469,34.970001220703125,2839600.0,26.497844696044922
2009-03-24,35.5,34.40999984741211,34.619998931884766,35.18000030517578,2216700.0,26.656970977783203
2009-03-25,35.63999938964844,34.40999984741211,35.619998931884766,35.119998931884766,1509000.0,26.611499786376953
2009-03-26,35.58000183105469,34.58000183105469,35.27000045776367,35.459999084472656,1577800.0,26.869131088256836
2009-03-27,35.4900016784668,34.599998474121094,35.220001220703125,35.369998931884766,1419200.0,26.800935745239258
2009-03-30,34.9900016784668,33.560001373291016,34.810001373291016,34.25,1271500.0,25.952280044555664
2009-03-31,34.869998931884766,34.11000061035156,34.31999969482422,34.279998779296875,1402900.0,25.97500991821289
2009-04-01,34.869998931884766,33.41999816894531,34.04999923706055,34.70000076293945,1708900.0,26.293256759643555
2009-04-02,36.619998931884766,34.79999923706055,35.11000061035156,36.060001373291016,1720900.0,27.323776245117188
2009-04-03,36.720001220703125,35.970001220703125,36.130001068115234,36.22999954223633,1410000.0,27.452590942382812
2009-04-06,36.11000061035156,35.18000030517578,36.06999969482422,35.369998931884766,1350500.0,26.800935745239258
2009-04-07,35.75,34.83000183105469,35.119998931884766,35.040000915527344,925500.0,26.550884246826172
2009-04-08,35.150001525878906,34.18000030517578,35.08000183105469,34.5099983215332,1269000.0,26.149288177490234
2009-04-09,35.619998931884766,34.560001373291016,34.970001220703125,35.470001220703125,1793900.0,26.8767147064209
2009-04-13,35.33000183105469,34.27000045776367,34.880001068115234,34.880001068115234,1132600.0,26.42964744567871
2009-04-14,35.630001068115234,34.38999938964844,34.720001220703125,35.209999084472656,2566100.0,26.67970085144043
2009-04-15,36.27000045776367,34.7400016784668,34.79999923706055,35.79999923706055,2175900.0,27.12675666809082
2009-04-16,37.290000915527344,35.88999938964844,35.88999938964844,37.11000061035156,1992100.0,28.11937713623047
2009-04-17,39.09000015258789,37.119998931884766,37.119998931884766,38.380001068115234,3193900.0,29.081710815429688
2009-04-20,38.650001525878906,37.029998779296875,38.04999923706055,37.04999923706055,1346700.0,28.07392692565918
2009-04-21,37.56999969482422,36.45000076293945,36.650001525878906,37.18000030517578,940600.0,28.17243003845215
2009-04-22,37.220001220703125,36.38999938964844,37.02000045776367,36.77000045776367,1241000.0,27.861764907836914
2009-04-23,36.97999954223633,35.91999816894531,36.72999954223633,36.45000076293945,1307000.0,27.619281768798828
2009-04-24,37.20000076293945,36.310001373291016,36.45000076293945,37.06999969482422,1182700.0,28.089082717895508
2009-04-27,37.150001525878906,36.5099983215332,36.779998779296875,36.72999954223633,1237100.0,27.831451416015625
2009-04-28,36.869998931884766,36.220001220703125,36.369998931884766,36.45000076293945,1506800.0,27.619281768798828
2009-04-29,36.959999084472656,36.400001525878906,36.779998779296875,36.72999954223633,1870700.0,27.831451416015625
2009-04-30,38.77000045776367,36.93000030517578,37.029998779296875,38.25,2185000.0,28.983200073242188
2009-05-01,39.040000915527344,37.939998626708984,38.31999969482422,39.040000915527344,1267500.0,29.581802368164062
2009-05-04,39.099998474121094,38.33000183105469,38.93000030517578,38.5,1794600.0,29.17262840270996
2009-05-05,43.38999938964844,40.52000045776367,40.900001525878906,42.16999816894531,4909300.0,31.9534969329834
2009-05-06,42.68000030517578,40.91999816894531,42.29999923706055,42.02000045776367,1704600.0,31.839853286743164
2009-05-07,42.2599983215332,41.349998474121094,42.2599983215332,41.560001373291016,1327500.0,31.491300582885742
2009-05-08,42.599998474121094,41.720001220703125,41.88999938964844,42.0,1613100.0,31.824695587158203
2009-05-11,42.34000015258789,41.45000076293945,41.560001373291016,41.9900016784668,1299000.0,31.817110061645508
2009-05-12,42.58000183105469,41.52000045776367,42.11000061035156,42.2400016784668,1278500.0,32.00655746459961
2009-05-13,42.310001373291016,41.540000915527344,41.970001220703125,41.58000183105469,1458200.0,31.506452560424805
2009-05-14,42.52000045776367,41.599998474121094,41.70000076293945,42.02000045776367,1415200.0,31.839853286743164
2009-05-15,42.459999084472656,41.81999969482422,42.0,41.959999084472656,1362800.0,31.794391632080078
2009-05-18,43.25,42.060001373291016,42.27000045776367,43.25,2161400.0,32.77185821533203
2009-05-19,44.0,42.869998931884766,43.29999923706055,43.45000076293945,1826500.0,32.92339324951172
2009-05-20,43.880001068115234,43.06999969482422,43.65999984741211,43.4900016784668,2392700.0,32.95372009277344
2009-05-21,43.77000045776367,42.7599983215332,43.130001068115234,43.470001220703125,1343000.0,32.93855285644531
2009-05-22,43.849998474121094,43.16999816894531,43.52000045776367,43.560001373291016,846600.0,33.006752014160156
2009-05-26,44.90999984741211,43.29999923706055,43.5099983215332,44.90999984741211,2131700.0,34.029685974121094
2009-05-27,44.97999954223633,44.209999084472656,44.779998779296875,44.279998779296875,1715800.0,33.732582092285156
2009-05-28,44.84000015258789,44.029998779296875,44.5,44.689998626708984,1146100.0,34.04492950439453
2009-05-29,45.27000045776367,43.93000030517578,44.5099983215332,43.9900016784668,3334400.0,33.511661529541016
2009-06-01,45.34000015258789,43.869998931884766,44.43000030517578,44.630001068115234,3796700.0,33.99920654296875
2009-06-02,46.439998626708984,44.630001068115234,44.650001525878906,46.34000015258789,2036000.0,35.30190658569336
2009-06-03,46.810001373291016,45.779998779296875,46.18000030517578,46.43000030517578,1595600.0,35.37045669555664
2009-06-04,46.900001525878906,46.15999984741211,46.54999923706055,46.189998626708984,1668600.0,35.187618255615234
2009-06-05,46.77000045776367,45.529998779296875,46.290000915527344,45.75,1298800.0,34.85243225097656
2009-06-08,46.0,45.02000045776367,45.31999969482422,45.33000183105469,1567700.0,34.532466888427734
2009-06-09,45.560001373291016,44.66999816894531,45.369998931884766,44.709999084472656,1973200.0,34.06016540527344
2009-06-10,45.349998474121094,44.5,44.86000061035156,44.86000061035156,1349800.0,34.17442321777344
2009-06-11,45.16999816894531,44.65999984741211,44.869998931884766,44.70000076293945,1388500.0,34.05253982543945
2009-06-12,45.040000915527344,44.439998626708984,44.61000061035156,44.93000030517578,1064700.0,34.22775650024414
2009-06-15,44.97999954223633,44.0,44.599998474121094,44.209999084472656,966000.0,33.67926025390625
2009-06-16,44.5,42.970001220703125,44.400001525878906,43.16999816894531,1361000.0,32.886985778808594
2009-06-17,43.619998931884766,42.56999969482422,43.2599983215332,42.70000076293945,1836500.0,32.528934478759766
2009-06-18,43.630001068115234,42.380001068115234,42.81999969482422,43.45000076293945,1085400.0,33.10028076171875
2009-06-19,43.7599983215332,42.810001373291016,43.7599983215332,43.029998779296875,1316700.0,32.78034210205078
2009-06-22,43.06999969482422,41.79999923706055,42.650001525878906,42.0099983215332,1221800.0,32.003292083740234
2009-06-23,42.61000061035156,41.619998931884766,42.0099983215332,42.11000061035156,1093300.0,32.0794792175293
2009-06-24,42.5,41.75,42.290000915527344,41.9900016784668,1191500.0,31.988056182861328
2009-06-25,42.65999984741211,41.540000915527344,41.810001373291016,42.599998474121094,1044800.0,32.45275115966797
2009-06-26,42.869998931884766,42.130001068115234,42.599998474121094,42.63999938964844,1560100.0,32.48323440551758
2009-06-29,42.869998931884766,42.0,42.869998931884766,42.529998779296875,772600.0,32.39942932128906
2009-06-30,42.720001220703125,41.849998474121094,42.61000061035156,42.33000183105469,1174900.0,32.24707794189453
2009-07-01,43.959999084472656,42.439998626708984,42.599998474121094,43.52000045776367,1353800.0,33.15362548828125
2009-07-02,43.65999984741211,43.0,43.130001068115234,43.369998931884766,1409200.0,33.03934860229492
2009-07-06,43.86000061035156,42.88999938964844,43.15999984741211,43.79999923706055,747400.0,33.36690902709961
2009-07-07,43.77000045776367,42.91999816894531,43.7599983215332,42.970001220703125,1006100.0,32.73463439941406
2009-07-08,43.13999938964844,42.220001220703125,43.119998931884766,42.63999938964844,862200.0,32.48323440551758
2009-07-09,43.06999969482422,42.459999084472656,42.849998474121094,42.650001525878906,927700.0,32.4908561706543
2009-07-10,42.5099983215332,41.68000030517578,42.36000061035156,41.86000061035156,616000.0,31.88902473449707
2009-07-13,42.849998474121094,41.75,41.869998931884766,42.79999923706055,713200.0,32.60512161254883
2009-07-14,43.0099983215332,42.31999969482422,42.68000030517578,42.720001220703125,903200.0,32.54418182373047
2009-07-15,43.849998474121094,42.689998626708984,42.970001220703125,43.849998474121094,1038700.0,33.40501022338867
2009-07-16,44.029998779296875,43.459999084472656,43.689998626708984,43.83000183105469,637000.0,33.3897705078125
2009-07-17,44.0099983215332,43.54999923706055,43.97999954223633,43.86000061035156,988600.0,33.41263961791992
2009-07-20,44.31999969482422,43.400001525878906,44.09000015258789,43.75,1303600.0,33.328834533691406
2009-07-21,44.18000030517578,43.349998474121094,43.93000030517578,43.70000076293945,773100.0,33.290748596191406
2009-07-22,44.52000045776367,43.529998779296875,43.63999938964844,44.18000030517578,1116800.0,33.65641403198242
2009-07-23,45.33000183105469,44.11000061035156,44.11000061035156,44.93000030517578,1480900.0,34.22775650024414
2009-07-24,45.09000015258789,44.380001068115234,44.939998626708984,44.900001525878906,810900.0,34.20490646362305
2009-07-27,45.11000061035156,44.31999969482422,44.97999954223633,44.90999984741211,585300.0,34.21251678466797
2009-07-28,45.09000015258789,44.06999969482422,44.79999923706055,44.45000076293945,1022100.0,33.862091064453125
2009-07-29,44.900001525878906,44.22999954223633,44.33000183105469,44.709999084472656,1176400.0,34.06016540527344
2009-07-30,45.25,44.869998931884766,44.970001220703125,44.91999816894531,1315900.0,34.22014617919922
2009-07-31,45.470001220703125,44.84000015258789,44.970001220703125,45.209999084472656,1905600.0,34.44106674194336
2009-08-03,47.720001220703125,45.130001068115234,46.5,47.5099983215332,3754500.0,36.193206787109375
2009-08-04,47.5099983215332,46.63999938964844,47.47999954223633,46.88999938964844,1846700.0,35.720890045166016
2009-08-05,47.220001220703125,46.27000045776367,46.81999969482422,46.349998474121094,1124300.0,35.30952072143555
2009-08-06,46.900001525878906,45.36000061035156,46.599998474121094,45.400001525878906,1430000.0,34.58580017089844
2009-08-07,45.880001068115234,45.25,45.849998474121094,45.43000030517578,948700.0,34.60865020751953
2009-08-10,46.34000015258789,45.2599983215332,45.470001220703125,45.790000915527344,1432200.0,34.88290786743164
2009-08-11,46.08000183105469,45.400001525878906,45.400001525878906,45.83000183105469,904000.0,34.91339111328125
2009-08-12,46.4900016784668,45.52000045776367,45.84000015258789,46.13999938964844,737200.0,35.14954376220703
2009-08-13,46.560001373291016,45.540000915527344,46.560001373291016,45.779998779296875,799300.0,34.87528991699219
2009-08-14,46.720001220703125,45.5,46.04999923706055,45.619998931884766,968400.0,34.75339889526367
2009-08-17,45.84000015258789,45.130001068115234,45.560001373291016,45.709999084472656,706600.0,34.82196044921875
2009-08-18,45.84000015258789,45.47999954223633,45.68000030517578,45.650001525878906,454100.0,34.77625274658203
2009-08-19,45.84000015258789,45.349998474121094,45.369998931884766,45.72999954223633,719100.0,34.837188720703125
2009-08-20,45.790000915527344,45.459999084472656,45.689998626708984,45.709999084472656,483800.0,34.82196044921875
2009-08-21,46.59000015258789,45.779998779296875,46.029998779296875,46.29999923706055,844100.0,35.27141571044922
2009-08-24,46.310001373291016,45.86000061035156,46.310001373291016,46.06999969482422,578700.0,35.096214294433594
2009-08-25,46.380001068115234,45.79999923706055,46.16999816894531,45.970001220703125,740800.0,35.0200309753418
2009-08-26,46.52000045776367,45.72999954223633,45.79999923706055,46.33000183105469,1365100.0,35.29428482055664
2009-08-27,46.630001068115234,45.779998779296875,46.13999938964844,46.47999954223633,1108500.0,35.592926025390625
2009-08-28,46.849998474121094,46.33000183105469,46.650001525878906,46.66999816894531,936500.0,35.738426208496094
2009-08-31,47.45000076293945,46.2599983215332,46.40999984741211,47.380001068115234,1273800.0,36.28213119506836
2009-09-01,48.18000030517578,46.880001068115234,47.27000045776367,47.0099983215332,2296300.0,35.998783111572266
2009-09-02,47.810001373291016,46.72999954223633,47.02000045776367,47.11000061035156,2060700.0,36.07535934448242
2009-09-03,48.0,46.63999938964844,46.939998626708984,47.88999938964844,2011100.0,36.672664642333984
2009-09-04,48.369998931884766,47.630001068115234,47.630001068115234,48.22999954223633,1628300.0,36.933021545410156
2009-09-08,48.63999938964844,47.880001068115234,48.290000915527344,48.599998474121094,1590300.0,37.21635437011719
2009-09-09,49.34000015258789,48.04999923706055,48.5,49.150001525878906,1523500.0,37.637535095214844
2009-09-10,49.75,48.79999923706055,48.970001220703125,49.63999938964844,2983400.0,38.01275634765625
2009-09-11,49.560001373291016,48.689998626708984,49.560001373291016,49.279998779296875,1338200.0,37.7370719909668
2009-09-14,49.880001068115234,49.040000915527344,49.16999816894531,49.70000076293945,1825300.0,38.0587043762207
2009-09-15,49.7599983215332,49.36000061035156,49.66999816894531,49.5,1463000.0,37.90555191040039
2009-09-16,49.63999938964844,49.16999816894531,49.52000045776367,49.25,1837200.0,37.71410369873047
2009-09-17,49.36000061035156,48.380001068115234,49.13999938964844,48.790000915527344,2095900.0,37.36186599731445
2009-09-18,49.099998474121094,47.79999923706055,48.75,47.79999923706055,3155100.0,36.6037483215332
2009-09-21,47.880001068115234,47.16999816894531,47.56999969482422,47.779998779296875,1088600.0,36.58842849731445
2009-09-22,47.90999984741211,47.2400016784668,47.75,47.689998626708984,887700.0,36.51951599121094
2009-09-23,48.84000015258789,47.650001525878906,48.0,48.099998474121094,1212200.0,36.833473205566406
2009-09-24,48.349998474121094,47.66999816894531,48.310001373291016,48.099998474121094,1242800.0,36.833473205566406
2009-09-25,48.20000076293945,47.599998474121094,47.91999816894531,47.88999938964844,1222100.0,36.672664642333984
2009-09-28,48.84000015258789,47.75,47.90999984741211,48.45000076293945,775800.0,37.10148620605469
2009-09-29,49.040000915527344,48.33000183105469,48.5,48.65999984741211,806400.0,37.2623176574707
2009-09-30,48.88999938964844,47.720001220703125,48.689998626708984,48.68000030517578,1177300.0,37.277626037597656
2009-10-01,49.08000183105469,47.84000015258789,48.369998931884766,48.540000915527344,1942300.0,37.1704216003418
2009-10-02,48.400001525878906,47.0,48.33000183105469,47.720001220703125,1929100.0,36.54248809814453
2009-10-05,48.63999938964844,47.209999084472656,48.08000183105469,48.58000183105469,1311500.0,37.20104217529297
2009-10-06,49.61000061035156,48.599998474121094,48.7400016784668,49.33000183105469,1173200.0,37.77536392211914
2009-10-07,49.86000061035156,48.7599983215332,49.33000183105469,49.75,1343000.0,38.096988677978516
2009-10-08,49.93000030517578,49.36000061035156,49.84000015258789,49.56999969482422,859200.0,37.95915603637695
2009-10-09,49.79999923706055,49.34000015258789,49.400001525878906,49.7400016784668,690100.0,38.08934020996094
2009-10-12,50.02000045776367,49.63999938964844,49.63999938964844,49.91999816894531,1159500.0,38.227169036865234
2009-10-13,50.56999969482422,49.79999923706055,49.83000183105469,50.45000076293945,1131400.0,38.63302230834961
2009-10-14,50.939998626708984,50.04999923706055,50.81999969482422,50.33000183105469,1951200.0,38.541141510009766
2009-10-15,50.709999084472656,49.650001525878906,49.689998626708984,50.220001220703125,1950700.0,38.456912994384766
2009-10-16,50.43000030517578,49.88999938964844,49.97999954223633,49.95000076293945,1920200.0,38.250144958496094
2009-10-19,50.40999984741211,49.91999816894531,50.029998779296875,50.279998779296875,1145200.0,38.50284194946289
2009-10-20,50.4900016784668,50.150001525878906,50.22999954223633,50.279998779296875,1365500.0,38.50284194946289
2009-10-21,51.11000061035156,49.93000030517578,50.08000183105469,49.9900016784668,1588600.0,38.28078079223633
2009-10-22,50.709999084472656,49.7599983215332,49.9900016784668,50.4900016784668,929700.0,38.663665771484375
2009-10-23,50.79999923706055,49.7400016784668,50.59000015258789,50.2400016784668,1000700.0,38.472225189208984
2009-10-26,51.09000015258789,50.04999923706055,50.31999969482422,50.45000076293945,1203100.0,38.63302230834961
2009-10-27,50.599998474121094,49.650001525878906,50.599998474121094,49.720001220703125,988300.0,38.074031829833984
2009-10-28,49.970001220703125,48.63999938964844,49.560001373291016,48.77000045776367,961000.0,37.34653854370117
2009-10-29,49.45000076293945,48.52000045776367,49.189998626708984,49.45000076293945,1016700.0,37.86726379394531
2009-10-30,49.5,48.540000915527344,49.470001220703125,48.970001220703125,947100.0,37.499698638916016
2009-11-02,50.25,48.79999923706055,49.15999984741211,49.720001220703125,1122700.0,38.074031829833984
2009-11-03,49.650001525878906,48.470001220703125,49.5099983215332,49.400001525878906,1343700.0,37.8289680480957
2009-11-04,50.38999938964844,44.790000915527344,50.290000915527344,45.18000030517578,5963100.0,34.597415924072266
2009-11-05,45.45000076293945,43.7400016784668,45.119998931884766,43.869998931884766,4485600.0,33.594261169433594
2009-11-06,44.33000183105469,43.65999984741211,43.779998779296875,43.849998474121094,1767600.0,33.578956604003906
2009-11-09,45.0,44.099998474121094,44.189998626708984,44.970001220703125,1610700.0,34.436622619628906
2009-11-10,45.0,44.650001525878906,44.939998626708984,44.83000183105469,1068300.0,34.32941436767578
2009-11-11,46.29999923706055,44.880001068115234,44.95000076293945,46.13999938964844,2019500.0,35.33257293701172
2009-11-12,46.34000015258789,45.459999084472656,46.25,45.540000915527344,1556800.0,34.873104095458984
2009-11-13,46.27000045776367,45.540000915527344,45.650001525878906,45.68000030517578,1075400.0,34.980308532714844
2009-11-16,46.709999084472656,45.779998779296875,45.880001068115234,46.310001373291016,900800.0,35.4627571105957
2009-11-17,46.5099983215332,45.779998779296875,46.189998626708984,46.099998474121094,891600.0,35.301937103271484
2009-11-18,46.279998779296875,45.709999084472656,46.029998779296875,46.029998779296875,812200.0,35.248329162597656
2009-11-19,46.040000915527344,44.939998626708984,45.70000076293945,45.720001220703125,1178000.0,35.01095962524414
2009-11-20,45.83000183105469,45.400001525878906,45.72999954223633,45.56999969482422,751000.0,34.89609146118164
2009-11-23,46.25,45.61000061035156,45.9900016784668,45.79999923706055,855100.0,35.07218551635742
2009-11-24,46.380001068115234,45.75,46.04999923706055,45.97999954223633,824600.0,35.21003341674805
2009-11-25,45.90999984741211,45.400001525878906,45.849998474121094,45.619998931884766,619100.0,35.1176643371582
2009-11-27,45.2400016784668,44.029998779296875,45.0099983215332,45.0099983215332,420500.0,34.648094177246094
2009-11-30,45.439998626708984,44.77000045776367,45.18000030517578,45.209999084472656,888100.0,34.80205535888672
2009-12-01,45.849998474121094,45.189998626708984,45.52000045776367,45.599998474121094,1226500.0,35.102272033691406
2009-12-02,45.779998779296875,45.060001373291016,45.52000045776367,45.61000061035156,753400.0,35.1099739074707
2009-12-03,45.790000915527344,45.16999816894531,45.7599983215332,45.2599983215332,569400.0,34.84054183959961
2009-12-04,45.970001220703125,45.20000076293945,45.599998474121094,45.720001220703125,1258400.0,35.19466018676758
2009-12-07,46.0,45.369998931884766,45.599998474121094,45.720001220703125,842300.0,35.19466018676758
2009-12-08,45.68000030517578,44.79999923706055,45.4900016784668,45.099998474121094,1015600.0,34.717384338378906
2009-12-09,45.68000030517578,44.86000061035156,45.18000030517578,45.619998931884766,1132300.0,35.1176643371582
2009-12-10,46.119998931884766,45.20000076293945,45.83000183105469,45.38999938964844,811100.0,34.940616607666016
2009-12-11,45.65999984741211,45.0099983215332,45.529998779296875,45.060001373291016,882500.0,34.686588287353516
2009-12-14,45.29999923706055,44.70000076293945,45.13999938964844,44.72999954223633,1409400.0,34.43256378173828
2009-12-15,44.9900016784668,43.83000183105469,44.779998779296875,44.04999923706055,1855600.0,33.90911102294922
2009-12-16,44.470001220703125,43.75,44.25,43.79999923706055,1273200.0,33.716651916503906
2009-12-17,43.75,43.15999984741211,43.75,43.15999984741211,2296600.0,33.2239875793457
2009-12-18,43.470001220703125,42.880001068115234,43.15999984741211,43.43000030517578,1059700.0,33.43183135986328
2009-12-21,43.849998474121094,43.540000915527344,43.619998931884766,43.77000045776367,537400.0,33.69356918334961
2009-12-22,44.209999084472656,43.650001525878906,43.849998474121094,44.130001068115234,923900.0,33.970680236816406
2009-12-23,44.689998626708984,44.02000045776367,44.25,44.560001373291016,861400.0,34.30168533325195
2009-12-24,44.75,44.470001220703125,44.56999969482422,44.650001525878906,386800.0,34.370975494384766
2009-12-28,45.029998779296875,44.459999084472656,44.790000915527344,44.9900016784668,788800.0,34.6327018737793
2009-12-29,45.2599983215332,44.81999969482422,45.060001373291016,45.04999923706055,524200.0,34.67888641357422
2009-12-30,45.189998626708984,44.560001373291016,44.709999084472656,45.189998626708984,562000.0,34.786659240722656
2009-12-31,45.54999923706055,45.13999938964844,45.27000045776367,45.15999984741211,609300.0,34.76356506347656
2010-01-04,46.06999969482422,45.380001068115234,45.56999969482422,45.91999816894531,1302400.0,35.34860610961914
2010-01-05,45.88999938964844,45.119998931884766,45.88999938964844,45.369998931884766,1011900.0,34.92522430419922
2010-01-06,45.689998626708984,45.119998931884766,45.4900016784668,45.31999969482422,729200.0,34.8867301940918
2010-01-07,45.20000076293945,44.47999954223633,45.20000076293945,44.560001373291016,1242500.0,34.30168533325195
2010-01-08,44.58000183105469,44.15999984741211,44.459999084472656,44.5,1128000.0,34.25550842285156
2010-01-11,45.150001525878906,44.54999923706055,44.720001220703125,45.0099983215332,816200.0,34.648094177246094
2010-01-12,45.29999923706055,44.650001525878906,44.939998626708984,45.16999816894531,702800.0,34.77128219604492
2010-01-13,45.58000183105469,44.81999969482422,45.119998931884766,45.349998474121094,725100.0,34.90982437133789
2010-01-14,45.720001220703125,45.220001220703125,45.22999954223633,45.59000015258789,830500.0,35.094573974609375
2010-01-15,45.880001068115234,45.09000015258789,45.41999816894531,45.18000030517578,1120900.0,34.77894973754883
2010-01-19,45.099998474121094,44.22999954223633,44.97999954223633,44.58000183105469,1823300.0,34.317100524902344
2010-01-20,44.36000061035156,43.27000045776367,44.2400016784668,43.7599983215332,1385000.0,33.68586730957031
2010-01-21,44.20000076293945,43.25,43.86000061035156,43.36000061035156,1391100.0,33.377952575683594
2010-01-22,43.689998626708984,43.0,43.380001068115234,43.02000045776367,890700.0,33.11623001098633
2010-01-25,43.380001068115234,42.7599983215332,43.31999969482422,42.79999923706055,915900.0,32.94687271118164
2010-01-26,43.099998474121094,42.380001068115234,42.59000015258789,42.90999984741211,1077100.0,33.03154754638672
2010-01-27,43.0,42.58000183105469,42.90999984741211,42.880001068115234,1021600.0,33.008445739746094
2010-01-28,43.029998779296875,42.40999984741211,42.93000030517578,42.459999084472656,676500.0,32.68514633178711
2010-01-29,42.650001525878906,41.86000061035156,42.52000045776367,42.0,1369100.0,32.331050872802734
2010-02-01,42.709999084472656,42.08000183105469,42.150001525878906,42.5,1017200.0,32.7159309387207
2010-02-02,42.540000915527344,42.0,42.45000076293945,42.349998474121094,1387400.0,32.600460052490234
2010-02-03,42.720001220703125,42.08000183105469,42.20000076293945,42.650001525878906,909300.0,32.831398010253906
2010-02-04,42.459999084472656,40.380001068115234,42.41999816894531,40.43000030517578,2138200.0,31.12247085571289
2010-02-05,41.380001068115234,40.43000030517578,40.59000015258789,41.220001220703125,1714900.0,31.730615615844727
2010-02-08,41.810001373291016,41.099998474121094,41.220001220703125,41.310001373291016,1213800.0,31.799898147583008
2010-02-09,41.630001068115234,39.7599983215332,41.5099983215332,39.97999954223633,3747400.0,30.776079177856445
2010-02-10,40.41999816894531,38.869998931884766,40.11000061035156,39.0,2462600.0,30.021686553955078
2010-02-11,39.5099983215332,38.439998626708984,38.959999084472656,39.439998626708984,3022400.0,30.360389709472656
2010-02-12,39.20000076293945,38.599998474121094,39.20000076293945,38.900001525878906,2394500.0,29.944704055786133
2010-02-16,39.959999084472656,38.88999938964844,39.08000183105469,39.880001068115234,2199600.0,30.6990909576416
2010-02-17,40.630001068115234,39.970001220703125,40.099998474121094,40.470001220703125,1843600.0,31.15326690673828
2010-02-18,40.84000015258789,40.25,40.33000183105469,40.63999938964844,1567300.0,31.284120559692383
2010-02-19,41.470001220703125,40.45000076293945,40.619998931884766,41.11000061035156,1653700.0,31.645933151245117
2010-02-22,41.58000183105469,40.720001220703125,40.939998626708984,41.349998474121094,1354800.0,31.8306827545166
2010-02-23,41.34000015258789,40.61000061035156,41.290000915527344,40.86000061035156,1269400.0,31.4534912109375
2010-02-24,41.09000015258789,40.529998779296875,40.79999923706055,40.97999954223633,1053700.0,31.73224449157715
2010-02-25,40.880001068115234,40.15999984741211,40.52000045776367,40.849998474121094,1393200.0,31.631580352783203
2010-02-26,40.900001525878906,40.02000045776367,40.900001525878906,40.380001068115234,1893500.0,31.26764678955078
2010-03-01,41.08000183105469,40.2599983215332,40.529998779296875,41.08000183105469,1190200.0,31.809673309326172
2010-03-02,41.4900016784668,40.959999084472656,41.209999084472656,41.06999969482422,1285900.0,31.80194091796875
2010-03-03,41.40999984741211,40.95000076293945,41.18000030517578,41.31999969482422,2124200.0,31.995512008666992
2010-03-04,42.220001220703125,41.400001525878906,41.5099983215332,42.18000030517578,1604200.0,32.66145324707031
2010-03-05,42.810001373291016,42.2400016784668,42.459999084472656,42.810001373291016,1705500.0,33.14927673339844
2010-03-08,42.91999816894531,42.22999954223633,42.720001220703125,42.689998626708984,1260800.0,33.056365966796875
2010-03-09,43.060001373291016,42.38999938964844,42.54999923706055,42.939998626708984,2591900.0,33.249935150146484
2010-03-10,43.119998931884766,42.619998931884766,43.0099983215332,43.0099983215332,1335300.0,33.304134368896484
2010-03-11,43.13999938964844,42.599998474121094,43.0,43.130001068115234,787300.0,33.397071838378906
2010-03-12,43.22999954223633,42.880001068115234,43.22999954223633,43.150001525878906,742400.0,33.41255187988281
2010-03-15,43.279998779296875,42.9900016784668,43.150001525878906,43.130001068115234,924900.0,33.397071838378906
2010-03-16,43.40999984741211,43.060001373291016,43.09000015258789,43.34000015258789,1198300.0,33.5596923828125
2010-03-17,43.61000061035156,43.310001373291016,43.380001068115234,43.459999084472656,1141000.0,33.652591705322266
2010-03-18,43.75,43.27000045776367,43.5,43.31999969482422,1116500.0,33.544189453125
2010-03-19,43.689998626708984,43.04999923706055,43.36000061035156,43.36000061035156,1417800.0,33.575164794921875
2010-03-22,43.369998931884766,43.0099983215332,43.20000076293945,43.150001525878906,1183900.0,33.41255187988281
2010-03-23,43.33000183105469,42.810001373291016,43.130001068115234,43.0,1196000.0,33.2963981628418
2010-03-24,42.970001220703125,42.68000030517578,42.970001220703125,42.79999923706055,1253000.0,33.141536712646484
2010-03-25,43.58000183105469,42.4900016784668,43.34000015258789,42.65999984741211,2015400.0,33.03312683105469
2010-03-26,42.900001525878906,42.470001220703125,42.66999816894531,42.61000061035156,1554400.0,32.99441146850586
2010-03-29,42.209999084472656,41.59000015258789,42.099998474121094,41.72999954223633,2119100.0,32.312992095947266
2010-03-30,42.43000030517578,41.849998474121094,41.849998474121094,42.130001068115234,1442800.0,32.62273025512695
2010-03-31,42.2599983215332,41.93000030517578,42.119998931884766,42.060001373291016,1057600.0,32.56853103637695
2010-04-01,43.150001525878906,42.31999969482422,42.31999969482422,43.099998474121094,2196400.0,33.37384033203125
2010-04-05,43.400001525878906,42.939998626708984,43.279998779296875,43.16999816894531,872200.0,33.428043365478516
2010-04-06,43.02000045776367,42.630001068115234,42.95000076293945,42.88999938964844,991900.0,33.21123504638672
2010-04-07,43.119998931884766,42.779998779296875,42.880001068115234,42.91999816894531,1355900.0,33.23445129394531
2010-04-08,43.11000061035156,42.70000076293945,42.91999816894531,43.04999923706055,910800.0,33.33511734008789
2010-04-09,43.630001068115234,43.040000915527344,43.08000183105469,43.58000183105469,781500.0,33.745513916015625
2010-04-12,44.13999938964844,43.56999969482422,43.650001525878906,44.0099983215332,1689900.0,34.078487396240234
2010-04-13,44.779998779296875,43.75,43.869998931884766,44.56999969482422,2151300.0,34.512107849121094
2010-04-14,44.7400016784668,44.290000915527344,44.59000015258789,44.560001373291016,1258300.0,34.504356384277344
2010-04-15,44.54999923706055,44.029998779296875,44.400001525878906,44.459999084472656,1120200.0,34.42692947387695
2010-04-16,44.47999954223633,43.66999816894531,44.41999816894531,43.97999954223633,1230200.0,34.05524826049805
2010-04-19,44.209999084472656,43.380001068115234,43.84000015258789,43.7599983215332,1169800.0,33.8848991394043
2010-04-20,44.13999938964844,43.779998779296875,43.880001068115234,44.09000015258789,857800.0,34.14043426513672
2010-04-21,44.15999984741211,43.90999984741211,44.060001373291016,43.97999954223633,530700.0,34.05524826049805
2010-04-22,44.08000183105469,43.630001068115234,43.84000015258789,44.0099983215332,755000.0,34.078487396240234
2010-04-23,44.13999938964844,43.560001373291016,43.900001525878906,44.13999938964844,754100.0,34.17914962768555
2010-04-26,44.5,43.97999954223633,44.15999984741211,44.0099983215332,833700.0,34.078487396240234
2010-04-27,44.0,42.869998931884766,43.95000076293945,42.95000076293945,986500.0,33.2576904296875
2010-04-28,43.119998931884766,42.529998779296875,43.02000045776367,42.869998931884766,1696200.0,33.195743560791016
2010-04-29,44.90999984741211,43.189998626708984,43.189998626708984,44.650001525878906,2247200.0,34.57405471801758
2010-04-30,45.0,44.33000183105469,44.560001373291016,44.36000061035156,1209000.0,34.349491119384766
2010-05-03,44.9900016784668,44.349998474121094,44.54999923706055,44.540000915527344,1501900.0,34.48887634277344
2010-05-04,44.54999923706055,43.18000030517578,43.81999969482422,44.130001068115234,1764000.0,34.17139434814453
2010-05-05,44.13999938964844,43.220001220703125,43.66999816894531,43.40999984741211,1749800.0,33.613887786865234
2010-05-06,43.439998626708984,40.75,43.439998626708984,42.79999923706055,2576500.0,33.141536712646484
2010-05-07,42.790000915527344,41.560001373291016,42.77000045776367,41.959999084472656,3537800.0,32.491092681884766
2010-05-10,43.560001373291016,42.81999969482422,43.5,42.900001525878906,2196200.0,33.21896743774414
2010-05-11,42.959999084472656,42.15999984741211,42.58000183105469,42.189998626708984,2526800.0,32.669193267822266
2010-05-12,42.630001068115234,42.09000015258789,42.349998474121094,42.459999084472656,2167200.0,32.878265380859375
2010-05-13,43.439998626708984,42.47999954223633,42.5,42.970001220703125,1119700.0,33.273170471191406
2010-05-14,43.439998626708984,42.4900016784668,42.88999938964844,42.70000076293945,1753500.0,33.06410598754883
2010-05-17,43.09000015258789,42.4900016784668,42.65999984741211,42.95000076293945,1323200.0,33.2576904296875
2010-05-18,44.150001525878906,43.40999984741211,43.40999984741211,43.599998474121094,1820800.0,33.7609977722168
2010-05-19,43.630001068115234,42.900001525878906,43.459999084472656,43.11000061035156,1767300.0,33.38157653808594
2010-05-20,42.630001068115234,41.33000183105469,42.630001068115234,41.33000183105469,2222000.0,32.00326919555664
2010-05-21,41.88999938964844,40.650001525878906,40.849998474121094,41.88999938964844,2283900.0,32.436893463134766
2010-05-24,41.900001525878906,41.220001220703125,41.689998626708984,41.529998779296875,1321300.0,32.15812301635742
2010-05-25,40.77000045776367,39.88999938964844,40.7599983215332,40.75,2550600.0,31.55415916442871
2010-05-26,41.06999969482422,40.06999969482422,40.459999084472656,40.150001525878906,2771000.0,31.30464744567871
2010-05-27,40.970001220703125,40.29999923706055,40.61000061035156,40.59000015258789,3186900.0,31.64771270751953
2010-05-28,41.41999816894531,40.47999954223633,40.58000183105469,41.040000915527344,2202800.0,31.998573303222656
2010-06-01,41.209999084472656,40.349998474121094,40.54999923706055,40.470001220703125,1359300.0,31.55415916442871
2010-06-02,41.70000076293945,40.459999084472656,40.65999984741211,41.70000076293945,1494900.0,32.5131721496582
2010-06-03,42.119998931884766,41.38999938964844,41.619998931884766,42.11000061035156,1751300.0,32.832855224609375
2010-06-04,41.95000076293945,41.130001068115234,41.43000030517578,41.63999938964844,3803700.0,32.46638107299805
2010-06-07,42.65999984741211,41.70000076293945,41.86000061035156,42.220001220703125,3029900.0,32.91860580444336
2010-06-08,42.97999954223633,42.06999969482422,42.15999984741211,42.95000076293945,2733400.0,33.487789154052734
2010-06-09,43.70000076293945,42.93000030517578,43.16999816894531,43.150001525878906,1622900.0,33.64374542236328
2010-06-10,44.15999984741211,43.529998779296875,43.61000061035156,43.93000030517578,1205200.0,34.251888275146484
2010-06-11,43.68000030517578,43.150001525878906,43.54999923706055,43.68000030517578,1377400.0,34.05696487426758
2010-06-14,44.220001220703125,43.7400016784668,43.869998931884766,44.0099983215332,1113900.0,34.31425857543945
2010-06-15,44.349998474121094,43.88999938964844,44.150001525878906,44.34000015258789,1361400.0,34.571563720703125
2010-06-16,44.540000915527344,44.15999984741211,44.22999954223633,44.369998931884766,794200.0,34.594940185546875
2010-06-17,44.45000076293945,44.02000045776367,44.40999984741211,44.349998474121094,655400.0,34.579349517822266
2010-06-18,44.70000076293945,44.20000076293945,44.45000076293945,44.54999923706055,1148800.0,34.735313415527344
2010-06-21,44.95000076293945,43.77000045776367,44.900001525878906,43.9900016784668,927200.0,34.298667907714844
2010-06-22,44.70000076293945,43.97999954223633,43.97999954223633,44.130001068115234,1036900.0,34.4078254699707
2010-06-23,44.25,43.61000061035156,44.09000015258789,44.15999984741211,949800.0,34.43121337890625
2010-06-24,44.279998779296875,43.70000076293945,44.060001373291016,43.88999938964844,887600.0,34.22068786621094
2010-06-25,43.88999938964844,43.13999938964844,43.810001373291016,43.400001525878906,1377600.0,33.838645935058594
2010-06-28,43.790000915527344,43.130001068115234,43.380001068115234,43.61000061035156,1195300.0,34.002384185791016
2010-06-29,43.65999984741211,42.54999923706055,43.290000915527344,42.81999969482422,1271800.0,33.38642883300781
2010-06-30,43.02000045776367,42.25,42.81999969482422,42.36000061035156,1073400.0,33.027774810791016
2010-07-01,42.81999969482422,41.880001068115234,42.4900016784668,42.689998626708984,1281700.0,33.28508377075195
2010-07-02,42.77000045776367,42.099998474121094,42.689998626708984,42.18000030517578,993900.0,32.88742446899414
2010-07-06,43.0,42.119998931884766,42.689998626708984,42.529998779296875,980400.0,33.160308837890625
2010-07-07,43.540000915527344,42.68000030517578,42.72999954223633,43.5099983215332,1160800.0,33.924415588378906
2010-07-08,44.0099983215332,43.58000183105469,43.7599983215332,43.95000076293945,985600.0,34.267486572265625
2010-07-09,44.41999816894531,43.97999954223633,44.02000045776367,44.15999984741211,628200.0,34.43121337890625
2010-07-12,44.470001220703125,44.08000183105469,44.150001525878906,44.34000015258789,563400.0,34.571563720703125
2010-07-13,44.90999984741211,44.529998779296875,44.619998931884766,44.810001373291016,659500.0,34.93801498413086
2010-07-14,45.0,44.459999084472656,44.63999938964844,44.54999923706055,1306100.0,34.735313415527344
2010-07-15,44.779998779296875,44.16999816894531,44.56999969482422,44.72999954223633,940100.0,34.875640869140625
2010-07-16,44.689998626708984,43.88999938964844,44.66999816894531,43.970001220703125,967500.0,34.28307342529297
2010-07-19,45.02000045776367,43.880001068115234,44.099998474121094,44.5099983215332,682600.0,34.704105377197266
2010-07-20,44.86000061035156,43.95000076293945,44.13999938964844,44.84000015258789,674500.0,34.96141052246094
2010-07-21,45.29999923706055,44.66999816894531,44.88999938964844,44.88999938964844,1284600.0,35.00039291381836
2010-07-22,46.02000045776367,45.18000030517578,45.25,45.90999984741211,1329000.0,35.79567337036133
2010-07-23,46.2599983215332,45.689998626708984,45.70000076293945,46.2400016784668,595300.0,36.052982330322266
2010-07-26,46.529998779296875,46.040000915527344,46.22999954223633,46.47999954223633,695900.0,36.24009704589844
2010-07-27,46.95000076293945,46.40999984741211,46.709999084472656,46.54999923706055,974400.0,36.294681549072266
2010-07-28,46.439998626708984,45.41999816894531,46.38999938964844,45.459999084472656,1110300.0,35.44480895996094
2010-07-29,45.7599983215332,44.52000045776367,45.54999923706055,44.86000061035156,1383000.0,34.97698211669922
2010-07-30,45.2400016784668,44.27000045776367,44.41999816894531,45.0099983215332,1319000.0,35.09395217895508
2010-08-02,46.16999816894531,45.43000030517578,45.43000030517578,46.0,1537700.0,35.865848541259766
2010-08-03,46.88999938964844,45.540000915527344,45.7400016784668,46.7599983215332,1384100.0,36.45841979980469
2010-08-04,47.130001068115234,46.06999969482422,46.43000030517578,47.09000015258789,1134400.0,36.71571731567383
2010-08-05,46.97999954223633,46.459999084472656,46.95000076293945,46.75,875900.0,36.45063400268555
2010-08-06,46.40999984741211,45.08000183105469,46.40999984741211,45.68000030517578,1245600.0,35.61635208129883
2010-08-09,46.119998931884766,45.779998779296875,45.86000061035156,46.0099983215332,988900.0,35.87363052368164
2010-08-10,46.41999816894531,45.59000015258789,45.83000183105469,46.18000030517578,749300.0,36.006202697753906
2010-08-11,45.869998931884766,45.220001220703125,45.68000030517578,45.619998931884766,852800.0,35.5695686340332
2010-08-12,45.779998779296875,44.970001220703125,45.34000015258789,45.77000045776367,810400.0,35.686519622802734
2010-08-13,45.88999938964844,45.43000030517578,45.54999923706055,45.619998931884766,856500.0,35.5695686340332
2010-08-16,45.810001373291016,45.06999969482422,45.58000183105469,45.65999984741211,717600.0,35.60076141357422
2010-08-17,46.880001068115234,45.779998779296875,45.810001373291016,46.40999984741211,969100.0,36.185523986816406
2010-08-18,46.61000061035156,45.97999954223633,46.380001068115234,46.540000915527344,808200.0,36.2868766784668
2010-08-19,46.43000030517578,45.56999969482422,46.43000030517578,46.040000915527344,602300.0,35.89703369140625
2010-08-20,46.15999984741211,45.470001220703125,45.70000076293945,45.91999816894531,717600.0,35.80347442626953
2010-08-23,46.18000030517578,45.689998626708984,46.18000030517578,45.75,484700.0,35.670928955078125
2010-08-24,45.68000030517578,45.02000045776367,45.29999923706055,45.099998474121094,857300.0,35.16413116455078
2010-08-25,44.95000076293945,44.459999084472656,44.93000030517578,44.619998931884766,2745300.0,34.78986358642578
2010-08-26,44.88999938964844,43.93000030517578,44.75,44.11000061035156,986400.0,34.39221954345703
2010-08-27,44.290000915527344,43.400001525878906,44.15999984741211,43.810001373291016,1219800.0,34.37654113769531
2010-08-30,44.029998779296875,43.31999969482422,43.70000076293945,43.349998474121094,848700.0,34.01558303833008
2010-08-31,43.790000915527344,43.099998474121094,43.27000045776367,43.560001373291016,947500.0,34.18037033081055
2010-09-01,44.84000015258789,43.720001220703125,43.810001373291016,44.72999954223633,1191600.0,35.09843444824219
2010-09-02,44.81999969482422,44.54999923706055,44.7599983215332,44.75,1026100.0,35.1141357421875
2010-09-03,45.060001373291016,44.439998626708984,44.9900016784668,44.59000015258789,918800.0,34.988590240478516
2010-09-07,44.599998474121094,44.380001068115234,44.58000183105469,44.380001068115234,1149800.0,34.823787689208984
2010-09-08,44.95000076293945,44.4900016784668,44.4900016784668,44.7599983215332,1030000.0,35.12197494506836
2010-09-09,45.209999084472656,44.34000015258789,45.130001068115234,44.400001525878906,606400.0,34.8394889831543
2010-09-10,44.5099983215332,44.040000915527344,44.5099983215332,44.08000183105469,839100.0,34.58840560913086
2010-09-13,44.41999816894531,44.189998626708984,44.2599983215332,44.36000061035156,707800.0,34.80810546875
2010-09-14,44.849998474121094,44.20000076293945,44.25,44.65999984741211,977400.0,35.04351043701172
2010-09-15,45.150001525878906,44.470001220703125,44.58000183105469,45.130001068115234,915300.0,35.41230010986328
2010-09-16,45.36000061035156,44.88999938964844,45.130001068115234,45.18000030517578,937000.0,35.4515380859375
2010-09-17,45.56999969482422,45.310001373291016,45.36000061035156,45.5,1769600.0,35.702640533447266
2010-09-20,45.939998626708984,45.31999969482422,45.5,45.93000030517578,784500.0,36.040035247802734
2010-09-21,46.15999984741211,45.4900016784668,45.91999816894531,45.52000045776367,921500.0,35.71833038330078
2010-09-22,45.9900016784668,45.459999084472656,45.56999969482422,45.970001220703125,986500.0,36.07143020629883
2010-09-23,46.130001068115234,45.5099983215332,45.720001220703125,45.849998474121094,782600.0,35.97726821899414
2010-09-24,47.08000183105469,46.0,46.099998474121094,46.88999938964844,867400.0,36.793331146240234
2010-09-27,46.95000076293945,46.439998626708984,46.869998931884766,46.68000030517578,1016200.0,36.6285514831543
2010-09-28,47.25,46.290000915527344,46.939998626708984,47.220001220703125,630400.0,37.052284240722656
2010-09-29,47.54999923706055,47.02000045776367,47.13999938964844,47.27000045776367,618000.0,37.09149932861328
2010-09-30,47.77000045776367,46.40999984741211,47.540000915527344,47.220001220703125,932400.0,37.052284240722656
2010-10-01,47.86000061035156,47.380001068115234,47.61000061035156,47.779998779296875,966200.0,37.49168395996094
2010-10-04,47.77000045776367,47.439998626708984,47.77000045776367,47.599998474121094,943700.0,37.350460052490234
2010-10-05,48.369998931884766,47.75,47.810001373291016,48.33000183105469,1157700.0,37.92325973510742
2010-10-06,48.91999816894531,48.369998931884766,48.369998931884766,48.869998931884766,1605100.0,38.34697723388672
2010-10-07,48.970001220703125,48.34000015258789,48.959999084472656,48.709999084472656,906300.0,38.22145080566406
2010-10-08,49.2400016784668,48.75,48.91999816894531,49.15999984741211,1018700.0,38.57453918457031
2010-10-11,49.2400016784668,48.90999984741211,49.13999938964844,49.16999816894531,462500.0,38.5823860168457
2010-10-12,49.15999984741211,48.63999938964844,49.15999984741211,48.689998626708984,1025200.0,38.20573806762695
2010-10-13,49.15999984741211,48.810001373291016,48.93000030517578,48.849998474121094,879300.0,38.33127975463867
2010-10-14,49.45000076293945,48.630001068115234,48.880001068115234,48.779998779296875,821100.0,38.2763557434082
2010-10-15,49.18000030517578,48.459999084472656,49.13999938964844,48.709999084472656,1276700.0,38.22145080566406
2010-10-18,48.84000015258789,47.650001525878906,48.790000915527344,47.779998779296875,1549200.0,37.49168395996094
2010-10-19,47.630001068115234,46.70000076293945,47.4900016784668,46.970001220703125,2086300.0,36.856101989746094
2010-10-20,47.279998779296875,46.90999984741211,47.06999969482422,47.0099983215332,965300.0,36.88748550415039
2010-10-21,48.08000183105469,46.970001220703125,47.189998626708984,47.63999938964844,1338700.0,37.3818359375
2010-10-22,48.97999954223633,47.66999816894531,47.66999816894531,48.529998779296875,1372100.0,38.08019256591797
2010-10-25,48.939998626708984,48.349998474121094,48.79999923706055,48.5099983215332,752600.0,38.064491271972656
2010-10-26,48.439998626708984,47.65999984741211,48.43000030517578,47.689998626708984,921300.0,37.421058654785156
2010-10-27,47.470001220703125,46.16999816894531,47.38999938964844,46.79999923706055,1197100.0,36.722713470458984
2010-10-28,47.08000183105469,46.36000061035156,46.959999084472656,46.47999954223633,730000.0,36.471614837646484
2010-10-29,47.25,46.529998779296875,46.529998779296875,47.22999954223633,1073400.0,37.060115814208984
2010-11-01,47.779998779296875,47.16999816894531,47.290000915527344,47.63999938964844,912600.0,37.3818359375
2010-11-02,48.25,47.09000015258789,47.939998626708984,47.220001220703125,1218100.0,37.052284240722656
2010-11-03,49.29999923706055,47.2400016784668,47.54999923706055,49.08000183105469,2527100.0,38.51176834106445
2010-11-04,49.869998931884766,48.880001068115234,49.20000076293945,49.83000183105469,1298900.0,39.100276947021484
2010-11-05,50.41999816894531,49.790000915527344,49.81999969482422,50.25,1660200.0,39.429832458496094
2010-11-08,50.45000076293945,49.900001525878906,50.0,50.279998779296875,691800.0,39.45338439941406
2010-11-09,50.36000061035156,49.45000076293945,50.36000061035156,49.61000061035156,752800.0,38.927635192871094
2010-11-10,49.849998474121094,48.790000915527344,49.619998931884766,49.11000061035156,948400.0,38.53529739379883
2010-11-11,49.5099983215332,48.77000045776367,48.86000061035156,49.29999923706055,575600.0,38.68439483642578
2010-11-12,49.209999084472656,48.5,49.119998931884766,49.02000045776367,882100.0,38.464683532714844
2010-11-15,49.61000061035156,48.93000030517578,49.209999084472656,49.04999923706055,657300.0,38.488224029541016
2010-11-16,48.93000030517578,47.86000061035156,48.93000030517578,47.9900016784668,1218600.0,37.65647888183594
2010-11-17,48.33000183105469,47.900001525878906,47.970001220703125,48.11000061035156,1021600.0,37.75061798095703
2010-11-18,49.47999954223633,48.560001373291016,48.56999969482422,49.11000061035156,1220500.0,38.53529739379883
2010-11-19,49.45000076293945,48.790000915527344,49.13999938964844,49.11000061035156,789200.0,38.53529739379883
2010-11-22,49.36000061035156,48.619998931884766,49.0,49.029998779296875,885400.0,38.472530364990234
2010-11-23,49.02000045776367,48.0099983215332,48.65999984741211,49.0,1542700.0,38.44899368286133
2010-11-24,49.70000076293945,49.150001525878906,49.33000183105469,49.599998474121094,1118800.0,38.9197998046875
2010-11-26,49.09000015258789,48.5,49.09000015258789,48.68000030517578,386100.0,38.41475296020508
2010-11-29,48.349998474121094,47.52000045776367,48.349998474121094,48.02000045776367,1422700.0,37.89393615722656
2010-11-30,48.0099983215332,47.5,47.720001220703125,47.650001525878906,1420200.0,37.60194778442383
2010-12-01,48.5099983215332,47.869998931884766,48.189998626708984,48.459999084472656,1134000.0,38.241146087646484
2010-12-02,48.869998931884766,48.2400016784668,48.41999816894531,48.560001373291016,959700.0,38.320068359375
2010-12-03,49.470001220703125,48.470001220703125,48.540000915527344,49.36000061035156,828900.0,38.95135498046875
2010-12-06,49.310001373291016,48.90999984741211,49.310001373291016,49.0099983215332,644400.0,38.675167083740234
2010-12-07,49.4900016784668,48.97999954223633,49.22999954223633,49.310001373291016,947000.0,38.911903381347656
2010-12-08,49.709999084472656,49.2599983215332,49.40999984741211,49.689998626708984,684400.0,39.21177291870117
2010-12-09,49.7599983215332,48.459999084472656,49.7599983215332,48.93000030517578,2053800.0,38.612037658691406
2010-12-10,49.33000183105469,48.93000030517578,49.09000015258789,49.29999923706055,550800.0,38.90401077270508
2010-12-13,49.66999816894531,49.13999938964844,49.439998626708984,49.2400016784668,504500.0,38.856666564941406
2010-12-14,49.77000045776367,49.15999984741211,49.25,49.7400016784668,672600.0,39.25122833251953
2010-12-15,50.66999816894531,49.68000030517578,49.7599983215332,50.290000915527344,1363500.0,39.68524169921875
2010-12-16,50.869998931884766,49.939998626708984,50.2400016784668,50.86000061035156,1037100.0,40.13506317138672
2010-12-17,51.02000045776367,50.61000061035156,50.709999084472656,50.79999923706055,935300.0,40.08770751953125
2010-12-20,50.9900016784668,50.63999938964844,50.9900016784668,50.849998474121094,877800.0,40.127159118652344
2010-12-21,51.0,50.369998931884766,51.0,50.70000076293945,656800.0,40.0087890625
2010-12-22,50.88999938964844,50.290000915527344,50.7599983215332,50.869998931884766,651200.0,40.14292907714844
2010-12-23,51.11000061035156,50.75,50.900001525878906,50.93000030517578,303500.0,40.19029235839844
2010-12-27,50.7400016784668,50.290000915527344,50.720001220703125,50.5099983215332,551400.0,39.858856201171875
2010-12-28,50.540000915527344,49.970001220703125,50.5,50.310001373291016,400600.0,39.701045989990234
2010-12-29,50.5099983215332,50.11000061035156,50.36000061035156,50.34000015258789,437300.0,39.724700927734375
2010-12-30,50.619998931884766,50.13999938964844,50.36000061035156,50.40999984741211,483500.0,39.77994918823242
2010-12-31,50.439998626708984,50.16999816894531,50.36000061035156,50.189998626708984,376900.0,39.6063346862793
2011-01-03,50.439998626708984,49.91999816894531,50.439998626708984,49.93000030517578,926500.0,39.40115737915039
2011-01-04,50.04999923706055,48.66999816894531,50.0099983215332,48.84000015258789,1592400.0,38.541015625
2011-01-05,48.75,48.18000030517578,48.709999084472656,48.5,1652600.0,38.27272033691406
2011-01-06,48.47999954223633,47.77000045776367,48.45000076293945,47.939998626708984,1664000.0,37.83079528808594
2011-01-07,48.09000015258789,46.880001068115234,48.08000183105469,47.470001220703125,2045300.0,37.45990753173828
2011-01-10,47.45000076293945,46.91999816894531,47.400001525878906,47.130001068115234,1327200.0,37.19160079956055
2011-01-11,47.88999938964844,47.04999923706055,47.279998779296875,47.849998474121094,1425800.0,37.759769439697266
2011-01-12,48.130001068115234,47.540000915527344,48.0,47.779998779296875,1040500.0,37.70454025268555
2011-01-13,48.0,47.68000030517578,47.75,47.93000030517578,987700.0,37.822914123535156
2011-01-14,47.88999938964844,47.540000915527344,47.83000183105469,47.70000076293945,1076600.0,37.641414642333984
2011-01-18,48.5,47.65999984741211,47.65999984741211,48.439998626708984,1313200.0,38.22535705566406
2011-01-19,48.689998626708984,48.150001525878906,48.310001373291016,48.279998779296875,1041900.0,38.099098205566406
2011-01-20,48.47999954223633,47.810001373291016,48.25,47.970001220703125,780200.0,37.854469299316406
2011-01-21,48.790000915527344,48.0,48.22999954223633,48.779998779296875,1134200.0,38.49367141723633
2011-01-24,48.79999923706055,48.33000183105469,48.66999816894531,48.470001220703125,696000.0,38.24903869628906
2011-01-25,48.4900016784668,47.9900016784668,48.4900016784668,48.08000183105469,798300.0,37.94127655029297
2011-01-26,48.619998931884766,48.220001220703125,48.2599983215332,48.5099983215332,683300.0,38.28061294555664
2011-01-27,48.43000030517578,47.349998474121094,48.43000030517578,47.400001525878906,1267200.0,37.4046745300293
2011-01-28,47.5099983215332,46.439998626708984,47.5099983215332,46.5099983215332,1156500.0,36.70234680175781
2011-01-31,47.0099983215332,46.38999938964844,46.52000045776367,46.869998931884766,937000.0,36.98643112182617
2011-02-01,47.599998474121094,47.04999923706055,47.099998474121094,47.529998779296875,1135000.0,37.507259368896484
2011-02-02,47.709999084472656,47.310001373291016,47.380001068115234,47.709999084472656,870200.0,37.6492919921875
2011-02-03,48.130001068115234,47.380001068115234,47.560001373291016,48.060001373291016,895900.0,37.92549133300781
2011-02-04,48.18000030517578,47.380001068115234,48.18000030517578,47.470001220703125,903700.0,37.45990753173828
2011-02-07,48.220001220703125,47.529998779296875,47.63999938964844,48.150001525878906,1567500.0,37.99651336669922
2011-02-08,48.40999984741211,48.040000915527344,48.09000015258789,48.34000015258789,593100.0,38.14643859863281
2011-02-09,48.22999954223633,47.47999954223633,48.189998626708984,47.56999969482422,1052400.0,37.538814544677734
2011-02-10,47.130001068115234,45.220001220703125,47.130001068115234,45.47999954223633,4484300.0,35.88954544067383
2011-02-11,45.83000183105469,45.0099983215332,45.209999084472656,45.04999923706055,1999800.0,35.55021667480469
2011-02-14,45.279998779296875,44.75,45.119998931884766,44.90999984741211,1286300.0,35.43973922729492
2011-02-15,44.970001220703125,44.5099983215332,44.70000076293945,44.95000076293945,1376700.0,35.4713020324707
2011-02-16,45.59000015258789,44.95000076293945,45.11000061035156,45.439998626708984,1551700.0,35.857975006103516
2011-02-17,45.93000030517578,45.34000015258789,45.459999084472656,45.90999984741211,915200.0,36.22886276245117
2011-02-18,46.189998626708984,45.470001220703125,45.93000030517578,45.599998474121094,2002900.0,35.9842414855957
2011-02-22,45.599998474121094,45.16999816894531,45.31999969482422,45.400001525878906,1378300.0,35.826412200927734
2011-02-23,45.790000915527344,45.189998626708984,45.290000915527344,45.2599983215332,1554800.0,35.71593475341797
2011-02-24,45.13999938964844,44.599998474121094,45.13999938964844,44.65999984741211,1253800.0,35.46184158325195
2011-02-25,45.060001373291016,44.61000061035156,44.869998931884766,45.0,652300.0,35.73181915283203
2011-02-28,45.72999954223633,44.939998626708984,45.11000061035156,45.72999954223633,1085400.0,36.31147766113281
2011-03-01,46.36000061035156,45.27000045776367,45.83000183105469,45.279998779296875,1755300.0,35.954132080078125
2011-03-02,45.650001525878906,44.7400016784668,45.27000045776367,44.7400016784668,1652300.0,35.525367736816406
2011-03-03,45.16999816894531,44.34000015258789,44.83000183105469,44.619998931884766,4205200.0,35.430076599121094
2011-03-04,44.72999954223633,44.2400016784668,44.689998626708984,44.2400016784668,2793100.0,35.12834167480469
2011-03-07,44.15999984741211,43.5099983215332,44.060001373291016,43.540000915527344,2325500.0,34.57252502441406
2011-03-08,44.58000183105469,43.560001373291016,43.56999969482422,44.5,1442300.0,35.33479309082031
2011-03-09,44.83000183105469,44.02000045776367,44.34000015258789,44.77000045776367,917200.0,35.549198150634766
2011-03-10,44.33000183105469,43.630001068115234,44.220001220703125,43.7400016784668,1404100.0,34.73133087158203
2011-03-11,44.29999923706055,43.779998779296875,43.779998779296875,44.099998474121094,938000.0,35.01717758178711
2011-03-14,44.099998474121094,43.279998779296875,43.959999084472656,43.58000183105469,1123200.0,34.60429000854492
2011-03-15,43.900001525878906,42.5,42.70000076293945,43.58000183105469,2226400.0,34.60429000854492
2011-03-16,43.540000915527344,42.77000045776367,43.45000076293945,42.869998931884766,1701000.0,34.04051208496094
2011-03-17,43.52000045776367,43.02000045776367,43.40999984741211,43.22999954223633,1663600.0,34.326358795166016
2011-03-18,43.939998626708984,43.040000915527344,43.65999984741211,43.25,2024700.0,34.34224319458008
2011-03-21,44.470001220703125,43.689998626708984,43.689998626708984,44.400001525878906,1257100.0,35.25539016723633
2011-03-22,44.5,44.20000076293945,44.369998931884766,44.2599983215332,1298500.0,35.14422607421875
2011-03-23,44.41999816894531,44.0,44.2400016784668,44.290000915527344,804800.0,35.168060302734375
2011-03-24,44.45000076293945,44.119998931884766,44.41999816894531,44.150001525878906,1083100.0,35.056880950927734
2011-03-25,45.15999984741211,44.119998931884766,44.119998931884766,45.119998931884766,1235500.0,35.82708740234375
2011-03-28,45.36000061035156,45.04999923706055,45.27000045776367,45.13999938964844,1252500.0,35.84297561645508
2011-03-29,46.36000061035156,44.970001220703125,45.04999923706055,46.33000183105469,2029500.0,36.78788375854492
2011-03-30,47.0099983215332,46.29999923706055,46.4900016784668,46.959999084472656,1586800.0,37.28813552856445
2011-03-31,47.130001068115234,46.81999969482422,47.0,46.88999938964844,892800.0,37.23255920410156
2011-04-01,47.56999969482422,46.970001220703125,46.9900016784668,47.2400016784668,1124900.0,37.510475158691406
2011-04-04,47.599998474121094,47.18000030517578,47.45000076293945,47.220001220703125,1031800.0,37.49460220336914
2011-04-05,47.459999084472656,47.11000061035156,47.220001220703125,47.18000030517578,695000.0,37.46282958984375
2011-04-06,47.790000915527344,47.33000183105469,47.349998474121094,47.59000015258789,665300.0,37.78837966918945
2011-04-07,47.880001068115234,47.31999969482422,47.47999954223633,47.529998779296875,984800.0,37.740745544433594
2011-04-08,47.599998474121094,46.63999938964844,47.599998474121094,46.779998779296875,1240500.0,37.145206451416016
2011-04-11,47.36000061035156,46.83000183105469,46.86000061035156,46.95000076293945,852400.0,37.28019332885742
2011-04-12,47.290000915527344,46.599998474121094,46.77000045776367,46.630001068115234,845100.0,37.02610397338867
2011-04-13,47.29999923706055,46.720001220703125,46.790000915527344,46.720001220703125,832000.0,37.09757614135742
2011-04-14,47.29999923706055,46.56999969482422,46.56999969482422,47.27000045776367,585600.0,37.5342903137207
2011-04-15,47.900001525878906,47.25,47.4900016784668,47.86000061035156,920000.0,38.002769470214844
2011-04-18,47.83000183105469,47.31999969482422,47.5099983215332,47.7599983215332,1299500.0,37.923377990722656
2011-04-19,48.18000030517578,47.70000076293945,47.7599983215332,48.13999938964844,1118100.0,38.225101470947266
2011-04-20,48.68000030517578,47.540000915527344,48.599998474121094,47.630001068115234,1372600.0,37.82014083862305
2011-04-21,48.040000915527344,47.689998626708984,47.790000915527344,48.029998779296875,1167500.0,38.13774871826172
2011-04-25,48.119998931884766,47.810001373291016,48.0,47.9900016784668,608300.0,38.10600662231445
2011-04-26,48.810001373291016,48.13999938964844,48.18000030517578,48.7599983215332,795400.0,38.7174072265625
2011-04-27,49.58000183105469,48.91999816894531,48.9900016784668,49.38999938964844,968200.0,39.21765899658203
2011-04-28,49.34000015258789,48.97999954223633,49.29999923706055,49.25,679100.0,39.106483459472656
2011-04-29,49.0099983215332,48.68000030517578,48.900001525878906,48.75,1163800.0,38.709468841552734
2011-05-02,48.880001068115234,48.119998931884766,48.849998474121094,48.400001525878906,1522200.0,38.43156051635742
2011-05-03,47.41999816894531,45.310001373291016,46.970001220703125,45.52000045776367,4726500.0,36.14472198486328
2011-05-04,45.540000915527344,44.279998779296875,45.400001525878906,44.970001220703125,3623200.0,35.7079963684082
2011-05-05,45.11000061035156,44.38999938964844,44.7400016784668,44.5099983215332,2360100.0,35.34273147583008
2011-05-06,45.11000061035156,44.83000183105469,44.91999816894531,45.02000045776367,1265000.0,35.74769592285156
2011-05-09,45.849998474121094,45.099998474121094,45.099998474121094,45.779998779296875,1474700.0,36.351173400878906
2011-05-10,46.220001220703125,45.63999938964844,45.779998779296875,46.20000076293945,1108600.0,36.68467330932617
2011-05-11,46.2599983215332,45.29999923706055,46.13999938964844,45.41999816894531,1538500.0,36.06531524658203
2011-05-12,45.849998474121094,45.060001373291016,45.459999084472656,45.84000015258789,1400000.0,36.3988151550293
2011-05-13,46.27000045776367,45.880001068115234,45.970001220703125,46.02000045776367,1255700.0,36.5417366027832
2011-05-16,46.189998626708984,45.77000045776367,45.95000076293945,46.0099983215332,708200.0,36.53379821777344
2011-05-17,46.29999923706055,45.880001068115234,45.91999816894531,46.25,1058200.0,36.7243766784668
2011-05-18,46.349998474121094,46.040000915527344,46.25,46.27000045776367,725900.0,36.7402458190918
2011-05-19,46.459999084472656,46.16999816894531,46.45000076293945,46.400001525878906,859700.0,36.84347915649414
2011-05-20,46.619998931884766,46.209999084472656,46.41999816894531,46.5,1239700.0,36.922882080078125
2011-05-23,46.25,45.88999938964844,46.0,46.08000183105469,1146400.0,36.58938217163086
2011-05-24,46.34000015258789,45.900001525878906,46.220001220703125,46.02000045776367,662000.0,36.5417366027832
2011-05-25,46.09000015258789,45.630001068115234,45.81999969482422,45.91999816894531,1009400.0,36.46232223510742
2011-05-26,46.119998931884766,45.7400016784668,45.7400016784668,45.93000030517578,1315300.0,36.470272064208984
2011-05-27,46.900001525878906,46.2400016784668,46.27000045776367,46.630001068115234,1136500.0,37.02610397338867
2011-05-31,47.060001373291016,46.47999954223633,47.040000915527344,46.650001525878906,1899600.0,37.04198455810547
2011-06-01,46.619998931884766,46.08000183105469,46.59000015258789,46.08000183105469,1122000.0,36.58938217163086
2011-06-02,46.0,43.79999923706055,45.939998626708984,44.36000061035156,3486900.0,35.46995544433594
2011-06-03,44.79999923706055,43.84000015258789,43.88999938964844,44.189998626708984,1228600.0,35.33401870727539
2011-06-06,44.40999984741211,44.0099983215332,44.189998626708984,44.040000915527344,534800.0,35.214080810546875
2011-06-07,44.52000045776367,44.0099983215332,44.2599983215332,44.18000030517578,931500.0,35.326026916503906
2011-06-08,44.619998931884766,44.0,44.040000915527344,44.4900016784668,1224500.0,35.57389831542969
2011-06-09,44.779998779296875,44.380001068115234,44.5,44.7400016784668,1067400.0,35.7737922668457
2011-06-10,44.720001220703125,44.150001525878906,44.540000915527344,44.220001220703125,1165600.0,35.357994079589844
2011-06-13,44.400001525878906,43.40999984741211,43.959999084472656,44.2599983215332,1888800.0,35.38998794555664
2011-06-14,44.81999969482422,44.31999969482422,44.5099983215332,44.72999954223633,1135000.0,35.76580810546875
2011-06-15,44.65999984741211,43.93000030517578,44.52000045776367,44.150001525878906,1145100.0,35.30202865600586
2011-06-16,44.43000030517578,43.970001220703125,44.20000076293945,44.18000030517578,1088200.0,35.326026916503906
2011-06-17,44.72999954223633,44.369998931884766,44.4900016784668,44.63999938964844,1374200.0,35.6938362121582
2011-06-20,45.11000061035156,44.310001373291016,44.310001373291016,44.70000076293945,949800.0,35.741817474365234
2011-06-21,45.130001068115234,44.86000061035156,44.9900016784668,44.90999984741211,1264200.0,35.90972137451172
2011-06-22,45.40999984741211,44.66999816894531,44.79999923706055,45.220001220703125,906200.0,36.1576042175293
2011-06-23,45.119998931884766,44.650001525878906,44.779998779296875,45.08000183105469,1075300.0,36.045650482177734
2011-06-24,45.25,44.2400016784668,45.099998474121094,44.290000915527344,1282900.0,35.413978576660156
2011-06-27,44.84000015258789,44.18000030517578,44.349998474121094,44.279998779296875,725800.0,35.40599060058594
2011-06-28,44.5,44.349998474121094,44.400001525878906,44.40999984741211,883100.0,35.50992202758789
2011-06-29,45.040000915527344,44.459999084472656,44.52000045776367,44.77000045776367,842400.0,35.79779052734375
2011-06-30,45.02000045776367,44.619998931884766,44.970001220703125,44.7400016784668,934000.0,35.7737922668457
2011-07-01,45.400001525878906,44.849998474121094,45.0,45.31999969482422,812300.0,36.23755645751953
2011-07-05,45.5,45.0099983215332,45.34000015258789,45.060001373291016,969100.0,36.0296630859375
2011-07-06,45.16999816894531,44.81999969482422,45.060001373291016,45.0,765200.0,35.981685638427734
2011-07-07,45.34000015258789,44.939998626708984,45.209999084472656,45.04999923706055,1348800.0,36.021663665771484
2011-07-08,44.77000045776367,44.43000030517578,44.75,44.54999923706055,872900.0,35.62186813354492
2011-07-11,44.279998779296875,43.470001220703125,44.150001525878906,43.5,1271600.0,34.78230667114258
2011-07-12,43.810001373291016,43.22999954223633,43.25,43.709999084472656,2214900.0,34.95020294189453
2011-07-13,44.18000030517578,43.65999984741211,43.79999923706055,44.029998779296875,851000.0,35.206085205078125
2011-07-14,44.939998626708984,44.20000076293945,44.209999084472656,44.56999969482422,1554500.0,35.637855529785156
2011-07-15,44.95000076293945,44.45000076293945,44.790000915527344,44.81999969482422,1347200.0,35.83776092529297
2011-07-18,44.650001525878906,43.90999984741211,44.650001525878906,44.2400016784668,1164000.0,35.37399673461914
2011-07-19,44.83000183105469,44.18000030517578,44.349998474121094,44.81999969482422,1020300.0,35.83776092529297
2011-07-20,45.630001068115234,44.56999969482422,44.65999984741211,45.439998626708984,1053800.0,36.333499908447266
2011-07-21,46.5,45.619998931884766,45.81999969482422,46.45000076293945,1134800.0,37.1411018371582
2011-07-22,46.720001220703125,46.22999954223633,46.45000076293945,46.540000915527344,979600.0,37.21306228637695
2011-07-25,46.380001068115234,45.970001220703125,46.16999816894531,45.9900016784668,607900.0,36.773284912109375
2011-07-26,46.130001068115234,45.790000915527344,45.97999954223633,45.810001373291016,487900.0,36.62935256958008
2011-07-27,45.959999084472656,45.380001068115234,45.66999816894531,45.439998626708984,793200.0,36.333499908447266
2011-07-28,45.720001220703125,45.20000076293945,45.470001220703125,45.2599983215332,1005800.0,36.1895751953125
2011-07-29,45.380001068115234,44.779998779296875,44.91999816894531,45.04999923706055,942900.0,36.021663665771484
2011-08-01,45.47999954223633,44.33000183105469,45.31999969482422,44.630001068115234,1167500.0,35.68583297729492
2011-08-02,44.459999084472656,43.5099983215332,43.66999816894531,44.33000183105469,3713400.0,35.44597244262695
2011-08-03,44.40999984741211,43.599998474121094,43.709999084472656,44.20000076293945,2403200.0,35.342010498046875
2011-08-04,44.04999923706055,41.959999084472656,43.65999984741211,41.9900016784668,2289200.0,33.57491683959961
2011-08-05,43.06999969482422,41.59000015258789,42.40999984741211,42.529998779296875,2401600.0,34.0067024230957
2011-08-08,42.290000915527344,40.77000045776367,42.0,40.77000045776367,2863600.0,32.59940719604492
2011-08-09,43.040000915527344,40.52000045776367,41.31999969482422,43.0099983215332,3014900.0,34.390499114990234
2011-08-10,42.459999084472656,40.7599983215332,42.29999923706055,40.900001525878906,2631500.0,32.703365325927734
2011-08-11,42.90999984741211,40.72999954223633,41.119998931884766,42.5099983215332,2052800.0,33.99070358276367
2011-08-12,43.5,42.5099983215332,42.779998779296875,43.25,2538100.0,34.58240509033203
2011-08-15,44.369998931884766,43.349998474121094,43.560001373291016,44.290000915527344,1158400.0,35.413978576660156
2011-08-16,44.540000915527344,43.630001068115234,43.709999084472656,44.099998474121094,1069900.0,35.26205062866211
2011-08-17,44.650001525878906,44.040000915527344,44.41999816894531,44.2599983215332,943400.0,35.38998794555664
2011-08-18,43.599998474121094,42.77000045776367,43.45000076293945,43.40999984741211,1276600.0,34.71033477783203
2011-08-19,43.959999084472656,42.81999969482422,42.880001068115234,42.869998931884766,1496900.0,34.27854537963867
2011-08-22,43.689998626708984,42.91999816894531,43.59000015258789,43.02000045776367,1842800.0,34.398494720458984
2011-08-23,43.36000061035156,42.77000045776367,43.15999984741211,43.349998474121094,1614400.0,34.66236114501953
2011-08-24,43.29999923706055,42.720001220703125,43.029998779296875,43.130001068115234,1982200.0,34.486454010009766
2011-08-25,43.31999969482422,42.4900016784668,43.27000045776367,42.560001373291016,1289900.0,34.030677795410156
2011-08-26,43.08000183105469,41.5099983215332,42.45000076293945,42.66999816894531,1548100.0,34.11864471435547
2011-08-29,43.34000015258789,42.77000045776367,42.849998474121094,43.29999923706055,1701900.0,34.88397979736328
2011-08-30,43.689998626708984,43.02000045776367,43.29999923706055,43.40999984741211,1190200.0,34.97261047363281
2011-08-31,43.95000076293945,43.45000076293945,43.54999923706055,43.75,1396000.0,35.246517181396484
2011-09-01,43.93000030517578,43.18000030517578,43.84000015258789,43.25,1026200.0,34.843711853027344
2011-09-02,43.029998779296875,42.61000061035156,42.68000030517578,42.65999984741211,957000.0,34.368385314941406
2011-09-06,42.369998931884766,41.52000045776367,41.58000183105469,42.279998779296875,1428200.0,34.06224060058594
2011-09-07,42.97999954223633,42.45000076293945,42.65999984741211,42.849998474121094,1077400.0,34.521453857421875
2011-09-08,42.97999954223633,42.43000030517578,42.560001373291016,42.47999954223633,1103300.0,34.22336959838867
2011-09-09,42.220001220703125,41.709999084472656,42.029998779296875,41.79999923706055,1141600.0,33.675540924072266
2011-09-12,41.790000915527344,40.90999984741211,41.369998931884766,41.4900016784668,1334100.0,33.4257926940918
2011-09-13,41.900001525878906,41.2400016784668,41.599998474121094,41.84000015258789,939200.0,33.707767486572266
2011-09-14,42.4900016784668,41.41999816894531,41.939998626708984,42.06999969482422,1330700.0,33.8930549621582
2011-09-15,42.91999816894531,42.209999084472656,42.540000915527344,42.790000915527344,955100.0,34.47311782836914
2011-09-16,43.16999816894531,42.689998626708984,42.880001068115234,42.810001373291016,1635800.0,34.48922348022461
2011-09-19,42.43000030517578,42.02000045776367,42.2400016784668,42.2400016784668,1133000.0,34.03001403808594
2011-09-20,42.91999816894531,42.36000061035156,42.470001220703125,42.369998931884766,1212800.0,34.13474655151367
2011-09-21,42.349998474121094,40.630001068115234,42.29999923706055,40.630001068115234,993400.0,32.73293685913086
2011-09-22,39.91999816894531,38.720001220703125,39.790000915527344,39.310001373291016,2177400.0,31.669496536254883
2011-09-23,39.58000183105469,38.97999954223633,39.040000915527344,39.130001068115234,1169700.0,31.52449607849121
2011-09-26,39.81999969482422,39.04999923706055,39.470001220703125,39.810001373291016,961000.0,32.07231903076172
2011-09-27,41.130001068115234,40.220001220703125,40.540000915527344,40.7599983215332,1098200.0,32.837677001953125
2011-09-28,40.9900016784668,39.040000915527344,40.7599983215332,39.08000183105469,1409200.0,31.484209060668945
2011-09-29,40.29999923706055,39.470001220703125,39.630001068115234,40.29999923706055,1452300.0,32.46708297729492
2011-09-30,40.130001068115234,39.529998779296875,39.849998474121094,39.61000061035156,1030800.0,31.91118812561035
2011-10-03,39.79999923706055,38.34000015258789,39.439998626708984,38.34000015258789,1514100.0,30.888042449951172
2011-10-04,39.54999923706055,37.9900016784668,37.9900016784668,39.5,1300000.0,31.82257652282715
2011-10-05,40.119998931884766,39.22999954223633,39.63999938964844,40.04999923706055,1086300.0,32.265682220458984
2011-10-06,41.220001220703125,39.939998626708984,39.939998626708984,41.16999816894531,1389200.0,33.1679801940918
2011-10-07,41.59000015258789,40.720001220703125,41.310001373291016,41.0099983215332,1117700.0,33.039085388183594
2011-10-10,42.16999816894531,41.5,41.630001068115234,42.16999816894531,734700.0,33.9736213684082
2011-10-11,42.119998931884766,41.70000076293945,41.959999084472656,42.0099983215332,976400.0,33.844722747802734
2011-10-12,42.31999969482422,41.86000061035156,42.279998779296875,41.880001068115234,810700.0,33.7400016784668
2011-10-13,41.95000076293945,41.029998779296875,41.709999084472656,41.779998779296875,969900.0,33.659420013427734
2011-10-14,42.27000045776367,41.529998779296875,42.22999954223633,41.779998779296875,728700.0,33.659420013427734
2011-10-17,41.90999984741211,41.06999969482422,41.779998779296875,41.16999816894531,905500.0,33.1679801940918
2011-10-18,42.33000183105469,40.779998779296875,41.029998779296875,41.91999816894531,938500.0,33.77220916748047
2011-10-19,41.86000061035156,40.91999816894531,41.86000061035156,41.150001525878906,1066600.0,33.15187454223633
2011-10-20,41.4900016784668,40.36000061035156,41.11000061035156,40.880001068115234,1651200.0,32.93435287475586
2011-10-21,41.709999084472656,41.2400016784668,41.290000915527344,41.70000076293945,999000.0,33.5949821472168
2011-10-24,41.959999084472656,41.540000915527344,41.61000061035156,41.79999923706055,792300.0,33.675540924072266
2011-10-25,41.79999923706055,41.13999938964844,41.619998931884766,41.439998626708984,969200.0,33.385501861572266
2011-10-26,42.0,41.31999969482422,41.880001068115234,41.90999984741211,1207800.0,33.7641487121582
2011-10-27,42.779998779296875,41.880001068115234,42.779998779296875,42.04999923706055,1945600.0,33.876956939697266
2011-10-28,43.04999923706055,42.15999984741211,42.15999984741211,42.959999084472656,1907900.0,34.610069274902344
2011-10-31,43.0,42.34000015258789,42.619998931884766,42.34000015258789,1358200.0,34.110572814941406
2011-11-01,41.70000076293945,40.31999969482422,41.369998931884766,40.33000183105469,1517400.0,32.491249084472656
2011-11-02,40.63999938964844,38.25,39.790000915527344,39.0,3234000.0,31.41975212097168
2011-11-03,39.52000045776367,38.900001525878906,39.34000015258789,39.150001525878906,1878500.0,31.54060173034668
2011-11-04,39.470001220703125,38.7599983215332,38.90999984741211,38.869998931884766,1924700.0,31.31502342224121
2011-11-07,39.70000076293945,38.810001373291016,38.95000076293945,39.619998931884766,1247700.0,31.91924285888672
2011-11-08,40.189998626708984,39.470001220703125,39.849998474121094,40.189998626708984,1466300.0,32.37845993041992
2011-11-09,39.84000015258789,39.47999954223633,39.56999969482422,39.619998931884766,1595000.0,31.91924285888672
2011-11-10,40.09000015258789,39.29999923706055,39.959999084472656,40.040000915527344,1040400.0,32.257625579833984
2011-11-11,41.02000045776367,40.400001525878906,40.400001525878906,41.02000045776367,982900.0,33.04714584350586
2011-11-14,40.790000915527344,40.290000915527344,40.790000915527344,40.70000076293945,922100.0,32.78934097290039
2011-11-15,41.0,40.43000030517578,40.540000915527344,40.90999984741211,701100.0,32.958518981933594
2011-11-16,40.61000061035156,39.779998779296875,40.560001373291016,39.779998779296875,2068800.0,32.04814529418945
2011-11-17,39.790000915527344,39.16999816894531,39.720001220703125,39.47999954223633,1208500.0,31.80646514892578
2011-11-18,39.790000915527344,39.2400016784668,39.779998779296875,39.56999969482422,1078700.0,31.878969192504883
2011-11-21,39.150001525878906,38.400001525878906,39.13999938964844,38.779998779296875,1158200.0,31.24251365661621
2011-11-22,38.939998626708984,38.439998626708984,38.83000183105469,38.709999084472656,810500.0,31.186128616333008
2011-11-23,38.470001220703125,38.040000915527344,38.2599983215332,38.15999984741211,727000.0,30.743030548095703
2011-11-25,38.36000061035156,37.9900016784668,38.150001525878906,38.0,423700.0,30.6141300201416
2011-11-28,38.869998931884766,38.31999969482422,38.560001373291016,38.7400016784668,873900.0,31.475351333618164
2011-11-29,39.54999923706055,38.54999923706055,38.810001373291016,39.5,1687900.0,32.092838287353516
2011-11-30,40.599998474121094,40.09000015258789,40.56999969482422,40.59000015258789,1404300.0,32.97842025756836
2011-12-01,40.63999938964844,40.02000045776367,40.5099983215332,40.25,1329000.0,32.70219421386719
2011-12-02,40.56999969482422,40.2400016784668,40.470001220703125,40.5099983215332,1136400.0,32.913429260253906
2011-12-05,41.029998779296875,40.47999954223633,40.83000183105469,40.84000015258789,916600.0,33.181549072265625
2011-12-06,41.5,40.54999923706055,40.72999954223633,41.369998931884766,1028900.0,33.61216354370117
2011-12-07,41.58000183105469,41.029998779296875,41.22999954223633,41.43000030517578,1193300.0,33.66090774536133
2011-12-08,41.2599983215332,40.7400016784668,41.22999954223633,41.0099983215332,1228200.0,33.319671630859375
2011-12-09,41.4900016784668,41.06999969482422,41.06999969482422,41.400001525878906,860200.0,33.636539459228516
2011-12-12,41.25,40.790000915527344,41.06999969482422,41.220001220703125,879800.0,33.49029541015625
2011-12-13,41.709999084472656,40.470001220703125,41.400001525878906,40.59000015258789,2076700.0,32.97842025756836
2011-12-14,41.0,40.400001525878906,40.470001220703125,40.7400016784668,1625100.0,33.100311279296875
2011-12-15,42.02000045776367,41.130001068115234,41.15999984741211,41.95000076293945,2011300.0,34.083396911621094
2011-12-16,42.7400016784668,42.11000061035156,42.119998931884766,42.63999938964844,2403400.0,34.644004821777344
2011-12-19,42.81999969482422,41.790000915527344,42.689998626708984,41.84000015258789,1113200.0,33.99403381347656
2011-12-20,43.099998474121094,42.38999938964844,42.41999816894531,42.939998626708984,1166100.0,34.88776397705078
2011-12-21,43.439998626708984,42.58000183105469,42.79999923706055,43.40999984741211,1090300.0,35.26961135864258
2011-12-22,43.599998474121094,43.150001525878906,43.5,43.5,714000.0,35.34273910522461
2011-12-23,44.060001373291016,43.599998474121094,43.70000076293945,44.0,600500.0,35.74897766113281
2011-12-27,44.13999938964844,43.79999923706055,43.880001068115234,44.029998779296875,414500.0,35.773345947265625
2011-12-28,44.08000183105469,43.29999923706055,44.04999923706055,43.380001068115234,635500.0,35.2452392578125
2011-12-29,43.83000183105469,43.5,43.540000915527344,43.72999954223633,429800.0,35.529605865478516
2011-12-30,43.880001068115234,43.5,43.66999816894531,43.540000915527344,465000.0,35.37522506713867
2012-01-03,44.16999816894531,43.61000061035156,44.09000015258789,43.63999938964844,808500.0,35.45646667480469
2012-01-04,43.619998931884766,43.08000183105469,43.560001373291016,43.25,732400.0,35.139617919921875
2012-01-05,43.43000030517578,42.380001068115234,43.09000015258789,43.400001525878906,1118600.0,35.261497497558594
2012-01-06,43.70000076293945,43.209999084472656,43.34000015258789,43.56999969482422,965600.0,35.39961624145508
2012-01-09,43.880001068115234,43.45000076293945,43.65999984741211,43.77000045776367,686600.0,35.562110900878906
2012-01-10,44.84000015258789,44.08000183105469,44.08000183105469,44.65999984741211,1041700.0,36.28521728515625
2012-01-11,44.880001068115234,44.400001525878906,44.5,44.849998474121094,923700.0,36.4395866394043
2012-01-12,45.060001373291016,44.689998626708984,44.95000076293945,44.70000076293945,1064200.0,36.31771469116211
2012-01-13,44.61000061035156,43.900001525878906,44.36000061035156,43.939998626708984,966600.0,35.70022201538086
2012-01-17,44.45000076293945,43.599998474121094,44.31999969482422,43.619998931884766,1295400.0,35.44023132324219
2012-01-18,43.83000183105469,43.34000015258789,43.61000061035156,43.81999969482422,1082500.0,35.602725982666016
2012-01-19,43.79999923706055,43.5,43.77000045776367,43.540000915527344,1354400.0,35.37522506713867
2012-01-20,44.099998474121094,43.59000015258789,43.619998931884766,44.0,1083400.0,35.74897766113281
2012-01-23,44.16999816894531,43.720001220703125,43.880001068115234,44.0,984900.0,35.74897766113281
2012-01-24,43.689998626708984,42.72999954223633,43.060001373291016,42.84000015258789,1570500.0,34.8065071105957
2012-01-25,43.11000061035156,42.63999938964844,42.7400016784668,42.9900016784668,1155100.0,34.92837905883789
2012-01-26,43.439998626708984,42.869998931884766,43.150001525878906,43.16999816894531,881100.0,35.074623107910156
2012-01-27,43.119998931884766,42.56999969482422,43.119998931884766,42.880001068115234,815200.0,34.8390007019043
2012-01-30,42.83000183105469,42.380001068115234,42.709999084472656,42.540000915527344,633100.0,34.56276321411133
2012-01-31,42.939998626708984,42.380001068115234,42.65999984741211,42.88999938964844,915800.0,34.84711837768555
2012-02-01,44.029998779296875,43.220001220703125,43.2400016784668,43.7599983215332,897000.0,35.55398178100586
2012-02-02,43.9900016784668,43.220001220703125,43.869998931884766,43.41999816894531,818100.0,35.27773666381836
2012-02-03,44.16999816894531,43.72999954223633,43.790000915527344,43.93000030517578,889000.0,35.692100524902344
2012-02-06,43.90999984741211,43.459999084472656,43.810001373291016,43.61000061035156,593400.0,35.43212127685547
2012-02-07,44.09000015258789,43.459999084472656,43.459999084472656,43.959999084472656,795700.0,35.71646499633789
2012-02-08,44.040000915527344,43.599998474121094,43.91999816894531,43.70000076293945,600500.0,35.505245208740234
2012-02-09,43.939998626708984,43.560001373291016,43.720001220703125,43.900001525878906,797400.0,35.66773986816406
2012-02-10,43.689998626708984,43.16999816894531,43.599998474121094,43.16999816894531,993800.0,35.074623107910156
2012-02-13,43.79999923706055,43.40999984741211,43.43000030517578,43.77000045776367,1081800.0,35.562110900878906
2012-02-14,44.02000045776367,43.58000183105469,43.75,44.02000045776367,865400.0,35.76523208618164
2012-02-15,44.540000915527344,43.86000061035156,44.099998474121094,43.86000061035156,1008500.0,35.63523483276367
2012-02-16,45.9900016784668,44.7599983215332,45.25,45.099998474121094,3114100.0,36.6427001953125
2012-02-17,45.599998474121094,44.75,45.09000015258789,45.43000030517578,1648400.0,36.91081619262695
2012-02-21,45.56999969482422,44.720001220703125,45.56999969482422,44.849998474121094,1018000.0,36.4395866394043
2012-02-22,44.939998626708984,44.34000015258789,44.7599983215332,44.40999984741211,1341700.0,36.082088470458984
2012-02-23,44.52000045776367,44.08000183105469,44.209999084472656,44.400001525878906,719900.0,36.07396697998047
2012-02-24,44.540000915527344,43.880001068115234,44.47999954223633,43.91999816894531,851900.0,35.68397903442383
2012-02-27,44.08000183105469,43.7599983215332,43.939998626708984,43.84000015258789,824400.0,35.61897277832031
2012-02-28,44.20000076293945,43.790000915527344,43.90999984741211,44.0,912400.0,35.74897766113281
2012-02-29,44.18000030517578,43.849998474121094,43.970001220703125,43.939998626708984,1461000.0,35.70022201538086
2012-03-01,43.900001525878906,43.400001525878906,43.58000183105469,43.720001220703125,1232000.0,35.78208541870117
2012-03-02,43.86000061035156,43.54999923706055,43.709999084472656,43.599998474121094,806800.0,35.68385696411133
2012-03-05,43.810001373291016,43.16999816894531,43.5,43.33000183105469,1288900.0,35.4628791809082
2012-03-06,43.25,42.040000915527344,43.119998931884766,42.040000915527344,1740800.0,34.4070930480957
2012-03-07,42.31999969482422,41.959999084472656,42.22999954223633,42.11000061035156,1451900.0,34.464385986328125
2012-03-08,42.72999954223633,42.290000915527344,42.439998626708984,42.65999984741211,1320400.0,34.914527893066406
2012-03-09,42.86000061035156,42.54999923706055,42.810001373291016,42.7599983215332,918800.0,34.996376037597656
2012-03-12,42.849998474121094,42.47999954223633,42.79999923706055,42.779998779296875,847000.0,35.01274108886719
2012-03-13,43.0099983215332,42.72999954223633,42.900001525878906,42.880001068115234,1081500.0,35.09458541870117
2012-03-14,43.189998626708984,42.810001373291016,42.869998931884766,42.95000076293945,947400.0,35.15187454223633
2012-03-15,43.0099983215332,42.810001373291016,42.970001220703125,42.869998931884766,784000.0,35.08639907836914
2012-03-16,43.189998626708984,42.869998931884766,42.880001068115234,43.11000061035156,1232600.0,35.28282928466797
2012-03-19,43.36000061035156,42.880001068115234,42.97999954223633,43.310001373291016,882400.0,35.4465217590332
2012-03-20,43.290000915527344,42.900001525878906,43.060001373291016,42.91999816894531,970100.0,35.12732696533203
2012-03-21,43.22999954223633,42.900001525878906,43.029998779296875,43.099998474121094,642200.0,35.27464294433594
2012-03-22,43.5099983215332,42.869998931884766,42.900001525878906,43.4900016784668,939100.0,35.59383010864258
2012-03-23,43.9900016784668,43.310001373291016,43.459999084472656,43.959999084472656,1159900.0,35.97850036621094
2012-03-26,44.7400016784668,43.970001220703125,44.0099983215332,44.72999954223633,1426700.0,36.608707427978516
2012-03-27,45.40999984741211,44.58000183105469,44.7400016784668,45.25,1990500.0,37.03428268432617
2012-03-28,45.33000183105469,44.77000045776367,45.220001220703125,45.02000045776367,1538800.0,36.846046447753906
2012-03-29,45.16999816894531,44.81999969482422,44.869998931884766,44.9900016784668,2006000.0,36.82149124145508
2012-03-30,45.349998474121094,45.0,45.2400016784668,45.25,1452000.0,37.03428268432617
2012-04-02,45.77000045776367,45.15999984741211,45.20000076293945,45.65999984741211,1171300.0,37.36984634399414
2012-04-03,45.91999816894531,43.040000915527344,45.63999938964844,43.18000030517578,6193300.0,35.34011459350586
2012-04-04,42.95000076293945,41.72999954223633,42.880001068115234,41.84000015258789,3489600.0,34.24341583251953
2012-04-05,41.619998931884766,40.79999923706055,41.560001373291016,41.27000045776367,3719300.0,33.77691650390625
2012-04-09,41.290000915527344,40.650001525878906,40.86000061035156,41.16999816894531,2242500.0,33.69504928588867
2012-04-10,41.209999084472656,40.7599983215332,41.09000015258789,40.869998931884766,2029400.0,33.44953536987305
2012-04-11,41.29999923706055,40.599998474121094,41.20000076293945,40.79999923706055,1992200.0,33.392234802246094
2012-04-12,40.88999938964844,40.70000076293945,40.7599983215332,40.81999969482422,2843600.0,33.40861129760742
2012-04-13,41.209999084472656,40.75,40.790000915527344,40.939998626708984,1611800.0,33.50680923461914
2012-04-16,41.18000030517578,40.77000045776367,41.04999923706055,40.88999938964844,1276500.0,33.46589279174805
2012-04-17,41.11000061035156,40.810001373291016,40.90999984741211,40.97999954223633,1988700.0,33.539554595947266
2012-04-18,41.279998779296875,40.79999923706055,40.90999984741211,41.20000076293945,1266800.0,33.719608306884766
2012-04-19,41.459999084472656,41.150001525878906,41.2599983215332,41.2599983215332,1530800.0,33.76872253417969
2012-04-20,41.43000030517578,41.13999938964844,41.31999969482422,41.29999923706055,1636000.0,33.80145263671875
2012-04-23,41.150001525878906,40.959999084472656,41.0,41.0099983215332,1145100.0,33.56410217285156
2012-04-24,41.52000045776367,41.119998931884766,41.15999984741211,41.52000045776367,1434500.0,33.98151779174805
2012-04-25,41.880001068115234,41.25,41.72999954223633,41.279998779296875,946900.0,33.78507995605469
2012-04-26,41.709999084472656,41.15999984741211,41.279998779296875,41.650001525878906,867700.0,34.08791732788086
2012-04-27,41.959999084472656,41.400001525878906,41.650001525878906,41.4900016784668,1048900.0,33.95697021484375
2012-04-30,41.619998931884766,41.2599983215332,41.5,41.58000183105469,1292700.0,34.030616760253906
2012-05-01,42.279998779296875,41.52000045776367,41.599998474121094,41.939998626708984,1622300.0,34.32524490356445
2012-05-02,42.2400016784668,41.54999923706055,41.7599983215332,42.119998931884766,1465900.0,34.47257995605469
2012-05-03,43.04999923706055,42.130001068115234,42.130001068115234,42.470001220703125,1571300.0,34.759033203125
2012-05-04,42.31999969482422,41.95000076293945,42.20000076293945,42.0,1258200.0,34.374359130859375
2012-05-07,42.2599983215332,41.70000076293945,42.11000061035156,42.040000915527344,1510200.0,34.4070930480957
2012-05-08,41.81999969482422,40.400001525878906,41.66999816894531,41.43000030517578,2795200.0,33.90785217285156
2012-05-09,41.52000045776367,40.720001220703125,40.93000030517578,40.97999954223633,1982300.0,33.539554595947266
2012-05-10,41.5,41.040000915527344,41.16999816894531,41.11000061035156,842900.0,33.64596176147461
2012-05-11,41.599998474121094,40.720001220703125,40.959999084472656,41.31999969482422,1108300.0,33.81781768798828
2012-05-14,41.02000045776367,40.599998474121094,40.959999084472656,40.93000030517578,950900.0,33.49863815307617
2012-05-15,40.849998474121094,40.41999816894531,40.84000015258789,40.459999084472656,1066300.0,33.113975524902344
2012-05-16,40.630001068115234,40.13999938964844,40.5,40.16999816894531,935700.0,32.87662124633789
2012-05-17,40.189998626708984,39.84000015258789,40.040000915527344,39.9900016784668,1795500.0,32.72930908203125
2012-05-18,40.119998931884766,39.599998474121094,40.11000061035156,39.84000015258789,1579300.0,32.606544494628906
2012-05-21,40.08000183105469,39.63999938964844,39.91999816894531,39.810001373291016,1046300.0,32.58198928833008
2012-05-22,40.150001525878906,39.779998779296875,39.91999816894531,39.97999954223633,1036100.0,32.72111892700195
2012-05-23,39.86000061035156,38.869998931884766,39.849998474121094,39.25,1250100.0,32.12367248535156
2012-05-24,39.529998779296875,39.0,39.2599983215332,39.5099983215332,1067000.0,32.33644485473633
2012-05-25,39.810001373291016,39.189998626708984,39.189998626708984,39.779998779296875,755200.0,32.55742645263672
2012-05-29,40.08000183105469,39.470001220703125,39.869998931884766,39.599998474121094,1180300.0,32.41011428833008
2012-05-30,39.25,38.900001525878906,39.2400016784668,38.97999954223633,1148600.0,32.16258239746094
2012-05-31,39.0099983215332,38.41999816894531,38.959999084472656,38.45000076293945,1665900.0,31.72528076171875
2012-06-01,38.40999984741211,37.959999084472656,38.06999969482422,38.33000183105469,1625100.0,31.62626075744629
2012-06-04,38.56999969482422,38.0099983215332,38.560001373291016,38.279998779296875,987400.0,31.58500099182129
2012-06-05,38.349998474121094,38.060001373291016,38.20000076293945,38.29999923706055,855700.0,31.60150718688965
2012-06-06,38.810001373291016,38.43000030517578,38.5,38.810001373291016,1255400.0,32.022315979003906
2012-06-07,39.189998626708984,38.689998626708984,39.04999923706055,38.7400016784668,1913600.0,31.964563369750977
2012-06-08,38.9900016784668,38.59000015258789,38.83000183105469,38.97999954223633,1112000.0,32.16258239746094
2012-06-11,39.189998626708984,38.45000076293945,39.18000030517578,38.4900016784668,1254300.0,31.758281707763672
2012-06-12,39.36000061035156,38.56999969482422,38.7599983215332,38.65999984741211,919400.0,31.89854621887207
2012-06-13,38.90999984741211,38.52000045776367,38.630001068115234,38.70000076293945,589600.0,31.931547164916992
2012-06-14,39.52000045776367,38.779998779296875,38.849998474121094,39.380001068115234,830800.0,32.49263000488281
2012-06-15,39.65999984741211,39.369998931884766,39.41999816894531,39.43000030517578,815400.0,32.53388214111328
2012-06-18,39.81999969482422,39.27000045776367,39.27000045776367,39.54999923706055,511600.0,32.63288497924805
2012-06-19,40.08000183105469,39.459999084472656,39.70000076293945,39.630001068115234,916200.0,32.69890213012695
2012-06-20,39.880001068115234,39.349998474121094,39.54999923706055,39.66999816894531,801100.0,32.73189926147461
2012-06-21,39.970001220703125,38.77000045776367,39.68000030517578,38.790000915527344,1092800.0,32.00581359863281
2012-06-22,39.11000061035156,38.75,39.04999923706055,38.959999084472656,1055000.0,32.14606475830078
2012-06-25,39.29999923706055,38.75,38.779998779296875,39.130001068115234,816000.0,32.28634262084961
2012-06-26,39.59000015258789,39.06999969482422,39.279998779296875,39.38999938964844,820100.0,32.50086975097656
2012-06-27,39.86000061035156,39.4900016784668,39.54999923706055,39.72999954223633,799500.0,32.78140640258789
2012-06-28,39.79999923706055,39.33000183105469,39.619998931884766,39.7599983215332,873100.0,32.80615234375
2012-06-29,41.68000030517578,40.13999938964844,40.40999984741211,41.61000061035156,1757600.0,34.33260726928711
2012-07-02,41.84000015258789,40.849998474121094,41.84000015258789,41.470001220703125,1185000.0,34.217098236083984
2012-07-03,41.77000045776367,41.2599983215332,41.5,41.66999816894531,612900.0,34.382110595703125
2012-07-05,41.630001068115234,41.220001220703125,41.470001220703125,41.400001525878906,632700.0,34.15933609008789
2012-07-06,41.36000061035156,40.939998626708984,41.220001220703125,41.0,732000.0,33.829288482666016
2012-07-09,41.08000183105469,40.22999954223633,41.0,40.36000061035156,1036200.0,33.30122756958008
2012-07-10,40.79999923706055,39.959999084472656,40.630001068115234,40.08000183105469,824800.0,33.0701904296875
2012-07-11,40.54999923706055,39.880001068115234,40.0,40.470001220703125,983700.0,33.391990661621094
2012-07-12,40.790000915527344,40.18000030517578,40.349998474121094,40.72999954223633,877300.0,33.60650634765625
2012-07-13,41.369998931884766,40.66999816894531,40.79999923706055,40.86000061035156,1143700.0,33.713783264160156
2012-07-16,40.900001525878906,40.52000045776367,40.75,40.75,883500.0,33.623016357421875
2012-07-17,41.099998474121094,40.599998474121094,40.790000915527344,40.91999816894531,520300.0,33.76328659057617
2012-07-18,41.56999969482422,40.79999923706055,40.83000183105469,41.47999954223633,1002400.0,34.22534942626953
2012-07-19,41.54999923706055,41.22999954223633,41.5,41.369998931884766,550300.0,34.13457107543945
2012-07-20,41.540000915527344,40.97999954223633,41.209999084472656,41.34000015258789,713500.0,34.109825134277344
2012-07-23,40.91999816894531,40.56999969482422,40.88999938964844,40.77000045776367,666700.0,33.63951873779297
2012-07-24,40.849998474121094,40.22999954223633,40.75,40.4900016784668,1086300.0,33.408485412597656
2012-07-25,40.72999954223633,40.119998931884766,40.65999984741211,40.220001220703125,651600.0,33.18571853637695
2012-07-26,41.47999954223633,40.529998779296875,40.79999923706055,41.29999923706055,1700400.0,34.076820373535156
2012-07-27,42.380001068115234,41.47999954223633,41.47999954223633,42.279998779296875,1148300.0,34.88542938232422
2012-07-30,42.689998626708984,42.16999816894531,42.25,42.59000015258789,780700.0,35.14121627807617
2012-07-31,42.619998931884766,42.08000183105469,42.619998931884766,42.31999969482422,978400.0,34.91843795776367
2012-08-01,42.880001068115234,42.08000183105469,42.459999084472656,42.81999969482422,1464300.0,35.33098220825195
2012-08-02,42.54999923706055,41.119998931884766,42.540000915527344,41.119998931884766,1222700.0,33.92829895019531
2012-08-03,42.150001525878906,41.5099983215332,41.7599983215332,42.08000183105469,1047200.0,34.72040939331055
2012-08-06,42.65999984741211,42.08000183105469,42.279998779296875,42.31999969482422,1242100.0,34.91843795776367
2012-08-07,43.08000183105469,40.849998474121094,42.65999984741211,42.91999816894531,2452800.0,35.41349411010742
2012-08-08,44.22999954223633,42.93000030517578,43.0,43.959999084472656,2185600.0,36.271602630615234
2012-08-09,44.119998931884766,43.560001373291016,44.08000183105469,44.029998779296875,966600.0,36.32936096191406
2012-08-10,44.220001220703125,43.59000015258789,43.790000915527344,44.16999816894531,684000.0,36.44487762451172
2012-08-13,44.099998474121094,43.529998779296875,44.08000183105469,43.68000030517578,873200.0,36.04057693481445
2012-08-14,43.84000015258789,43.27000045776367,43.7400016784668,43.43000030517578,2381800.0,35.834293365478516
2012-08-15,44.099998474121094,43.209999084472656,43.400001525878906,43.810001373291016,772600.0,36.147830963134766
2012-08-16,44.279998779296875,43.72999954223633,43.75,44.27000045776367,1006700.0,36.527381896972656
2012-08-17,44.369998931884766,44.06999969482422,44.119998931884766,44.33000183105469,880600.0,36.57689666748047
2012-08-20,44.34000015258789,43.869998931884766,44.34000015258789,44.2400016784668,1065000.0,36.50263595581055
2012-08-21,44.4900016784668,44.130001068115234,44.33000183105469,44.25,1226500.0,36.51088333129883
2012-08-22,44.34000015258789,43.90999984741211,44.25,44.119998931884766,1849600.0,36.40361785888672
2012-08-23,44.22999954223633,44.029998779296875,44.029998779296875,44.130001068115234,1025800.0,36.4118766784668
2012-08-24,44.349998474121094,43.959999084472656,44.08000183105469,44.27000045776367,1091400.0,36.527381896972656
2012-08-27,44.529998779296875,44.15999984741211,44.290000915527344,44.349998474121094,893300.0,36.59339141845703
2012-08-28,44.58000183105469,44.08000183105469,44.310001373291016,44.220001220703125,952900.0,36.486122131347656
2012-08-29,44.54999923706055,43.68000030517578,43.81999969482422,44.08000183105469,1318200.0,36.6357421875
2012-08-30,44.0099983215332,43.36000061035156,44.0,43.9900016784668,1334200.0,36.560935974121094
2012-08-31,44.79999923706055,44.119998931884766,44.189998626708984,44.540000915527344,999400.0,37.018043518066406
2012-09-04,44.95000076293945,44.29999923706055,44.630001068115234,44.52000045776367,1064600.0,37.00141525268555
2012-09-05,44.880001068115234,44.310001373291016,44.599998474121094,44.869998931884766,1335500.0,37.292320251464844
2012-09-06,45.7400016784668,44.970001220703125,45.0,45.72999954223633,1282900.0,38.007076263427734
2012-09-07,45.95000076293945,45.34000015258789,45.72999954223633,45.540000915527344,703700.0,37.84916687011719
2012-09-10,45.5,45.18000030517578,45.279998779296875,45.209999084472656,817200.0,37.57489013671875
2012-09-11,45.40999984741211,45.119998931884766,45.189998626708984,45.349998474121094,1137600.0,37.69124221801758
2012-09-12,45.45000076293945,45.150001525878906,45.43000030517578,45.2599983215332,944900.0,37.61644744873047
2012-09-13,46.0,45.15999984741211,45.34000015258789,46.0,1154100.0,38.23147964477539
2012-09-14,46.349998474121094,45.560001373291016,45.95000076293945,45.869998931884766,1234300.0,38.123435974121094
2012-09-17,45.90999984741211,45.470001220703125,45.81999969482422,45.63999938964844,794600.0,37.9322624206543
2012-09-18,45.900001525878906,45.439998626708984,45.540000915527344,45.849998474121094,1090400.0,38.1068115234375
2012-09-19,45.97999954223633,45.689998626708984,45.939998626708984,45.779998779296875,956300.0,38.04863739013672
2012-09-20,45.83000183105469,45.58000183105469,45.689998626708984,45.650001525878906,970300.0,37.94057083129883
2012-09-21,45.849998474121094,45.56999969482422,45.70000076293945,45.599998474121094,1026700.0,37.8990364074707
2012-09-24,45.540000915527344,45.290000915527344,45.349998474121094,45.290000915527344,816600.0,37.641380310058594
2012-09-25,45.63999938964844,45.18000030517578,45.5,45.18000030517578,853700.0,37.549964904785156
2012-09-26,45.529998779296875,45.08000183105469,45.18000030517578,45.11000061035156,602600.0,37.49178695678711
2012-09-27,45.459999084472656,45.06999969482422,45.369998931884766,45.349998474121094,1078700.0,37.69124221801758
2012-09-28,45.290000915527344,44.650001525878906,45.2599983215332,45.04999923706055,1111900.0,37.44190979003906
2012-10-01,44.84000015258789,42.650001525878906,44.689998626708984,42.81999969482422,3618200.0,35.58852005004883
2012-10-02,43.380001068115234,42.959999084472656,43.08000183105469,43.279998779296875,2164700.0,35.97084045410156
2012-10-03,43.869998931884766,43.31999969482422,43.33000183105469,43.790000915527344,1165400.0,36.39470672607422
2012-10-04,44.630001068115234,43.869998931884766,44.0099983215332,44.599998474121094,1783900.0,37.067909240722656
2012-10-05,45.0,44.58000183105469,44.93000030517578,44.63999938964844,2379900.0,37.101158142089844
2012-10-08,44.97999954223633,44.560001373291016,44.68000030517578,44.790000915527344,1219200.0,37.225826263427734
2012-10-09,44.86000061035156,44.279998779296875,44.7599983215332,44.29999923706055,1075000.0,36.818572998046875
2012-10-10,44.599998474121094,44.150001525878906,44.18000030517578,44.16999816894531,1750900.0,36.71052932739258
2012-10-11,44.599998474121094,44.209999084472656,44.36000061035156,44.310001373291016,717900.0,36.826881408691406
2012-10-12,44.56999969482422,44.150001525878906,44.43000030517578,44.20000076293945,912800.0,36.735469818115234
2012-10-15,44.599998474121094,44.189998626708984,44.20000076293945,44.5,776900.0,36.98479461669922
2012-10-16,44.779998779296875,44.43000030517578,44.599998474121094,44.61000061035156,915100.0,37.07622528076172
2012-10-17,45.189998626708984,44.650001525878906,44.75,45.18000030517578,904000.0,37.549964904785156
2012-10-18,45.0,44.18000030517578,45.0,44.599998474121094,2510700.0,37.067909240722656
2012-10-19,44.54999923706055,43.900001525878906,44.4900016784668,44.029998779296875,1356300.0,36.594173431396484
2012-10-22,44.20000076293945,43.630001068115234,43.93000030517578,43.959999084472656,795000.0,36.53599548339844
2012-10-23,44.040000915527344,43.470001220703125,43.650001525878906,43.939998626708984,960800.0,36.51936721801758
2012-10-24,44.279998779296875,43.439998626708984,43.959999084472656,43.5099983215332,792700.0,36.161991119384766
2012-10-25,44.11000061035156,43.540000915527344,43.79999923706055,43.79999923706055,549200.0,36.40301513671875
2012-10-26,43.810001373291016,43.099998474121094,43.77000045776367,43.459999084472656,949100.0,36.120445251464844
2012-10-31,43.880001068115234,42.93000030517578,43.720001220703125,43.13999938964844,1654200.0,35.8544807434082
2012-11-01,43.459999084472656,43.09000015258789,43.2599983215332,43.20000076293945,1185500.0,35.90434265136719
2012-11-02,43.709999084472656,43.2599983215332,43.45000076293945,43.310001373291016,1556600.0,35.99577713012695
2012-11-05,43.25,42.790000915527344,43.04999923706055,42.939998626708984,725100.0,35.68825149536133
2012-11-06,43.619998931884766,42.95000076293945,43.040000915527344,43.20000076293945,2106700.0,35.90434265136719
2012-11-07,42.72999954223633,41.439998626708984,42.619998931884766,41.599998474121094,2350000.0,34.57455062866211
2012-11-08,41.849998474121094,40.900001525878906,41.20000076293945,40.900001525878906,1235400.0,33.992774963378906
2012-11-09,41.619998931884766,40.779998779296875,40.79999923706055,41.18000030517578,1260800.0,34.225486755371094
2012-11-12,41.22999954223633,40.65999984741211,41.189998626708984,40.77000045776367,1101600.0,33.88472366333008
2012-11-13,40.900001525878906,40.369998931884766,40.68000030517578,40.41999816894531,808700.0,33.593833923339844
2012-11-14,40.54999923706055,39.459999084472656,40.54999923706055,39.59000015258789,1822500.0,32.90400314331055
2012-11-15,40.040000915527344,39.459999084472656,39.560001373291016,39.70000076293945,1218200.0,32.99542236328125
2012-11-16,40.099998474121094,39.5099983215332,39.72999954223633,39.83000183105469,2511800.0,33.10347366333008
2012-11-19,40.45000076293945,40.099998474121094,40.150001525878906,40.279998779296875,1188900.0,33.47747039794922
2012-11-20,40.34000015258789,39.90999984741211,40.34000015258789,40.15999984741211,1144600.0,33.37774658203125
2012-11-21,40.209999084472656,39.880001068115234,40.209999084472656,40.08000183105469,1212000.0,33.31125259399414
2012-11-23,40.540000915527344,40.09000015258789,40.2599983215332,40.5099983215332,1060300.0,33.66864013671875
2012-11-26,40.58000183105469,40.27000045776367,40.470001220703125,40.4900016784668,1513600.0,33.65201187133789
2012-11-27,40.54999923706055,40.18000030517578,40.41999816894531,40.22999954223633,1021800.0,33.435916900634766
2012-11-28,40.41999816894531,39.849998474121094,39.849998474121094,40.349998474121094,1312900.0,33.80453872680664
2012-11-29,41.04999923706055,40.349998474121094,40.380001068115234,41.04999923706055,3010400.0,34.3910026550293
2012-11-30,41.459999084472656,40.90999984741211,41.040000915527344,41.459999084472656,4764700.0,34.73447036743164
2012-12-03,41.810001373291016,41.31999969482422,41.65999984741211,41.52000045776367,1481200.0,34.784751892089844
2012-12-04,41.88999938964844,41.40999984741211,41.630001068115234,41.75,1544900.0,34.97743606567383
2012-12-05,42.40999984741211,41.689998626708984,41.72999954223633,42.400001525878906,1993700.0,35.521995544433594
2012-12-06,42.560001373291016,42.130001068115234,42.38999938964844,42.5,1431400.0,35.605777740478516
2012-12-07,43.040000915527344,42.540000915527344,42.54999923706055,43.0099983215332,1077400.0,36.033042907714844
2012-12-10,43.47999954223633,42.91999816894531,43.47999954223633,43.400001525878906,1092300.0,36.359779357910156
2012-12-11,43.810001373291016,43.279998779296875,43.380001068115234,43.630001068115234,1012200.0,36.552467346191406
2012-12-12,43.689998626708984,42.970001220703125,43.58000183105469,43.11000061035156,1444800.0,36.11683654785156
2012-12-13,43.47999954223633,42.9900016784668,43.27000045776367,43.150001525878906,880600.0,36.15033721923828
2012-12-14,43.18000030517578,42.95000076293945,43.150001525878906,43.040000915527344,1028000.0,36.058170318603516
2012-12-17,43.66999816894531,42.9900016784668,43.099998474121094,43.4900016784668,1141100.0,36.435184478759766
2012-12-18,43.9900016784668,43.45000076293945,43.5099983215332,43.86000061035156,1153300.0,36.74516296386719
2012-12-19,44.0,43.45000076293945,43.959999084472656,43.45000076293945,611300.0,36.401676177978516
2012-12-20,43.650001525878906,43.29999923706055,43.599998474121094,43.5099983215332,741100.0,36.45193862915039
2012-12-21,43.529998779296875,43.099998474121094,43.099998474121094,43.36000061035156,1299000.0,36.32627868652344
2012-12-24,43.47999954223633,43.0,43.189998626708984,43.279998779296875,247200.0,36.25925064086914
2012-12-26,43.41999816894531,43.099998474121094,43.29999923706055,43.20000076293945,482400.0,36.192230224609375
2012-12-27,43.36000061035156,42.77000045776367,43.20000076293945,43.15999984741211,723100.0,36.15871047973633
2012-12-28,43.040000915527344,42.68000030517578,42.91999816894531,42.709999084472656,671500.0,35.781700134277344
2012-12-31,42.790000915527344,42.16999816894531,42.630001068115234,42.790000915527344,996100.0,35.84873962402344
2013-01-02,43.540000915527344,43.11000061035156,43.41999816894531,43.540000915527344,1390800.0,36.47706985473633
2013-01-03,43.43000030517578,42.720001220703125,43.43000030517578,42.939998626708984,2186400.0,35.97440719604492
2013-01-04,43.029998779296875,42.560001373291016,42.959999084472656,42.75,1444000.0,35.81523132324219
2013-01-07,42.939998626708984,41.86000061035156,42.709999084472656,41.959999084472656,1989300.0,35.15337371826172
2013-01-08,42.040000915527344,41.2599983215332,41.77000045776367,41.83000183105469,1710800.0,35.04446792602539
2013-01-09,42.189998626708984,41.779998779296875,41.97999954223633,42.11000061035156,857300.0,35.2790412902832
2013-01-10,42.5,42.09000015258789,42.34000015258789,42.34000015258789,907800.0,35.471744537353516
2013-01-11,43.22999954223633,42.459999084472656,42.560001373291016,42.689998626708984,927700.0,35.764957427978516
2013-01-14,42.900001525878906,42.310001373291016,42.650001525878906,42.900001525878906,738500.0,35.94088363647461
2013-01-15,43.119998931884766,42.58000183105469,42.75,43.08000183105469,665400.0,36.09169387817383
2013-01-16,43.560001373291016,43.0,43.09000015258789,43.4900016784668,1038000.0,36.435184478759766
2013-01-17,44.2400016784668,43.47999954223633,43.77000045776367,44.209999084472656,1047100.0,37.038387298583984
2013-01-18,44.88999938964844,44.029998779296875,44.27000045776367,44.84000015258789,1219200.0,37.566192626953125
2013-01-22,45.58000183105469,44.66999816894531,44.86000061035156,45.279998779296875,1742400.0,37.93480682373047
2013-01-23,45.400001525878906,44.70000076293945,45.16999816894531,44.86000061035156,1103600.0,37.58293914794922
2013-01-24,45.66999816894531,44.93000030517578,44.93000030517578,45.470001220703125,1013100.0,38.093997955322266
2013-01-25,45.529998779296875,44.880001068115234,45.4900016784668,45.119998931884766,1161100.0,37.80076599121094
2013-01-28,45.16999816894531,44.849998474121094,45.16999816894531,45.13999938964844,760600.0,37.8175163269043
2013-01-29,45.540000915527344,45.060001373291016,45.08000183105469,45.52000045776367,732100.0,38.13589096069336
2013-01-30,45.75,45.22999954223633,45.38999938964844,45.59000015258789,899800.0,38.19452667236328
2013-01-31,45.56999969482422,44.86000061035156,45.47999954223633,45.18000030517578,2141400.0,37.85103225708008
2013-02-01,45.7599983215332,45.189998626708984,45.4900016784668,45.369998931884766,959400.0,38.010215759277344
2013-02-04,45.08000183105469,44.11000061035156,45.040000915527344,44.13999938964844,1410700.0,36.97974395751953
2013-02-05,44.7400016784668,44.220001220703125,44.33000183105469,44.58000183105469,1103300.0,37.34836959838867
2013-02-06,44.41999816894531,44.02000045776367,44.41999816894531,44.11000061035156,1240700.0,36.954612731933594
2013-02-07,44.369998931884766,44.08000183105469,44.08000183105469,44.310001373291016,725100.0,37.12216567993164
2013-02-08,44.5,44.22999954223633,44.290000915527344,44.40999984741211,840700.0,37.2059326171875
2013-02-11,44.45000076293945,44.0,44.31999969482422,44.04999923706055,785000.0,36.904335021972656
2013-02-12,44.349998474121094,43.900001525878906,44.06999969482422,44.220001220703125,1167100.0,37.04676818847656
2013-02-13,44.619998931884766,44.25,44.290000915527344,44.619998931884766,1105700.0,37.381874084472656
2013-02-14,45.349998474121094,43.90999984741211,44.689998626708984,43.970001220703125,2011900.0,36.83732223510742
2013-02-15,44.22999954223633,43.380001068115234,44.08000183105469,43.529998779296875,1855800.0,36.46869659423828
2013-02-19,45.27000045776367,43.720001220703125,43.720001220703125,45.099998474121094,2195300.0,37.78401565551758
2013-02-20,45.2599983215332,44.56999969482422,45.06999969482422,44.599998474121094,1501000.0,37.36511993408203
2013-02-21,44.709999084472656,44.09000015258789,44.5099983215332,44.4900016784668,1480100.0,37.27296829223633
2013-02-22,46.5,44.439998626708984,44.619998931884766,46.47999954223633,2685500.0,38.94016647338867
2013-02-25,47.09000015258789,46.08000183105469,46.47999954223633,46.08000183105469,2103400.0,38.60504913330078
2013-02-26,46.5,44.90999984741211,46.119998931884766,45.0,2404100.0,37.70024490356445
2013-02-27,45.119998931884766,44.310001373291016,44.91999816894531,44.790000915527344,1681200.0,37.52429962158203
2013-02-28,44.66999816894531,44.02000045776367,44.34000015258789,44.209999084472656,2784800.0,37.304908752441406
2013-03-01,45.2599983215332,44.09000015258789,44.09000015258789,45.2400016784668,1976800.0,38.174034118652344
2013-03-04,45.349998474121094,45.0099983215332,45.209999084472656,45.220001220703125,1269200.0,38.15716552734375
2013-03-05,47.0,45.27000045776367,45.29999923706055,46.970001220703125,2210900.0,39.63383102416992
2013-03-06,47.0,46.5099983215332,46.9900016784668,46.58000183105469,1055100.0,39.30474090576172
2013-03-07,46.959999084472656,46.470001220703125,46.68000030517578,46.58000183105469,803300.0,39.30474090576172
2013-03-08,47.38999938964844,46.560001373291016,46.75,47.369998931884766,1033300.0,39.97134780883789
2013-03-11,48.72999954223633,47.150001525878906,47.369998931884766,48.560001373291016,1935700.0,40.975486755371094
2013-03-12,48.540000915527344,47.79999923706055,48.540000915527344,48.09000015258789,1488600.0,40.57889938354492
2013-03-13,48.93000030517578,48.04999923706055,48.189998626708984,48.79999923706055,1143000.0,41.17799377441406
2013-03-14,48.84000015258789,48.25,48.84000015258789,48.369998931884766,1016000.0,40.81517028808594
2013-03-15,48.58000183105469,48.099998474121094,48.22999954223633,48.459999084472656,1243000.0,40.89110565185547
2013-03-18,48.220001220703125,47.72999954223633,47.900001525878906,48.0,873100.0,40.50296401977539
2013-03-19,48.41999816894531,47.63999938964844,48.08000183105469,47.83000183105469,922100.0,40.35951232910156
2013-03-20,49.04999923706055,47.880001068115234,47.97999954223633,48.90999984741211,1556100.0,41.270835876464844
2013-03-21,48.84000015258789,48.459999084472656,48.75,48.560001373291016,863900.0,40.975486755371094
2013-03-22,49.040000915527344,48.5099983215332,48.79999923706055,48.959999084472656,745000.0,41.31300735473633
2013-03-25,49.150001525878906,48.43000030517578,48.9900016784668,48.59000015258789,846600.0,41.000797271728516
2013-03-26,49.290000915527344,48.5,48.599998474121094,49.27000045776367,913600.0,41.5745964050293
2013-03-27,48.959999084472656,48.459999084472656,48.93000030517578,48.4900016784668,768500.0,40.91642761230469
2013-03-28,48.97999954223633,48.400001525878906,48.41999816894531,48.93000030517578,900400.0,41.28770065307617
2013-04-01,51.900001525878906,49.77000045776367,49.849998474121094,51.900001525878906,3239300.0,43.79381561279297
2013-04-02,52.93000030517578,51.52000045776367,52.08000183105469,52.279998779296875,3300500.0,44.11446762084961
2013-04-03,52.41999816894531,50.970001220703125,52.400001525878906,51.02000045776367,2320400.0,43.051265716552734
2013-04-04,51.4900016784668,50.79999923706055,50.810001373291016,51.02000045776367,1117100.0,43.051265716552734
2013-04-05,50.630001068115234,49.9900016784668,50.41999816894531,50.15999984741211,1339300.0,42.32558059692383
2013-04-08,50.380001068115234,49.959999084472656,50.029998779296875,50.31999969482422,1440300.0,42.46059799194336
2013-04-09,50.31999969482422,49.72999954223633,50.31999969482422,49.970001220703125,929200.0,42.16526794433594
2013-04-10,51.119998931884766,50.02000045776367,50.02000045776367,51.0,979700.0,43.034385681152344
2013-04-11,51.599998474121094,50.91999816894531,50.91999816894531,51.459999084472656,848600.0,43.42253875732422
2013-04-12,51.90999984741211,50.939998626708984,51.18000030517578,51.90999984741211,825300.0,43.80226516723633
2013-04-15,51.93000030517578,50.599998474121094,51.66999816894531,50.599998474121094,1357700.0,42.69685745239258
2013-04-16,51.220001220703125,50.58000183105469,50.97999954223633,50.900001525878906,1224200.0,42.950008392333984
2013-04-17,50.93000030517578,50.040000915527344,50.68000030517578,50.16999816894531,973000.0,42.33401870727539
2013-04-18,50.58000183105469,49.599998474121094,50.290000915527344,49.70000076293945,1065600.0,41.937442779541016
2013-04-19,52.68000030517578,49.91999816894531,49.91999816894531,52.650001525878906,2526600.0,44.42668151855469
2013-04-22,52.709999084472656,51.849998474121094,52.52000045776367,52.08000183105469,1177100.0,43.94571304321289
2013-04-23,53.06999969482422,52.119998931884766,52.33000183105469,53.02000045776367,1473200.0,44.738887786865234
2013-04-24,53.099998474121094,51.58000183105469,52.83000183105469,51.630001068115234,1761300.0,43.56599044799805
2013-04-25,52.06999969482422,51.2400016784668,51.900001525878906,51.310001373291016,1189300.0,43.295982360839844
2013-04-26,51.36000061035156,50.790000915527344,51.209999084472656,51.0099983215332,816500.0,43.04283142089844
2013-04-29,51.709999084472656,51.18000030517578,51.22999954223633,51.5099983215332,941200.0,43.46474075317383
2013-04-30,51.619998931884766,50.599998474121094,51.290000915527344,51.599998474121094,1079900.0,43.540679931640625
2013-05-01,51.83000183105469,50.939998626708984,51.56999969482422,50.970001220703125,780700.0,43.00907897949219
2013-05-02,51.150001525878906,50.36000061035156,50.959999084472656,50.41999816894531,1193200.0,42.54497528076172
2013-05-03,51.41999816894531,50.58000183105469,50.75,51.310001373291016,787900.0,43.295982360839844
2013-05-06,51.20000076293945,50.380001068115234,51.20000076293945,50.970001220703125,965500.0,43.00907897949219
2013-05-07,50.79999923706055,48.849998474121094,50.0,50.720001220703125,2537300.0,42.798118591308594
2013-05-08,50.70000076293945,49.630001068115234,50.650001525878906,49.70000076293945,1456100.0,41.937442779541016
2013-05-09,49.849998474121094,49.130001068115234,49.5099983215332,49.4900016784668,1808300.0,41.760231018066406
2013-05-10,50.09000015258789,49.5099983215332,49.650001525878906,50.08000183105469,734700.0,42.258087158203125
2013-05-13,50.29999923706055,49.75,50.08000183105469,50.290000915527344,1009500.0,42.43528366088867
2013-05-14,51.130001068115234,49.90999984741211,50.08000183105469,51.09000015258789,1323600.0,43.11033630371094
2013-05-15,51.13999938964844,50.619998931884766,50.959999084472656,51.060001373291016,1153500.0,43.08502197265625
2013-05-16,53.099998474121094,51.75,51.90999984741211,52.7400016784668,2655100.0,44.50262451171875
2013-05-17,53.349998474121094,52.47999954223633,52.83000183105469,53.31999969482422,1515000.0,44.99203872680664
2013-05-20,53.119998931884766,52.61000061035156,53.099998474121094,52.900001525878906,1007300.0,44.637630462646484
2013-05-21,52.88999938964844,52.15999984741211,52.869998931884766,52.56999969482422,1050700.0,44.35918426513672
2013-05-22,52.84000015258789,51.63999938964844,52.47999954223633,51.689998626708984,1641500.0,43.61662673950195
2013-05-23,51.68000030517578,50.959999084472656,51.349998474121094,51.279998779296875,1377800.0,43.27065658569336
2013-05-24,51.84000015258789,51.02000045776367,51.22999954223633,51.560001373291016,903000.0,43.506919860839844
2013-05-28,52.369998931884766,51.349998474121094,52.0099983215332,51.880001068115234,1369000.0,43.776939392089844
2013-05-29,51.529998779296875,50.9900016784668,51.130001068115234,51.029998779296875,1385700.0,43.32694625854492
2013-05-30,51.38999938964844,50.9900016784668,51.0099983215332,51.04999923706055,876700.0,43.343936920166016
2013-05-31,50.880001068115234,49.38999938964844,50.880001068115234,49.40999984741211,1666200.0,41.95148849487305
2013-06-03,50.189998626708984,49.0099983215332,49.68000030517578,49.59000015258789,1732000.0,42.10432434082031
2013-06-04,50.4900016784668,49.599998474121094,49.689998626708984,50.380001068115234,1291600.0,42.77507400512695
2013-06-05,50.58000183105469,49.779998779296875,50.220001220703125,49.81999969482422,1258900.0,42.29960632324219
2013-06-06,50.04999923706055,48.97999954223633,49.880001068115234,49.529998779296875,1255400.0,42.053375244140625
2013-06-07,50.720001220703125,49.599998474121094,49.869998931884766,50.65999984741211,1052900.0,43.01280975341797
2013-06-10,51.189998626708984,50.38999938964844,50.709999084472656,51.18000030517578,1202400.0,43.454307556152344
2013-06-11,51.02000045776367,50.119998931884766,50.439998626708984,50.58000183105469,1018700.0,42.944889068603516
2013-06-12,51.06999969482422,49.599998474121094,50.88999938964844,49.599998474121094,1077600.0,42.11280822753906
2013-06-13,49.939998626708984,49.18000030517578,49.560001373291016,49.84000015258789,1466700.0,42.31657791137695
2013-06-14,50.11000061035156,49.45000076293945,49.84000015258789,49.59000015258789,1143500.0,42.10432434082031
2013-06-17,50.650001525878906,49.52000045776367,49.81999969482422,49.9900016784668,1408300.0,42.443939208984375
2013-06-18,50.099998474121094,49.75,49.970001220703125,49.84000015258789,1134600.0,42.31657791137695
2013-06-19,50.59000015258789,49.13999938964844,49.900001525878906,49.13999938964844,2057900.0,41.72224426269531
2013-06-20,48.869998931884766,47.52000045776367,48.720001220703125,47.619998931884766,2125800.0,40.43169403076172
2013-06-21,48.33000183105469,47.0,48.099998474121094,47.790000915527344,2306300.0,40.57603073120117
2013-06-24,48.33000183105469,46.939998626708984,47.150001525878906,47.900001525878906,1448400.0,40.669429779052734
2013-06-25,48.369998931884766,47.540000915527344,48.369998931884766,48.11000061035156,907600.0,40.84773254394531
2013-06-26,48.709999084472656,48.09000015258789,48.529998779296875,48.470001220703125,1067500.0,41.153377532958984
2013-06-27,49.150001525878906,48.47999954223633,48.790000915527344,48.560001373291016,1057100.0,41.22979736328125
2013-06-28,48.650001525878906,47.81999969482422,48.470001220703125,47.86000061035156,1581300.0,40.635459899902344
2013-07-01,48.470001220703125,48.0099983215332,48.18000030517578,48.15999984741211,958700.0,40.89018630981445
2013-07-02,48.31999969482422,47.65999984741211,48.06999969482422,48.06999969482422,1222200.0,40.81375503540039
2013-07-03,47.77000045776367,47.15999984741211,47.66999816894531,47.540000915527344,884300.0,40.363765716552734
2013-07-05,47.91999816894531,47.16999816894531,47.790000915527344,47.650001525878906,548800.0,40.45716094970703
2013-07-08,48.470001220703125,47.790000915527344,47.869998931884766,48.209999084472656,1322500.0,40.93262481689453
2013-07-09,50.36000061035156,48.470001220703125,48.47999954223633,50.33000183105469,2336300.0,42.73261260986328
2013-07-10,50.59000015258789,49.7599983215332,50.33000183105469,50.33000183105469,1605500.0,42.73261260986328
2013-07-11,51.939998626708984,50.790000915527344,50.900001525878906,51.900001525878906,1748100.0,44.065616607666016
2013-07-12,51.7599983215332,51.040000915527344,51.7599983215332,51.29999923706055,1413000.0,43.556190490722656
2013-07-15,51.790000915527344,51.20000076293945,51.34000015258789,51.709999084472656,976300.0,43.9043083190918
2013-07-16,51.5,50.7400016784668,51.5,51.08000183105469,977100.0,43.369407653808594
2013-07-17,51.43000030517578,50.77000045776367,51.220001220703125,50.83000183105469,1225300.0,43.157127380371094
2013-07-18,51.36000061035156,50.70000076293945,50.75,51.0,1979900.0,43.301475524902344
2013-07-19,51.41999816894531,50.79999923706055,51.0,51.38999938964844,2255000.0,43.632606506347656
2013-07-22,51.400001525878906,50.81999969482422,51.290000915527344,50.95000076293945,1575100.0,43.25902557373047
2013-07-23,51.02000045776367,50.400001525878906,50.9900016784668,50.630001068115234,1955400.0,42.98733139038086
2013-07-24,50.75,49.279998779296875,50.66999816894531,49.88999938964844,2643200.0,42.35902786254883
2013-07-25,49.88999938964844,48.93000030517578,49.43000030517578,49.83000183105469,2334500.0,42.30809020996094
2013-07-26,50.060001373291016,49.08000183105469,49.08000183105469,49.790000915527344,1639500.0,42.274131774902344
2013-07-29,49.95000076293945,49.529998779296875,49.70000076293945,49.869998931884766,1013400.0,42.3420524597168
2013-07-30,50.380001068115234,49.81999969482422,49.95000076293945,49.880001068115234,1261600.0,42.35054397583008
2013-07-31,50.5099983215332,50.0099983215332,50.18000030517578,50.060001373291016,1539100.0,42.50336837768555
2013-08-01,50.95000076293945,50.40999984741211,50.56999969482422,50.90999984741211,1278200.0,43.225067138671875
2013-08-02,51.0,50.650001525878906,50.66999816894531,50.790000915527344,1453400.0,43.12317657470703
2013-08-05,50.7599983215332,49.9900016784668,50.70000076293945,50.08000183105469,2061300.0,42.520347595214844
2013-08-06,53.52000045776367,50.88999938964844,50.88999938964844,53.2599983215332,7457900.0,45.2203254699707
2013-08-07,53.31999969482422,52.439998626708984,53.209999084472656,52.790000915527344,2806500.0,44.82128143310547
2013-08-08,53.529998779296875,52.61000061035156,52.790000915527344,53.41999816894531,1805600.0,45.35616683959961
2013-08-09,53.75,53.18000030517578,53.459999084472656,53.20000076293945,1159600.0,45.16938400268555
2013-08-12,52.93000030517578,52.41999816894531,52.93000030517578,52.52000045776367,1463000.0,44.592041015625
2013-08-13,52.66999816894531,52.15999984741211,52.65999984741211,52.41999816894531,1196400.0,44.507118225097656
2013-08-14,52.459999084472656,51.84000015258789,52.459999084472656,51.900001525878906,1246000.0,44.065616607666016
2013-08-15,51.65999984741211,50.61000061035156,51.58000183105469,50.75,1691100.0,43.08921432495117
2013-08-16,50.900001525878906,50.41999816894531,50.560001373291016,50.779998779296875,2059200.0,43.11468505859375
2013-08-19,50.68000030517578,50.04999923706055,50.61000061035156,50.11000061035156,1269700.0,42.54582214355469
2013-08-20,50.849998474121094,50.119998931884766,50.2599983215332,50.52000045776367,1089400.0,42.89393615722656
2013-08-21,50.5,49.70000076293945,50.5,49.880001068115234,1211000.0,42.35054397583008
2013-08-22,50.119998931884766,49.72999954223633,49.86000061035156,49.84000015258789,937000.0,42.31657791137695
2013-08-23,50.58000183105469,49.650001525878906,49.900001525878906,50.459999084472656,1043300.0,42.84299087524414
2013-08-26,50.470001220703125,49.630001068115234,50.470001220703125,49.7599983215332,1005900.0,42.248661041259766
2013-08-27,49.56999969482422,49.150001525878906,49.41999816894531,49.47999954223633,1065200.0,42.01092529296875
2013-08-28,49.220001220703125,48.43000030517578,49.220001220703125,48.439998626708984,964700.0,41.3956298828125
2013-08-29,48.790000915527344,48.18000030517578,48.400001525878906,48.59000015258789,592000.0,41.52381134033203
2013-08-30,48.90999984741211,48.38999938964844,48.619998931884766,48.790000915527344,946500.0,41.69473648071289
2013-09-03,49.849998474121094,48.33000183105469,49.5,48.560001373291016,1126100.0,41.49818420410156
2013-09-04,49.31999969482422,48.25,48.459999084472656,49.310001373291016,1481600.0,42.13910675048828
2013-09-05,49.459999084472656,49.029998779296875,49.119998931884766,49.189998626708984,957500.0,42.03656768798828
2013-09-06,49.470001220703125,48.93000030517578,49.400001525878906,49.2400016784668,994900.0,42.07928466796875
2013-09-09,49.279998779296875,48.95000076293945,49.279998779296875,49.09000015258789,911100.0,41.951107025146484
2013-09-10,49.38999938964844,49.029998779296875,49.380001068115234,49.38999938964844,921400.0,42.207481384277344
2013-09-11,49.779998779296875,49.34000015258789,49.369998931884766,49.709999084472656,1032900.0,42.48094940185547
2013-09-12,49.70000076293945,49.18000030517578,49.61000061035156,49.279998779296875,830500.0,42.11347579956055
2013-09-13,49.650001525878906,49.22999954223633,49.29999923706055,49.540000915527344,754700.0,42.33566665649414
2013-09-16,50.400001525878906,49.959999084472656,49.97999954223633,50.220001220703125,1083400.0,42.916770935058594
2013-09-17,51.09000015258789,50.2400016784668,50.34000015258789,50.70000076293945,1160000.0,43.32696533203125
2013-09-18,51.58000183105469,50.369998931884766,50.65999984741211,51.560001373291016,804600.0,44.061893463134766
2013-09-19,52.150001525878906,51.369998931884766,51.790000915527344,51.4900016784668,819000.0,44.00209426879883
2013-09-20,51.4900016784668,50.459999084472656,51.4900016784668,50.529998779296875,1226200.0,43.18169403076172
2013-09-23,50.5099983215332,50.040000915527344,50.43000030517578,50.290000915527344,697300.0,42.976593017578125
2013-09-24,50.47999954223633,49.970001220703125,50.20000076293945,50.20000076293945,590400.0,42.89969253540039
2013-09-25,50.68000030517578,50.09000015258789,50.33000183105469,50.43000030517578,738500.0,43.09623718261719
2013-09-26,50.790000915527344,50.47999954223633,50.47999954223633,50.689998626708984,767900.0,43.31842041015625
2013-09-27,50.540000915527344,50.15999984741211,50.400001525878906,50.400001525878906,582400.0,43.07059860229492
2013-09-30,50.349998474121094,49.90999984741211,50.22999954223633,50.130001068115234,888500.0,42.83986282348633
2013-10-01,50.939998626708984,49.88999938964844,50.150001525878906,50.939998626708984,909200.0,43.53207015991211
2013-10-02,50.70000076293945,49.939998626708984,50.689998626708984,50.189998626708984,1303500.0,42.891136169433594
2013-10-03,50.150001525878906,49.43000030517578,49.9900016784668,49.7400016784668,894700.0,42.50658416748047
2013-10-04,50.5,49.630001068115234,49.70000076293945,50.470001220703125,654500.0,43.13041687011719
2013-10-07,50.08000183105469,49.779998779296875,50.06999969482422,49.88999938964844,708400.0,42.63475036621094
2013-10-08,50.0,49.56999969482422,49.790000915527344,49.709999084472656,923700.0,42.48094940185547
2013-10-09,50.130001068115234,49.72999954223633,49.849998474121094,49.939998626708984,1004600.0,42.677486419677734
2013-10-10,51.310001373291016,50.439998626708984,50.5,51.290000915527344,1082800.0,43.83116149902344
2013-10-11,51.77000045776367,51.08000183105469,51.290000915527344,51.7599983215332,718600.0,44.232810974121094
2013-10-14,51.88999938964844,51.279998779296875,51.279998779296875,51.81999969482422,740300.0,44.28409957885742
2013-10-15,51.959999084472656,51.099998474121094,51.84000015258789,51.27000045776367,748700.0,43.814083099365234
2013-10-16,52.130001068115234,51.5099983215332,51.5099983215332,51.81999969482422,911200.0,44.28409957885742
2013-10-17,52.790000915527344,51.5,51.720001220703125,52.66999816894531,664500.0,45.01048278808594
2013-10-18,53.15999984741211,52.52000045776367,52.970001220703125,52.619998931884766,1097000.0,44.967750549316406
2013-10-21,53.52000045776367,52.540000915527344,52.7400016784668,53.5,1141200.0,45.71977233886719
2013-10-22,54.470001220703125,53.5,53.56999969482422,54.15999984741211,1409600.0,46.28380584716797
2013-10-23,54.09000015258789,53.4900016784668,54.06999969482422,53.63999938964844,1065500.0,45.83943176269531
2013-10-24,53.66999816894531,53.04999923706055,53.650001525878906,53.34000015258789,913000.0,45.58305358886719
2013-10-25,53.900001525878906,53.220001220703125,53.4900016784668,53.88999938964844,510900.0,46.05307388305664
2013-10-28,54.779998779296875,53.849998474121094,53.939998626708984,54.540000915527344,1144900.0,46.60853576660156
2013-10-29,55.540000915527344,54.54999923706055,54.66999816894531,55.29999923706055,950400.0,47.25802230834961
2013-10-30,55.279998779296875,54.68000030517578,55.209999084472656,54.83000183105469,660800.0,46.85636520385742
2013-10-31,54.91999816894531,53.77000045776367,54.709999084472656,54.0,1051600.0,46.14707565307617
2013-11-01,54.2400016784668,53.279998779296875,54.09000015258789,53.9900016784668,719600.0,46.138519287109375
2013-11-04,54.41999816894531,53.56999969482422,54.310001373291016,54.209999084472656,1099800.0,46.32653045654297
2013-11-05,54.13999938964844,53.369998931884766,54.09000015258789,54.0099983215332,1199100.0,46.15561294555664
2013-11-06,56.2599983215332,53.7400016784668,56.2599983215332,54.689998626708984,1692900.0,46.73672103881836
2013-11-07,54.66999816894531,52.68000030517578,54.459999084472656,53.0,1918400.0,45.29248809814453
2013-11-08,53.88999938964844,52.52000045776367,53.0,53.790000915527344,991700.0,45.96760559082031
2013-11-11,54.150001525878906,53.58000183105469,53.86000061035156,53.869998931884766,670400.0,46.03596878051758
2013-11-12,53.869998931884766,53.150001525878906,53.86000061035156,53.849998474121094,679300.0,46.018882751464844
2013-11-13,54.02000045776367,53.150001525878906,53.56999969482422,53.900001525878906,722600.0,46.061622619628906
2013-11-14,54.290000915527344,53.7400016784668,54.06999969482422,53.97999954223633,758900.0,46.12997055053711
2013-11-15,54.2400016784668,53.459999084472656,53.619998931884766,54.119998931884766,771500.0,46.24961471557617
2013-11-18,54.290000915527344,53.880001068115234,54.13999938964844,53.9900016784668,655400.0,46.138519287109375
2013-11-19,54.189998626708984,53.810001373291016,54.02000045776367,53.90999984741211,524200.0,46.07015609741211
2013-11-20,54.060001373291016,52.900001525878906,53.91999816894531,53.2400016784668,751800.0,45.49760055541992
2013-11-21,53.4900016784668,52.779998779296875,53.41999816894531,53.040000915527344,684400.0,45.3266716003418
2013-11-22,53.75,52.81999969482422,53.0099983215332,53.650001525878906,597600.0,45.84795379638672
2013-11-25,54.040000915527344,53.290000915527344,53.77000045776367,53.45000076293945,632000.0,45.67705154418945
2013-11-26,53.38999938964844,52.900001525878906,53.060001373291016,53.16999816894531,625400.0,45.71144485473633
2013-11-27,53.33000183105469,52.849998474121094,53.189998626708984,53.04999923706055,371500.0,45.6082763671875
2013-11-29,53.0099983215332,52.63999938964844,53.0099983215332,52.66999816894531,246700.0,45.28158187866211
2013-12-02,52.84000015258789,52.11000061035156,52.720001220703125,52.54999923706055,786100.0,45.17841720581055
2013-12-03,54.06999969482422,52.34000015258789,52.470001220703125,53.93000030517578,1527200.0,46.36483383178711
2013-12-04,54.56999969482422,53.400001525878906,53.52000045776367,54.34000015258789,1815100.0,46.71731948852539
2013-12-05,55.33000183105469,53.560001373291016,54.06999969482422,54.0099983215332,1952800.0,46.43360900878906
2013-12-06,54.97999954223633,54.20000076293945,54.43000030517578,54.959999084472656,872000.0,47.25034713745117
2013-12-09,55.38999938964844,54.83000183105469,55.06999969482422,55.060001373291016,639000.0,47.33631896972656
2013-12-10,55.119998931884766,54.33000183105469,54.86000061035156,54.70000076293945,741600.0,47.02681350708008
2013-12-11,55.0099983215332,54.20000076293945,54.79999923706055,54.29999923706055,752000.0,46.682926177978516
2013-12-12,54.18000030517578,53.279998779296875,54.099998474121094,53.41999816894531,778500.0,45.926368713378906
2013-12-13,53.709999084472656,52.790000915527344,53.58000183105469,53.189998626708984,656200.0,45.728641510009766
2013-12-16,54.08000183105469,53.36000061035156,53.4900016784668,53.75,885600.0,46.210079193115234
2013-12-17,53.959999084472656,53.380001068115234,53.77000045776367,53.790000915527344,738300.0,46.244468688964844
2013-12-18,55.43000030517578,53.66999816894531,53.880001068115234,55.38999938964844,1103200.0,47.62002944946289
2013-12-19,55.400001525878906,54.619998931884766,55.31999969482422,54.970001220703125,689300.0,47.25895309448242
2013-12-20,55.310001373291016,54.77000045776367,55.11000061035156,54.939998626708984,862800.0,47.233154296875
2013-12-23,55.31999969482422,54.7599983215332,55.2599983215332,54.939998626708984,551800.0,47.233154296875
2013-12-24,55.279998779296875,54.75,55.06999969482422,55.040000915527344,136900.0,47.319129943847656
2013-12-26,55.459999084472656,54.70000076293945,55.09000015258789,55.38999938964844,301500.0,47.62002944946289
2013-12-27,55.79999923706055,55.13999938964844,55.15999984741211,55.7599983215332,609600.0,47.93812942504883
2013-12-30,55.97999954223633,55.34000015258789,55.70000076293945,55.7599983215332,443200.0,47.93812942504883
2013-12-31,56.4900016784668,56.0099983215332,56.0099983215332,56.150001525878906,550600.0,48.27341842651367
2014-01-02,56.04999923706055,54.849998474121094,55.95000076293945,55.220001220703125,1352700.0,47.473873138427734
2014-01-03,55.439998626708984,54.72999954223633,55.36000061035156,55.0099983215332,802600.0,47.293338775634766
2014-01-06,55.20000076293945,54.56999969482422,55.150001525878906,54.79999923706055,886400.0,47.1127815246582
2014-01-07,55.63999938964844,54.79999923706055,55.0,55.349998474121094,1407200.0,47.58563232421875
2014-01-08,55.65999984741211,55.11000061035156,55.5,55.220001220703125,935700.0,47.473873138427734
2014-01-09,55.45000076293945,55.09000015258789,55.400001525878906,55.29999923706055,700200.0,47.54265594482422
2014-01-10,56.22999954223633,55.38999938964844,55.43000030517578,56.08000183105469,1160500.0,48.21324157714844
2014-01-13,57.18000030517578,55.7400016784668,56.029998779296875,55.939998626708984,2130200.0,48.09287643432617
2014-01-14,56.790000915527344,55.91999816894531,55.959999084472656,56.66999816894531,1218400.0,48.72047424316406
2014-01-15,56.61000061035156,56.04999923706055,56.61000061035156,56.22999954223633,1210700.0,48.34219741821289
2014-01-16,56.41999816894531,55.77000045776367,56.060001373291016,56.150001525878906,1072800.0,48.27341842651367
2014-01-17,56.2400016784668,55.47999954223633,56.130001068115234,55.58000183105469,1169300.0,47.78337097167969
2014-01-21,55.970001220703125,54.86000061035156,55.61000061035156,55.11000061035156,1517300.0,47.37931823730469
2014-01-22,55.84000015258789,55.11000061035156,55.189998626708984,55.349998474121094,1207600.0,47.58563232421875
2014-01-23,55.099998474121094,54.369998931884766,54.939998626708984,54.45000076293945,997200.0,46.8119010925293
2014-01-24,54.439998626708984,53.81999969482422,54.220001220703125,53.81999969482422,904900.0,46.270267486572266
2014-01-27,54.56999969482422,53.630001068115234,53.650001525878906,54.2400016784668,1040900.0,46.63134765625
2014-01-28,54.83000183105469,54.08000183105469,54.27000045776367,54.70000076293945,871500.0,47.02681350708008
2014-01-29,54.20000076293945,53.130001068115234,54.20000076293945,53.40999984741211,1136200.0,45.917781829833984
2014-01-30,53.9900016784668,53.459999084472656,53.72999954223633,53.810001373291016,771500.0,46.26166915893555
2014-01-31,53.20000076293945,52.54999923706055,52.959999084472656,52.63999938964844,1071400.0,45.255794525146484
2014-02-03,52.63999938964844,51.459999084472656,52.599998474121094,51.459999084472656,1321400.0,44.241310119628906
2014-02-04,52.029998779296875,51.279998779296875,51.77000045776367,51.47999954223633,1337000.0,44.258514404296875
2014-02-05,51.459999084472656,50.900001525878906,51.29999923706055,51.31999969482422,791300.0,44.1209602355957
2014-02-06,51.77000045776367,51.40999984741211,51.47999954223633,51.66999816894531,763200.0,44.421852111816406
2014-02-07,52.439998626708984,51.83000183105469,51.970001220703125,52.40999984741211,567800.0,45.05805969238281
2014-02-10,52.68000030517578,52.0099983215332,52.56999969482422,52.52000045776367,725000.0,45.15262985229492
2014-02-11,53.369998931884766,52.40999984741211,52.52000045776367,53.290000915527344,757200.0,45.81460952758789
2014-02-12,53.630001068115234,53.0,53.47999954223633,53.099998474121094,1373600.0,45.6512565612793
2014-02-13,54.68000030517578,52.68000030517578,52.68000030517578,54.529998779296875,1322400.0,46.88066864013672
2014-02-14,55.11000061035156,54.43000030517578,54.619998931884766,55.02000045776367,1242200.0,47.30192565917969
2014-02-18,55.83000183105469,54.619998931884766,54.630001068115234,55.72999954223633,1463800.0,47.91233444213867
2014-02-19,56.75,55.599998474121094,55.720001220703125,56.119998931884766,1382000.0,48.24762725830078
2014-02-20,56.41999816894531,55.65999984741211,56.099998474121094,56.130001068115234,1449000.0,48.256229400634766
2014-02-21,56.709999084472656,55.91999816894531,56.13999938964844,56.599998474121094,956600.0,48.66029739379883
2014-02-24,57.540000915527344,56.75,57.0,57.27000045776367,1372800.0,49.23630142211914
2014-02-25,57.47999954223633,56.970001220703125,57.33000183105469,57.25,758800.0,49.21910858154297
2014-02-26,57.279998779296875,56.630001068115234,57.130001068115234,56.68000030517578,700700.0,49.04606246948242
2014-02-27,57.06999969482422,56.61000061035156,56.70000076293945,56.90999984741211,761100.0,49.24507141113281
2014-02-28,57.18000030517578,56.540000915527344,56.97999954223633,56.83000183105469,919800.0,49.175838470458984
2014-03-03,56.709999084472656,56.060001373291016,56.5,56.619998931884766,732900.0,48.9941291809082
2014-03-04,57.40999984741211,56.689998626708984,57.06999969482422,56.91999816894531,896800.0,49.253719329833984
2014-03-05,57.720001220703125,56.900001525878906,57.0,57.4900016784668,956500.0,49.746952056884766
2014-03-06,58.189998626708984,57.369998931884766,57.47999954223633,57.9900016784668,1185000.0,50.17961502075195
2014-03-07,58.47999954223633,57.84000015258789,58.06999969482422,58.2400016784668,856700.0,50.39594268798828
2014-03-10,58.4900016784668,58.0,58.18000030517578,58.459999084472656,675500.0,50.586307525634766
2014-03-11,58.4900016784668,57.900001525878906,58.43000030517578,58.029998779296875,763100.0,50.21421813964844
2014-03-12,58.310001373291016,57.65999984741211,57.720001220703125,58.11000061035156,727200.0,50.283451080322266
2014-03-13,58.45000076293945,57.54999923706055,58.2599983215332,57.630001068115234,798800.0,49.86810302734375
2014-03-14,58.15999984741211,57.439998626708984,57.56999969482422,57.61000061035156,782700.0,49.85078811645508
2014-03-17,58.25,57.63999938964844,57.79999923706055,58.25,641200.0,50.40459442138672
2014-03-18,58.36000061035156,57.90999984741211,58.209999084472656,58.18000030517578,562700.0,50.34402847290039
2014-03-19,58.5,57.529998779296875,58.209999084472656,57.75,601200.0,49.97193145751953
2014-03-20,58.18000030517578,57.470001220703125,57.65999984741211,58.15999984741211,383900.0,50.32672119140625
2014-03-21,59.150001525878906,58.15999984741211,58.15999984741211,58.5,1255500.0,50.62092208862305
2014-03-24,59.02000045776367,57.47999954223633,58.630001068115234,57.54999923706055,753200.0,49.79887390136719
2014-03-25,58.630001068115234,57.810001373291016,58.0099983215332,58.61000061035156,1125200.0,50.71611022949219
2014-03-26,58.849998474121094,57.79999923706055,58.650001525878906,57.79999923706055,591600.0,50.015201568603516
2014-03-27,58.38999938964844,57.790000915527344,57.97999954223633,58.06999969482422,699300.0,50.248836517333984
2014-03-28,58.81999969482422,57.900001525878906,58.52000045776367,58.08000183105469,888200.0,50.25749206542969
2014-03-31,58.97999954223633,58.34000015258789,58.61000061035156,58.86000061035156,880600.0,50.93243408203125
2014-04-01,59.0099983215332,58.5,58.93000030517578,58.869998931884766,747400.0,50.94108581542969
2014-04-02,59.529998779296875,58.61000061035156,58.869998931884766,59.5,1150100.0,51.48623275756836
2014-04-03,59.75,59.209999084472656,59.66999816894531,59.720001220703125,1329900.0,51.676612854003906
2014-04-04,60.900001525878906,59.52000045776367,60.0,59.790000915527344,1686900.0,51.73719024658203
2014-04-07,60.040000915527344,59.119998931884766,59.66999816894531,59.220001220703125,1799400.0,51.24394989013672
2014-04-08,59.75,58.77000045776367,59.29999923706055,59.220001220703125,1576500.0,51.24394989013672
2014-04-09,59.459999084472656,58.689998626708984,59.349998474121094,59.33000183105469,1208400.0,51.33913040161133
2014-04-10,59.310001373291016,58.0099983215332,58.560001373291016,58.029998779296875,1085500.0,50.21421813964844
2014-04-11,58.29999923706055,56.790000915527344,58.0,57.08000183105469,1433200.0,49.392173767089844
2014-04-14,57.7599983215332,57.09000015258789,57.529998779296875,57.540000915527344,909000.0,49.79021453857422
2014-04-15,57.70000076293945,56.599998474121094,57.619998931884766,57.27000045776367,932200.0,49.55657958984375
2014-04-16,58.619998931884766,57.45000076293945,57.650001525878906,58.529998779296875,1067400.0,50.646873474121094
2014-04-17,58.70000076293945,57.97999954223633,58.369998931884766,58.310001373291016,869400.0,50.45651626586914
2014-04-21,58.369998931884766,57.90999984741211,58.2400016784668,58.15999984741211,409300.0,50.32672119140625
2014-04-22,59.2400016784668,58.06999969482422,58.25,59.08000183105469,1224700.0,51.12281799316406
2014-04-23,59.279998779296875,58.540000915527344,59.130001068115234,58.56999969482422,708600.0,50.68149185180664
2014-04-24,59.16999816894531,58.43000030517578,58.689998626708984,59.08000183105469,650600.0,51.12281799316406
2014-04-25,59.029998779296875,58.290000915527344,59.029998779296875,58.560001373291016,801100.0,50.67283248901367
2014-04-28,60.15999984741211,58.75,58.959999084472656,60.150001525878906,1175700.0,52.04868698120117
2014-04-29,60.529998779296875,60.04999923706055,60.36000061035156,60.15999984741211,797300.0,52.05733871459961
2014-04-30,60.16999816894531,59.459999084472656,60.16999816894531,59.970001220703125,1209000.0,51.89292526245117
2014-05-01,60.47999954223633,59.61000061035156,60.060001373291016,60.47999954223633,904000.0,52.33424377441406
2014-05-02,60.59000015258789,60.2599983215332,60.5,60.58000183105469,719500.0,52.4207763671875
2014-05-05,60.54999923706055,59.97999954223633,60.290000915527344,60.54999923706055,870800.0,52.394813537597656
2014-05-06,60.36000061035156,59.689998626708984,60.279998779296875,59.77000045776367,789300.0,51.71986389160156
2014-05-07,62.41999816894531,60.0,60.0,61.95000076293945,1876500.0,53.606258392333984
2014-05-08,63.529998779296875,62.099998474121094,62.099998474121094,63.459999084472656,2117600.0,54.912872314453125
2014-05-09,64.05999755859375,63.220001220703125,63.38999938964844,63.810001373291016,1239300.0,55.21574783325195
2014-05-12,64.16000366210938,63.38999938964844,63.970001220703125,63.66999816894531,1271400.0,55.0946044921875
2014-05-13,64.16999816894531,63.59000015258789,63.849998474121094,64.02999877929688,799500.0,55.406105041503906
2014-05-14,64.25,63.560001373291016,64.0,63.58000183105469,871600.0,55.01671600341797
2014-05-15,63.7599983215332,63.38999938964844,63.459999084472656,63.72999954223633,1277800.0,55.146507263183594
2014-05-16,65.45999908447266,63.66999816894531,63.66999816894531,64.91000366210938,2904800.0,56.16758346557617
2014-05-19,65.08000183105469,64.58999633789062,64.63999938964844,64.95999908447266,1285600.0,56.21084976196289
2014-05-20,65.0,64.58999633789062,64.81999969482422,64.7699966430664,1097900.0,56.046443939208984
2014-05-21,65.11000061035156,64.33999633789062,65.0,64.5199966430664,1623800.0,55.83011245727539
2014-05-22,64.73999786376953,64.33999633789062,64.5199966430664,64.55000305175781,951900.0,55.85607147216797
2014-05-23,64.83999633789062,64.27999877929688,64.72000122070312,64.4000015258789,1232900.0,55.72628402709961
2014-05-27,65.08999633789062,64.4800033569336,64.66999816894531,64.79000091552734,2294100.0,56.063751220703125
2014-05-28,64.52999877929688,63.83000183105469,64.37999725341797,64.30000305175781,1599000.0,55.959320068359375
2014-05-29,65.36000061035156,64.37999725341797,64.44000244140625,65.33999633789062,2295700.0,56.864410400390625
2014-05-30,65.80000305175781,65.02999877929688,65.16000366210938,65.7300033569336,2332600.0,57.203834533691406
2014-06-02,65.81999969482422,65.37999725341797,65.5999984741211,65.7699966430664,1390500.0,57.23863983154297
2014-06-03,66.0,65.55000305175781,65.73999786376953,65.58999633789062,2036000.0,57.081974029541016
2014-06-04,65.83000183105469,65.3499984741211,65.58999633789062,65.56999969482422,795200.0,57.064579010009766
2014-06-05,65.87000274658203,65.37999725341797,65.87000274658203,65.6500015258789,855400.0,57.13420486450195
2014-06-06,66.77999877929688,65.61000061035156,65.61000061035156,66.72000122070312,1168600.0,58.06541442871094
2014-06-09,67.13999938964844,66.2699966430664,66.38999938964844,67.11000061035156,1456600.0,58.40481948852539
2014-06-10,71.38999938964844,67.37999725341797,67.38999938964844,70.70999908447266,7120300.0,61.537837982177734
2014-06-11,72.30000305175781,70.30000305175781,71.05000305175781,72.06999969482422,5248100.0,62.7214241027832
2014-06-12,72.77999877929688,71.2300033569336,71.98999786376953,71.47000122070312,2521900.0,62.19926452636719
2014-06-13,71.6500015258789,71.04000091552734,71.45999908447266,71.2300033569336,1924700.0,61.990394592285156
2014-06-16,71.54000091552734,70.93000030517578,71.19999694824219,71.52999877929688,1321900.0,62.25146484375
2014-06-17,71.8499984741211,71.30000305175781,71.68000030517578,71.5,1106300.0,62.225372314453125
2014-06-18,72.56999969482422,71.37999725341797,71.4800033569336,72.5,1529400.0,63.095638275146484
2014-06-19,73.30999755859375,72.56999969482422,72.75,73.16000366210938,1599900.0,63.67005157470703
2014-06-20,75.55000305175781,73.30000305175781,73.73999786376953,74.86000061035156,3014000.0,65.14952087402344
2014-06-23,74.95999908447266,73.5999984741211,74.95999908447266,73.69999694824219,1697400.0,64.1399917602539
2014-06-24,73.69999694824219,72.63999938964844,73.69999694824219,73.3499984741211,2340900.0,63.83538055419922
2014-06-25,73.94999694824219,73.05999755859375,73.18000030517578,73.86000061035156,1122600.0,64.27924346923828
2014-06-26,74.27999877929688,73.58999633789062,73.75,74.20999908447266,1057900.0,64.58384704589844
2014-06-27,74.43000030517578,73.77999877929688,74.0199966430664,74.4000015258789,1486300.0,64.74920654296875
2014-06-30,74.83000183105469,73.95999908447266,74.22000122070312,74.16000366210938,1574400.0,64.54033660888672
2014-07-01,74.5999984741211,73.63999938964844,74.16999816894531,74.19999694824219,1405800.0,64.57514190673828
2014-07-02,74.58000183105469,73.13999938964844,74.41000366210938,73.58000183105469,1759500.0,64.03556060791016
2014-07-03,74.11000061035156,73.5199966430664,73.95999908447266,73.80000305175781,1143600.0,64.2270278930664
2014-07-07,73.77999877929688,73.16999816894531,73.51000213623047,73.36000061035156,1028900.0,63.844120025634766
2014-07-08,73.91999816894531,73.11000061035156,73.47000122070312,73.16999816894531,1165000.0,63.67875289916992
2014-07-09,73.7699966430664,73.23999786376953,73.23999786376953,73.54000091552734,1302900.0,64.00076293945312
2014-07-10,73.55000305175781,72.7699966430664,72.9800033569336,73.31999969482422,864700.0,63.80928039550781
2014-07-11,73.69999694824219,73.19000244140625,73.19000244140625,73.58999633789062,915500.0,64.04427337646484
2014-07-14,74.69000244140625,72.87999725341797,73.95999908447266,72.95999908447266,1493800.0,63.49597930908203
2014-07-15,73.02999877929688,72.13999938964844,72.94999694824219,72.52999877929688,2447200.0,63.12177658081055
2014-07-16,73.70999908447266,72.12000274658203,72.97000122070312,72.44999694824219,1419300.0,63.05214309692383
2014-07-17,72.51000213623047,71.29000091552734,72.2699966430664,71.38999938964844,943300.0,62.129642486572266
2014-07-18,72.55999755859375,71.30000305175781,71.55000305175781,72.5,1025700.0,63.095638275146484
2014-07-21,72.4000015258789,71.69000244140625,72.0999984741211,72.19000244140625,615200.0,62.82587432861328
2014-07-22,72.55999755859375,72.20999908447266,72.44000244140625,72.44000244140625,637500.0,63.043426513671875
2014-07-23,72.8499984741211,72.23999786376953,72.66999816894531,72.56999969482422,825200.0,63.15656661987305
2014-07-24,73.13999938964844,72.22000122070312,72.91000366210938,73.01000213623047,946400.0,63.53949737548828
2014-07-25,72.62000274658203,71.47000122070312,72.55000305175781,71.56999969482422,727400.0,62.28630065917969
2014-07-28,71.31999969482422,70.0,71.29000091552734,70.36000061035156,1837500.0,61.233245849609375
2014-07-29,70.94999694824219,70.02999877929688,70.7699966430664,70.08999633789062,863500.0,60.998268127441406
2014-07-30,70.4800033569336,69.01000213623047,70.47000122070312,69.0999984741211,1342200.0,60.13669204711914
2014-07-31,68.91000366210938,67.47000122070312,68.87000274658203,67.52999877929688,1353300.0,58.77034378051758
2014-08-01,68.0999984741211,67.0,67.16999816894531,67.63999938964844,1288400.0,58.86606979370117
2014-08-04,67.94000244140625,67.22000122070312,67.5999984741211,67.9000015258789,1254600.0,59.09233856201172
2014-08-05,67.91000366210938,66.94999694824219,67.80999755859375,67.20999908447266,1558000.0,58.49184799194336
2014-08-06,71.69000244140625,69.31999969482422,69.62000274658203,71.08000183105469,3551600.0,61.859867095947266
2014-08-07,71.5,69.55000305175781,71.48999786376953,69.69999694824219,1742300.0,60.658851623535156
2014-08-08,71.29000091552734,69.43000030517578,69.47000122070312,71.19000244140625,1317600.0,61.95558166503906
2014-08-11,72.2699966430664,71.2300033569336,71.2699966430664,71.91999816894531,1283400.0,62.590904235839844
2014-08-12,72.2699966430664,71.48999786376953,71.48999786376953,72.25,943700.0,62.878074645996094
2014-08-13,72.80000305175781,72.05999755859375,72.58000183105469,72.55000305175781,1466200.0,63.13916015625
2014-08-14,74.91999816894531,72.83999633789062,73.30000305175781,74.9000015258789,1674700.0,65.18434143066406
2014-08-15,75.47000122070312,74.2699966430664,74.77999877929688,74.86000061035156,1184600.0,65.14952087402344
2014-08-18,75.52999877929688,74.94999694824219,75.33999633789062,75.18000030517578,925500.0,65.42801666259766
2014-08-19,75.61000061035156,75.19000244140625,75.41999816894531,75.20999908447266,959400.0,65.4541244506836
2014-08-20,75.19999694824219,74.41999816894531,75.19999694824219,74.69000244140625,677400.0,65.0015869140625
2014-08-21,74.91000366210938,74.44000244140625,74.80999755859375,74.48999786376953,1058400.0,64.8275375366211
2014-08-22,74.62000274658203,73.91999816894531,74.47000122070312,74.0199966430664,913200.0,64.4184799194336
2014-08-25,74.69999694824219,74.27999877929688,74.63999938964844,74.58999633789062,616600.0,64.91453552246094
2014-08-26,74.91000366210938,74.08999633789062,74.58999633789062,74.12999725341797,728400.0,64.51420593261719
2014-08-27,74.06999969482422,73.5,74.02999877929688,73.6500015258789,873000.0,64.41802215576172
2014-08-28,73.80999755859375,73.31999969482422,73.52999877929688,73.62000274658203,609600.0,64.39176940917969
2014-08-29,73.98999786376953,73.43000030517578,73.70999908447266,73.94999694824219,734700.0,64.68041229248047
2014-09-02,74.16999816894531,72.94000244140625,74.16999816894531,73.11000061035156,985700.0,63.9456901550293
2014-09-03,73.69000244140625,72.87000274658203,73.23999786376953,73.0,998000.0,63.849491119384766
2014-09-04,73.44999694824219,72.08999633789062,73.19999694824219,72.23999786376953,1116200.0,63.18476104736328
2014-09-05,72.20999908447266,71.56999969482422,72.04000091552734,72.1500015258789,1528600.0,63.10603332519531
2014-09-08,72.36000061035156,71.18000030517578,71.91999816894531,71.81999969482422,1228000.0,62.81739807128906
2014-09-09,71.12999725341797,70.02999877929688,70.98999786376953,70.19000244140625,1644200.0,61.39170837402344
2014-09-10,70.81999969482422,70.11000061035156,70.16000366210938,70.69999694824219,1576000.0,61.837799072265625
2014-09-11,71.62999725341797,70.45999908447266,70.52999877929688,71.58000183105469,1506700.0,62.607460021972656
2014-09-12,72.26000213623047,71.01000213623047,71.41999816894531,71.80000305175781,3175500.0,62.79990768432617
2014-09-15,77.77999877929688,75.30999755859375,76.70999908447266,76.0,10515100.0,66.47343444824219
2014-09-16,77.66000366210938,74.95999908447266,76.5999984741211,77.45999908447266,3518100.0,67.75041198730469
2014-09-17,77.56999969482422,76.33999633789062,77.20999908447266,77.0,1704600.0,67.34810638427734
2014-09-18,77.29000091552734,76.5999984741211,77.22000122070312,76.88999938964844,1367100.0,67.25188446044922
2014-09-19,77.29000091552734,76.44999694824219,77.27999877929688,76.58000183105469,1445800.0,66.98072814941406
2014-09-22,76.61000061035156,75.87999725341797,76.27999877929688,76.38999938964844,940700.0,66.8145523071289
2014-09-23,76.16000366210938,75.43000030517578,75.5,75.61000061035156,1155000.0,66.13233947753906
2014-09-24,76.68000030517578,75.22000122070312,75.44000244140625,76.51000213623047,1048200.0,66.91952514648438
2014-09-25,76.30000305175781,74.86000061035156,76.02999877929688,74.87999725341797,978700.0,65.49381256103516
2014-09-26,74.83999633789062,73.52999877929688,74.83999633789062,74.06999969482422,1130200.0,64.78535461425781
2014-09-29,74.63999938964844,73.87999725341797,74.18000030517578,74.22000122070312,2254400.0,64.91655731201172
2014-09-30,74.9800033569336,73.9800033569336,74.05999755859375,74.44000244140625,1255400.0,65.10899353027344
2014-10-01,74.08999633789062,72.29000091552734,74.0,72.58000183105469,1550500.0,63.48213195800781
2014-10-02,72.80999755859375,71.72000122070312,72.3499984741211,72.37000274658203,1142800.0,63.29845428466797
2014-10-03,74.27999877929688,72.69000244140625,72.91999816894531,74.01000213623047,2904400.0,64.73289489746094
2014-10-06,74.38999938964844,73.13999938964844,74.27999877929688,73.63999938964844,1817400.0,64.40927124023438
2014-10-07,73.93000030517578,73.12000274658203,73.30999755859375,73.19000244140625,1321600.0,64.01566314697266
2014-10-08,75.33000183105469,72.91999816894531,73.30000305175781,75.26000213623047,1770900.0,65.82617950439453
2014-10-09,75.13999938964844,73.55000305175781,74.93000030517578,73.5999984741211,1691000.0,64.37427520751953
2014-10-10,74.5199966430664,73.0,73.72000122070312,73.2699966430664,1754000.0,64.08563232421875
2014-10-13,73.3499984741211,71.80000305175781,73.06999969482422,71.86000061035156,1654800.0,62.852386474609375
2014-10-14,72.33999633789062,71.12999725341797,72.0,71.44000244140625,1652600.0,62.48503112792969
2014-10-15,70.94000244140625,67.08999633789062,70.93000030517578,68.36000061035156,3911500.0,59.791099548339844
2014-10-16,68.3499984741211,66.16999816894531,66.47000122070312,68.0199966430664,3679900.0,59.49372482299805
2014-10-17,70.66000366210938,68.41000366210938,68.75,69.95999908447266,1966500.0,61.19053649902344
2014-10-20,70.41000366210938,69.47000122070312,69.5199966430664,70.2300033569336,1324600.0,61.426692962646484
2014-10-21,72.12999725341797,70.05000305175781,70.45999908447266,71.83999633789062,1638300.0,62.83490753173828
2014-10-22,71.97000122070312,70.66000366210938,71.51000213623047,70.68000030517578,1298200.0,61.820289611816406
2014-10-23,71.80999755859375,70.66000366210938,71.37000274658203,71.33999633789062,1465600.0,62.39755630493164
2014-10-24,73.30999755859375,71.04000091552734,71.73999786376953,73.2300033569336,1601900.0,64.05064392089844
2014-10-27,73.22000122070312,72.0199966430664,72.87000274658203,72.2699966430664,1148900.0,63.21099090576172
2014-10-28,73.5999984741211,72.26000213623047,72.47000122070312,73.5999984741211,964200.0,64.37427520751953
2014-10-29,74.16999816894531,72.44000244140625,73.88999938964844,72.9000015258789,1150200.0,63.762020111083984
2014-10-30,73.5999984741211,72.55000305175781,72.61000061035156,72.91999816894531,1077700.0,63.779518127441406
2014-10-31,74.47000122070312,72.91999816894531,73.69000244140625,74.37999725341797,1704600.0,65.05650329589844
2014-11-03,75.26000213623047,73.9000015258789,74.47000122070312,74.55000305175781,2276800.0,65.20519256591797
2014-11-04,75.31999969482422,73.95999908447266,74.58999633789062,74.29000091552734,1390000.0,64.977783203125
2014-11-05,75.22000122070312,74.0199966430664,75.22000122070312,74.16000366210938,1663000.0,64.86408233642578
2014-11-06,77.11000061035156,73.91999816894531,74.2300033569336,77.05000305175781,2289800.0,67.39181518554688
2014-11-07,77.87000274658203,76.66999816894531,77.0,77.18000030517578,1393400.0,67.50552368164062
2014-11-10,77.36000061035156,75.7699966430664,77.18000030517578,76.6500015258789,923100.0,67.04195404052734
2014-11-11,77.08999633789062,75.55999755859375,76.81999969482422,76.20999908447266,677200.0,66.65708923339844
2014-11-12,76.2699966430664,74.9000015258789,75.93000030517578,75.36000061035156,1135800.0,65.91366577148438
2014-11-13,76.66000366210938,75.36000061035156,75.8499984741211,76.05000305175781,1240800.0,66.51718139648438
2014-11-14,76.22000122070312,75.19999694824219,76.05999755859375,75.4800033569336,731100.0,66.01862335205078
2014-11-17,77.93000030517578,75.33000183105469,75.55000305175781,77.75,1884700.0,68.00408172607422
2014-11-18,77.8499984741211,76.30999755859375,77.75,76.33000183105469,1208100.0,66.7620620727539
2014-11-19,76.29000091552734,74.29000091552734,76.29000091552734,74.83999633789062,1823900.0,65.4588394165039
2014-11-20,75.62999725341797,74.4000015258789,74.62999725341797,75.05999755859375,939300.0,65.65126037597656
2014-11-21,76.12999725341797,75.16999816894531,75.91999816894531,75.61000061035156,1034600.0,66.13233947753906
2014-11-24,76.95999908447266,75.69000244140625,75.8499984741211,76.44999694824219,1452200.0,67.19586181640625
2014-11-25,76.94999694824219,76.01000213623047,76.43000030517578,76.66000366210938,995200.0,67.38043212890625
2014-11-26,76.8499984741211,76.19000244140625,76.8499984741211,76.5,608100.0,67.23981475830078
2014-11-28,77.61000061035156,76.45999908447266,76.63999938964844,77.3499984741211,435900.0,67.9869155883789
2014-12-01,76.98999786376953,75.33999633789062,76.9000015258789,75.8499984741211,1224800.0,66.66846466064453
2014-12-02,76.7300033569336,75.69999694824219,75.69999694824219,76.55000305175781,2258000.0,67.28376770019531
2014-12-03,76.30000305175781,73.16999816894531,76.30000305175781,73.69000244140625,4422100.0,64.76995849609375
2014-12-04,73.9800033569336,72.52999877929688,73.52999877929688,73.26000213623047,2154400.0,64.39199829101562
2014-12-05,75.02999877929688,73.0199966430664,73.5,74.91999816894531,1923300.0,65.85106658935547
2014-12-08,74.80000305175781,73.33000183105469,74.55000305175781,73.8499984741211,1199100.0,64.91059875488281
2014-12-09,73.62999725341797,72.69000244140625,73.08999633789062,73.5999984741211,687800.0,64.69084167480469
2014-12-10,73.83000183105469,73.0199966430664,73.44000244140625,73.37999725341797,1191800.0,64.49746704101562
2014-12-11,75.9000015258789,73.20999908447266,73.63999938964844,74.79000091552734,1467800.0,65.73677825927734
2014-12-12,74.44000244140625,72.2699966430664,73.94000244140625,72.37000274658203,1626800.0,63.60972595214844
2014-12-15,73.36000061035156,71.69999694824219,72.73999786376953,72.04000091552734,1167000.0,63.319679260253906
2014-12-16,72.75,70.94000244140625,71.66999816894531,70.97000122070312,1321700.0,62.37919998168945
2014-12-17,73.77999877929688,70.80999755859375,70.87000274658203,73.66000366210938,1536100.0,64.74358367919922
2014-12-18,76.6500015258789,74.51000213623047,74.62000274658203,76.6500015258789,1445500.0,67.37164306640625
2014-12-19,77.48999786376953,75.56999969482422,76.83999633789062,75.91000366210938,1899900.0,66.72122192382812
2014-12-22,76.37999725341797,75.5999984741211,76.0,76.0,636900.0,66.80033874511719
2014-12-23,76.94000244140625,75.61000061035156,76.5,76.80999755859375,709700.0,67.51227569580078
2014-12-24,76.91999816894531,75.56999969482422,76.7300033569336,76.25,372600.0,67.02006530761719
2014-12-26,76.6500015258789,75.87999725341797,76.33999633789062,75.91000366210938,683900.0,66.72122192382812
2014-12-29,76.6500015258789,75.2699966430664,75.7300033569336,76.08000183105469,453300.0,66.87063598632812
2014-12-30,76.0199966430664,74.87000274658203,75.66999816894531,74.9000015258789,499900.0,65.83348083496094
2014-12-31,75.33999633789062,74.44999694824219,75.26000213623047,74.5199966430664,608900.0,65.49948120117188
2015-01-02,74.88999938964844,72.94000244140625,74.63999938964844,73.86000061035156,811100.0,64.91937255859375
2015-01-05,74.22000122070312,73.27999877929688,73.38999938964844,73.41000366210938,1288400.0,64.52384185791016
2015-01-06,74.36000061035156,72.4000015258789,73.91000366210938,73.05999755859375,1358800.0,64.21619415283203
2015-01-07,75.54000091552734,73.94000244140625,74.0,75.4000015258789,1507700.0,66.27294158935547
2015-01-08,78.05000305175781,77.02999877929688,77.04000091552734,77.7300033569336,1810700.0,68.32090759277344
2015-01-09,78.80999755859375,77.44999694824219,78.0199966430664,77.58000183105469,1192800.0,68.1890640258789
2015-01-12,77.87000274658203,76.38999938964844,77.4000015258789,76.95999908447266,796800.0,67.64411926269531
2015-01-13,78.37000274658203,75.33999633789062,77.6500015258789,76.16999816894531,1234900.0,66.94976043701172
2015-01-14,75.38999938964844,74.4000015258789,74.7699966430664,74.9800033569336,1661500.0,65.9037857055664
2015-01-15,75.3499984741211,74.02999877929688,74.37999725341797,74.55999755859375,1679500.0,65.53462219238281
2015-01-16,75.16000366210938,73.8499984741211,74.19999694824219,75.05000305175781,1365500.0,65.96532440185547
2015-01-20,75.97000122070312,74.4000015258789,75.62999725341797,75.2300033569336,1060900.0,66.12353515625
2015-01-21,76.81999969482422,74.72000122070312,74.98999786376953,76.66000366210938,902800.0,67.38043212890625
2015-01-22,78.2300033569336,76.26000213623047,76.87999725341797,78.08999633789062,1067900.0,68.63733673095703
2015-01-23,78.51000213623047,77.7300033569336,78.0999984741211,78.08999633789062,998900.0,68.63733673095703
2015-01-26,78.63999938964844,77.4800033569336,77.62999725341797,78.18000030517578,1012900.0,68.71644592285156
2015-01-27,77.8499984741211,76.44000244140625,77.2699966430664,77.55000305175781,1263700.0,68.1626968383789
2015-01-28,78.91999816894531,77.0999984741211,77.81999969482422,77.20999908447266,1031000.0,67.86386108398438
2015-01-29,78.08000183105469,75.98999786376953,77.23999786376953,78.02999877929688,1353900.0,68.5845947265625
2015-01-30,77.5,75.80999755859375,77.22000122070312,75.93000030517578,1242800.0,66.73880767822266
2015-02-02,76.5199966430664,75.12999725341797,76.38999938964844,76.2300033569336,1161700.0,67.00247955322266
2015-02-03,77.87999725341797,76.44999694824219,76.73999786376953,77.83999633789062,1553300.0,68.4176025390625
2015-02-04,78.61000061035156,77.43000030517578,77.4800033569336,77.66999816894531,949900.0,68.2681884765625
2015-02-05,78.26000213623047,77.2699966430664,77.86000061035156,78.20999908447266,1509600.0,68.74281311035156
2015-02-06,78.33999633789062,77.05999755859375,78.19999694824219,77.16000366210938,925500.0,67.81990814208984
2015-02-09,76.95999908447266,76.01000213623047,76.95999908447266,76.33999633789062,1998300.0,67.09916687011719
2015-02-10,78.36000061035156,71.8499984741211,77.1500015258789,73.20999908447266,7330700.0,64.34805297851562
2015-02-11,73.8499984741211,72.6500015258789,72.91999816894531,73.0,2523700.0,64.1634750366211
2015-02-12,73.80999755859375,72.7699966430664,73.0,73.77999877929688,1443700.0,64.84905242919922
2015-02-13,73.7699966430664,72.23999786376953,73.58999633789062,72.81999969482422,1794600.0,64.00526428222656
2015-02-17,76.05000305175781,72.80000305175781,72.97000122070312,75.9000015258789,2289200.0,66.71243286132812
2015-02-18,76.44999694824219,74.98999786376953,75.6500015258789,76.26000213623047,1305200.0,67.02886962890625
2015-02-19,76.44999694824219,75.41999816894531,76.06999969482422,75.4800033569336,1421400.0,66.34326934814453
2015-02-20,76.86000061035156,74.62000274658203,75.04000091552734,76.62999725341797,1393700.0,67.35404968261719
2015-02-23,77.12000274658203,76.5199966430664,76.7699966430664,76.80000305175781,703000.0,67.50349426269531
2015-02-24,77.06999969482422,76.19999694824219,76.86000061035156,76.56999969482422,995500.0,67.30132293701172
2015-02-25,76.22000122070312,75.44000244140625,75.94000244140625,75.68000030517578,858900.0,66.87715911865234
2015-02-26,77.38999938964844,75.54000091552734,75.55000305175781,77.23999786376953,1256500.0,68.2557144165039
2015-02-27,77.5,75.72000122070312,77.11000061035156,75.88999938964844,1994600.0,67.0627212524414
2015-03-02,76.19999694824219,75.61000061035156,75.88999938964844,75.91000366210938,762400.0,67.08040618896484
2015-03-03,75.88999938964844,74.6500015258789,75.80999755859375,74.7300033569336,1296100.0,66.03765869140625
2015-03-04,74.97000122070312,74.27999877929688,74.27999877929688,74.30000305175781,1400400.0,65.65767669677734
2015-03-05,75.04000091552734,74.19000244140625,74.36000061035156,74.44000244140625,1354200.0,65.78141021728516
2015-03-06,74.5199966430664,73.37999725341797,74.0,74.2300033569336,1403000.0,65.59581756591797
2015-03-09,75.05999755859375,74.16000366210938,74.30999755859375,74.80999755859375,981100.0,66.10836791992188
2015-03-10,74.30999755859375,73.37000274658203,74.0,73.41999816894531,1032600.0,64.8800277709961
2015-03-11,73.83000183105469,73.22000122070312,73.51000213623047,73.68000030517578,1406000.0,65.10980987548828
2015-03-12,75.70999908447266,73.58999633789062,73.7300033569336,75.66999816894531,1268600.0,66.86833190917969
2015-03-13,75.69999694824219,74.5,75.62999725341797,75.05999755859375,2165500.0,66.32927703857422
2015-03-16,75.87999725341797,74.98999786376953,75.26000213623047,75.33999633789062,1570800.0,66.57670593261719
2015-03-17,75.05000305175781,73.62000274658203,74.8499984741211,73.80999755859375,1424100.0,65.22467041015625
2015-03-18,75.02999877929688,72.29000091552734,73.7699966430664,74.13999938964844,1866100.0,65.51628112792969
2015-03-19,74.13999938964844,72.7699966430664,74.02999877929688,73.1500015258789,1158700.0,64.64143371582031
2015-03-20,75.02999877929688,73.18000030517578,73.44999694824219,74.56999969482422,1379800.0,65.89627838134766
2015-03-23,74.87000274658203,73.70999908447266,74.8499984741211,73.73999786376953,1194300.0,65.16282653808594
2015-03-24,73.9800033569336,73.0,73.80999755859375,73.04000091552734,1264100.0,64.54424285888672
2015-03-25,73.16999816894531,71.87999725341797,73.16999816894531,72.0,2659500.0,63.62522506713867
2015-03-26,72.4000015258789,71.48999786376953,72.04000091552734,72.19000244140625,1204100.0,63.79310607910156
2015-03-27,73.55999755859375,71.93000030517578,72.05000305175781,73.26000213623047,2263900.0,64.73863983154297
2015-03-30,75.0,73.05999755859375,73.52999877929688,74.7300033569336,1185400.0,66.03765869140625
2015-03-31,75.04000091552734,73.69999694824219,74.4000015258789,74.44999694824219,1723100.0,65.79022979736328
2015-04-01,74.55000305175781,73.44000244140625,74.0199966430664,74.51000213623047,1562600.0,65.8432388305664
2015-04-02,75.48999786376953,74.30999755859375,74.58000183105469,75.4000015258789,1199600.0,66.62971496582031
2015-04-06,76.69999694824219,74.87999725341797,74.94000244140625,76.16000366210938,1808600.0,67.30133056640625
2015-04-07,78.36000061035156,76.1500015258789,76.1500015258789,78.23999786376953,2918500.0,69.13939666748047
2015-04-08,78.80999755859375,77.30000305175781,78.16000366210938,78.66999816894531,2750600.0,69.51937866210938
2015-04-09,79.18000030517578,77.61000061035156,78.66000366210938,77.91999816894531,2606600.0,68.85661315917969
2015-04-10,78.22000122070312,77.37000274658203,78.01000213623047,77.9000015258789,2123100.0,68.83893585205078
2015-04-13,78.02999877929688,76.62999725341797,77.98999786376953,76.62999725341797,1968000.0,67.7166519165039
2015-04-14,77.05999755859375,76.3499984741211,76.69000244140625,76.95999908447266,1692400.0,68.00828552246094
2015-04-15,77.4800033569336,76.7300033569336,77.2699966430664,76.87999725341797,1004500.0,67.93758392333984
2015-04-16,77.27999877929688,76.69999694824219,76.73999786376953,76.91000366210938,1584700.0,67.96410369873047
2015-04-17,77.26000213623047,76.37999725341797,76.43000030517578,76.97000122070312,1820400.0,68.0171127319336
2015-04-20,77.58999633789062,75.76000213623047,77.2699966430664,75.9800033569336,1968800.0,67.14226531982422
2015-04-21,76.56999969482422,75.70999908447266,76.0,75.93000030517578,1117400.0,67.09808349609375
2015-04-22,76.20999908447266,75.16999816894531,75.93000030517578,75.52999877929688,1068400.0,66.74462127685547
2015-04-23,75.69000244140625,75.02999877929688,75.44000244140625,75.12000274658203,872200.0,66.38229370117188
2015-04-24,75.51000213623047,74.54000091552734,75.4800033569336,75.12999725341797,966800.0,66.39112854003906
2015-04-27,75.41999816894531,74.55999755859375,75.41000366210938,74.5999984741211,1188000.0,65.92279815673828
2015-04-28,75.27999877929688,73.94999694824219,74.23999786376953,74.69999694824219,1223800.0,66.01114654541016
2015-04-29,74.69000244140625,73.63999938964844,74.16000366210938,74.06999969482422,1288600.0,65.45442962646484
2015-04-30,74.4800033569336,73.33000183105469,74.05000305175781,73.51000213623047,991000.0,64.95957946777344
2015-05-01,74.13999938964844,73.16999816894531,73.58999633789062,74.04000091552734,1053600.0,65.42792510986328
2015-05-04,74.26000213623047,73.47000122070312,74.0999984741211,73.6500015258789,906900.0,65.08330535888672
2015-05-05,73.68000030517578,72.7300033569336,73.5,72.91999816894531,1753900.0,64.43818664550781
2015-05-06,74.0,72.91000366210938,73.5,73.5199966430664,1715900.0,64.96841430664062
2015-05-07,75.08000183105469,71.5,73.16999816894531,74.0199966430664,4365900.0,65.41024780273438
2015-05-08,75.0,73.45999908447266,74.61000061035156,74.55000305175781,1987500.0,65.87859344482422
2015-05-11,75.48999786376953,74.11000061035156,74.3499984741211,74.93000030517578,2533800.0,66.21440124511719
2015-05-12,74.55000305175781,73.51000213623047,74.5,73.9800033569336,1216000.0,65.37488555908203
2015-05-13,74.91999816894531,73.7699966430664,73.97000122070312,74.62000274658203,2083000.0,65.94043731689453
2015-05-14,75.55999755859375,74.73999786376953,75.19000244140625,75.05000305175781,1872000.0,66.32044982910156
2015-05-15,75.19000244140625,74.7699966430664,75.05999755859375,75.0,1175100.0,66.27623748779297
2015-05-18,75.7699966430664,74.62000274658203,74.83000183105469,75.61000061035156,1213900.0,66.81532287597656
2015-05-19,76.30000305175781,75.43000030517578,75.87999725341797,75.69000244140625,1928600.0,66.8860092163086
2015-05-20,76.19000244140625,75.5,75.83000183105469,75.55000305175781,1463900.0,66.76226806640625
2015-05-21,75.72000122070312,74.93000030517578,75.36000061035156,75.06999969482422,1159100.0,66.33810424804688
2015-05-22,75.2300033569336,74.05000305175781,74.88999938964844,74.23999786376953,1299900.0,65.60465240478516
2015-05-26,74.31999969482422,73.52999877929688,74.08000183105469,73.6500015258789,1275100.0,65.08330535888672
2015-05-27,73.56999969482422,72.94000244140625,73.29000091552734,72.97000122070312,1534400.0,64.84335327148438
2015-05-28,74.7699966430664,73.83999633789062,73.95999908447266,74.54000091552734,1755000.0,66.2385025024414
2015-05-29,74.4000015258789,73.26000213623047,74.19000244140625,73.37999725341797,1377700.0,65.20768737792969
2015-06-01,73.8499984741211,72.83000183105469,73.31999969482422,73.08000183105469,1455100.0,64.94110107421875
2015-06-02,74.27999877929688,72.66999816894531,72.80999755859375,74.0199966430664,1715900.0,65.77640533447266
2015-06-03,74.83999633789062,73.9000015258789,74.1500015258789,74.76000213623047,1305300.0,66.43399810791016
2015-06-04,75.11000061035156,74.19999694824219,74.31999969482422,74.86000061035156,2078600.0,66.5228500366211
2015-06-05,75.12000274658203,71.62000274658203,74.70999908447266,72.61000061035156,5433600.0,64.52342987060547
2015-06-08,73.95999908447266,72.2300033569336,72.63999938964844,72.83999633789062,1812500.0,64.72783660888672
2015-06-09,73.12000274658203,71.98999786376953,72.94999694824219,72.45999908447266,1424000.0,64.39015197753906
2015-06-10,73.12999725341797,72.5,72.80999755859375,72.6500015258789,1118700.0,64.55899810791016
2015-06-11,72.83999633789062,72.43000030517578,72.80999755859375,72.72000122070312,912300.0,64.6211929321289
2015-06-12,72.83000183105469,72.3499984741211,72.5,72.7699966430664,909500.0,64.66563415527344
2015-06-15,72.6500015258789,71.27999877929688,72.41000366210938,71.4000015258789,2043400.0,63.448211669921875
2015-06-16,72.72000122070312,70.9000015258789,71.45999908447266,72.51000213623047,1440100.0,64.43457794189453
2015-06-17,73.11000061035156,72.23999786376953,72.5,72.97000122070312,1177400.0,64.84335327148438
2015-06-18,74.12000274658203,73.01000213623047,73.41000366210938,73.72000122070312,1168800.0,65.50984954833984
2015-06-19,73.66000366210938,73.0199966430664,73.43000030517578,73.18000030517578,1394300.0,65.02996826171875
2015-06-22,74.1500015258789,73.61000061035156,73.7699966430664,73.8499984741211,1125500.0,65.62535858154297
2015-06-23,73.58999633789062,72.22000122070312,72.70999908447266,72.2300033569336,2154500.0,64.18577575683594
2015-06-24,73.88999938964844,72.12999725341797,72.12999725341797,72.56999969482422,2284700.0,64.48789978027344
2015-06-25,72.80000305175781,72.08000183105469,72.52999877929688,72.16999816894531,1497900.0,64.13243865966797
2015-06-26,73.06999969482422,72.20999908447266,72.5999984741211,72.29000091552734,992300.0,64.23908996582031
2015-06-29,71.75,70.55000305175781,71.55999755859375,70.58999633789062,1254300.0,62.728397369384766
2015-06-30,71.47000122070312,69.69000244140625,71.25,69.80999755859375,1575900.0,62.0352783203125
2015-07-01,70.95999908447266,70.12999725341797,70.36000061035156,70.25,1181400.0,62.42628479003906
2015-07-02,70.37000274658203,69.51000213623047,70.04000091552734,70.05999755859375,1053900.0,62.2574462890625
2015-07-06,69.56999969482422,69.0,69.4000015258789,69.41999816894531,1705700.0,61.68870544433594
2015-07-07,70.3499984741211,68.5,69.38999938964844,70.16000366210938,1320000.0,62.34630584716797
2015-07-08,71.16999816894531,69.79000091552734,70.30000305175781,70.08999633789062,1869600.0,62.284088134765625
2015-07-09,71.70999908447266,70.66000366210938,71.16999816894531,71.19000244140625,1999100.0,63.2615852355957
2015-07-10,72.29000091552734,70.80999755859375,72.02999877929688,71.08999633789062,912900.0,63.172725677490234
2015-07-13,72.37999725341797,71.12999725341797,71.4000015258789,72.16999816894531,1679500.0,64.13243865966797
2015-07-14,72.22000122070312,71.4000015258789,72.22000122070312,71.63999938964844,1111800.0,63.66145706176758
2015-07-15,72.08000183105469,71.18000030517578,71.7699966430664,71.68000030517578,1075000.0,63.697025299072266
2015-07-16,72.37999725341797,71.91999816894531,72.19999694824219,72.18000030517578,784200.0,64.14134216308594
2015-07-17,72.18000030517578,71.33999633789062,71.80000305175781,71.6500015258789,1913200.0,63.67035675048828
2015-07-20,72.05000305175781,71.44000244140625,71.5999984741211,71.72000122070312,828900.0,63.73256301879883
2015-07-21,72.33999633789062,71.05000305175781,71.73999786376953,71.31999969482422,686400.0,63.37712097167969
2015-07-22,71.94000244140625,71.16999816894531,71.2699966430664,71.36000061035156,739700.0,63.41266632080078
2015-07-23,71.26000213623047,70.69999694824219,71.26000213623047,70.81999969482422,1164800.0,62.932804107666016
2015-07-24,71.01000213623047,69.68000030517578,70.86000061035156,70.0,715800.0,62.20411682128906
2015-07-27,69.70999908447266,68.56999969482422,69.5199966430664,69.54000091552734,1404100.0,61.79536437988281
2015-07-28,69.70999908447266,68.62999725341797,69.63999938964844,69.30999755859375,1337100.0,61.590972900390625
2015-07-29,70.19999694824219,69.0999984741211,69.58999633789062,70.04000091552734,2291600.0,62.610023498535156
2015-07-30,70.16999816894531,69.06999969482422,69.56999969482422,70.06999969482422,1197600.0,62.636837005615234
2015-07-31,71.20999908447266,69.87999725341797,70.19999694824219,71.13999938964844,1478000.0,63.59334182739258
2015-08-03,71.3499984741211,69.66999816894531,71.11000061035156,70.18000030517578,1653500.0,62.735164642333984
2015-08-04,70.25,69.47000122070312,70.20999908447266,69.58999633789062,1699600.0,62.2077751159668
2015-08-05,70.69999694824219,69.76000213623047,69.88999938964844,70.41000366210938,3451100.0,62.9407958984375
2015-08-06,74.0999984741211,71.81999969482422,72.30000305175781,73.76000213623047,3842000.0,65.93543243408203
2015-08-07,73.48999786376953,72.38999938964844,73.48999786376953,72.98999786376953,1695800.0,65.2470932006836
2015-08-10,73.63999938964844,72.48999786376953,73.43000030517578,72.75,1243800.0,65.03254699707031
2015-08-11,72.87999725341797,71.83000183105469,72.16000366210938,72.5199966430664,1555600.0,64.82696533203125
2015-08-12,72.41999816894531,71.69000244140625,71.95999908447266,72.2300033569336,1114900.0,64.5677261352539
2015-08-13,72.41000366210938,71.4800033569336,72.16999816894531,71.62000274658203,834300.0,64.02242279052734
2015-08-14,71.81999969482422,70.8499984741211,71.5199966430664,71.62999725341797,681300.0,64.03136444091797
2015-08-17,73.26000213623047,71.05999755859375,71.2699966430664,73.2300033569336,1830900.0,65.46162414550781
2015-08-18,74.33000183105469,73.12000274658203,73.16000366210938,73.2699966430664,1557800.0,65.49737548828125
2015-08-19,73.75,72.44999694824219,72.95999908447266,73.4000015258789,1709500.0,65.61360931396484
2015-08-20,72.83999633789062,71.9800033569336,72.7699966430664,71.98999786376953,1617300.0,64.35317993164062
2015-08-21,71.63999938964844,69.9800033569336,71.43000030517578,69.9800033569336,2143900.0,62.55641174316406
2015-08-24,68.0,63.90999984741211,66.5199966430664,66.4800033569336,5034500.0,59.42768859863281
2015-08-25,68.18000030517578,65.13999938964844,68.02999877929688,65.19000244140625,2716100.0,58.274539947509766
2015-08-26,66.80000305175781,64.62000274658203,66.5,66.68000030517578,2206200.0,59.606468200683594
2015-08-27,68.05000305175781,66.13999938964844,67.02999877929688,67.0999984741211,1596900.0,59.981903076171875
2015-08-28,67.38999938964844,66.6500015258789,66.83000183105469,67.13999938964844,1147300.0,60.01765823364258
2015-08-31,68.77999877929688,67.02999877929688,67.05000305175781,68.08999633789062,1813700.0,60.86689376831055
2015-09-01,67.31999969482422,66.01000213623047,66.83000183105469,66.30000305175781,1823300.0,59.26677703857422
2015-09-02,67.16999816894531,65.7699966430664,66.95999908447266,66.80000305175781,1347200.0,59.71372985839844
2015-09-03,67.93000030517578,66.72000122070312,66.87000274658203,66.95999908447266,1606300.0,59.85676574707031
2015-09-04,67.94999694824219,66.05999755859375,66.45999908447266,67.2699966430664,1596200.0,60.133888244628906
2015-09-08,69.41000366210938,68.0199966430664,68.25,69.29000091552734,2054600.0,61.939605712890625
2015-09-09,69.91000366210938,68.2699966430664,69.80000305175781,68.44000244140625,1461900.0,61.17975616455078
2015-09-10,69.75,68.05000305175781,68.48999786376953,69.26000213623047,1544900.0,61.91277313232422
2015-09-11,69.37999725341797,68.27999877929688,68.97000122070312,69.3499984741211,1507400.0,61.99324035644531
2015-09-14,69.55000305175781,68.8499984741211,69.3499984741211,69.08999633789062,1346900.0,61.76081848144531
2015-09-15,72.70999908447266,68.83000183105469,69.41999816894531,72.63999938964844,3844100.0,64.93423461914062
2015-09-16,83.30000305175781,80.30000305175781,80.69999694824219,82.9800033569336,20381700.0,74.17733001708984
2015-09-17,83.75,81.69999694824219,82.80000305175781,82.5999984741211,7079700.0,73.83763885498047
2015-09-18,84.5199966430664,81.5199966430664,81.5199966430664,84.37999725341797,7130500.0,75.42882537841797
2015-09-21,85.79000091552734,83.38999938964844,85.76000213623047,83.66999816894531,3932100.0,74.79413604736328
2015-09-22,83.41000366210938,81.30000305175781,82.80999755859375,82.88999938964844,3324000.0,74.09687042236328
2015-09-23,83.45999908447266,82.61000061035156,82.94999694824219,82.79000091552734,3151000.0,74.00750732421875
2015-09-24,82.6500015258789,80.80000305175781,82.23999786376953,81.11000061035156,3224600.0,72.50572204589844
2015-09-25,82.83000183105469,81.62999725341797,81.69999694824219,82.30000305175781,2112600.0,73.56946563720703
2015-09-28,84.56999969482422,82.01000213623047,82.5,82.38999938964844,4958100.0,73.6499252319336
2015-09-29,83.3499984741211,80.16000366210938,82.58000183105469,82.0,5460000.0,73.3012924194336
2015-09-30,83.87000274658203,81.79000091552734,83.04000091552734,83.0199966430664,2535200.0,74.21308898925781
2015-10-01,83.81999969482422,82.55999755859375,83.0199966430664,83.23999786376953,2271100.0,74.40975189208984
2015-10-02,83.86000061035156,81.98999786376953,82.45999908447266,83.83999633789062,2256900.0,74.94609069824219
2015-10-05,85.05000305175781,83.8499984741211,84.4000015258789,84.26000213623047,2669200.0,75.32156372070312
2015-10-06,82.83999633789062,80.94999694824219,82.2300033569336,80.98999786376953,4301800.0,72.39844512939453
2015-10-07,82.2699966430664,79.45999908447266,81.5,82.20999908447266,4049200.0,73.489013671875
2015-10-08,82.68000030517578,80.12999725341797,81.9800033569336,82.0,3751700.0,73.3012924194336
2015-10-09,82.41999816894531,81.37000274658203,81.91999816894531,81.61000061035156,3787600.0,72.95268249511719
2015-10-12,82.87000274658203,78.16999816894531,82.5,78.75,5811500.0,70.39606475830078
2015-10-13,89.0,85.72000122070312,86.73999786376953,86.58000183105469,14511800.0,77.39543914794922
2015-10-14,86.9800033569336,85.41999816894531,86.80000305175781,86.0,3207800.0,76.8769760131836
2015-10-15,87.94999694824219,86.02999877929688,86.41000366210938,87.76000213623047,3588500.0,78.45027923583984
2015-10-16,88.41000366210938,87.30999755859375,88.02999877929688,88.30000305175781,2705500.0,78.93299102783203
2015-10-19,88.80000305175781,87.87000274658203,88.27999877929688,88.12999725341797,2058800.0,78.78102111816406
2015-10-20,88.69000244140625,87.58000183105469,88.12999725341797,88.5,1694900.0,79.11176300048828
2015-10-21,88.88999938964844,87.6500015258789,88.5999984741211,87.91000366210938,1414500.0,78.58435821533203
2015-10-22,88.7699966430664,87.80000305175781,88.04000091552734,88.06999969482422,1704100.0,78.7273941040039
2015-10-23,88.69000244140625,87.52999877929688,88.69000244140625,88.4800033569336,1803600.0,79.09391021728516
2015-10-26,88.68000030517578,87.55999755859375,88.27999877929688,88.23999786376953,1007500.0,78.87934112548828
2015-10-27,88.06999969482422,86.27999877929688,87.88999938964844,86.70999908447266,1659500.0,77.51165771484375
2015-10-28,88.31999969482422,86.83999633789062,86.83999633789062,87.97000122070312,1928900.0,78.63799285888672
2015-10-29,88.48999786376953,87.12999725341797,87.97000122070312,87.48999786376953,1118700.0,78.20890808105469
2015-10-30,88.63999938964844,87.12000274658203,87.94999694824219,88.0999984741211,1328800.0,78.75420379638672
2015-11-02,88.83000183105469,87.66999816894531,88.06999969482422,88.70999908447266,1317700.0,79.29949188232422
2015-11-03,88.63999938964844,87.45999908447266,88.25,87.9000015258789,2545500.0,78.57540893554688
2015-11-04,88.19999694824219,86.66000366210938,87.9000015258789,87.41999816894531,1889600.0,78.14635467529297
2015-11-05,88.4800033569336,86.12000274658203,87.27999877929688,87.81999969482422,1243700.0,78.50391387939453
2015-11-06,87.91000366210938,86.0,87.33000183105469,87.56999969482422,1423600.0,78.28041076660156
2015-11-09,87.69999694824219,86.51000213623047,87.41000366210938,87.36000061035156,1897600.0,78.09269714355469
2015-11-10,90.58999633789062,86.66000366210938,87.31999969482422,88.30999755859375,5595400.0,78.94192504882812
2015-11-11,93.3499984741211,87.19999694824219,88.1500015258789,92.19000244140625,10523400.0,82.41031646728516
2015-11-12,94.62999725341797,91.44999694824219,91.86000061035156,92.12000274658203,5049200.0,82.3477554321289
2015-11-13,94.26000213623047,91.51000213623047,91.61000061035156,93.80999755859375,3859000.0,83.85846710205078
2015-11-16,95.16000366210938,92.91000366210938,94.31999969482422,93.87999725341797,2882600.0,83.92102813720703
2015-11-17,95.48999786376953,93.87999725341797,94.3499984741211,95.12999725341797,2437100.0,85.0384292602539
2015-11-18,95.73999786376953,93.31999969482422,95.36000061035156,94.08999633789062,1968500.0,84.10877227783203
2015-11-19,94.41000366210938,93.12999725341797,94.41000366210938,93.87999725341797,2248900.0,83.92102813720703
2015-11-20,94.51000213623047,92.38999938964844,94.36000061035156,92.5,2214700.0,82.68744659423828
2015-11-23,93.41000366210938,91.98999786376953,93.1500015258789,92.25,2020500.0,82.46395874023438
2015-11-24,92.66000366210938,91.62000274658203,92.20999908447266,92.11000061035156,1818200.0,82.33880615234375
2015-11-25,92.97000122070312,92.02999877929688,92.23999786376953,92.5,2367700.0,83.05714416503906
2015-11-27,93.72000122070312,92.29000091552734,92.7699966430664,93.37000274658203,659200.0,83.83833312988281
2015-11-30,94.1500015258789,91.94999694824219,93.37999725341797,92.02999877929688,1644500.0,82.63512420654297
2015-12-01,93.54000091552734,92.2699966430664,92.33999633789062,93.16999816894531,1193200.0,83.65875244140625
2015-12-02,93.33000183105469,92.37000274658203,93.0,92.75,1235300.0,83.28162384033203
2015-12-03,93.19000244140625,91.41000366210938,92.69999694824219,91.95999908447266,2261700.0,82.57227325439453
2015-12-04,95.51000213623047,91.98999786376953,92.0,95.13999938964844,2537900.0,85.42764282226562
2015-12-07,95.23999786376953,94.23999786376953,95.22000122070312,94.75,1278400.0,85.07746124267578
2015-12-08,94.80999755859375,92.75,94.27999877929688,94.58999633789062,2175800.0,84.93378448486328
2015-12-09,95.12999725341797,93.23999786376953,94.20999908447266,93.72000122070312,1132800.0,84.15259552001953
2015-12-10,94.18000030517578,93.0,93.5999984741211,93.38999938964844,1096600.0,83.85628509521484
2015-12-11,93.93000030517578,92.01000213623047,92.22000122070312,92.68000030517578,2142100.0,83.21878051757812
2015-12-14,93.1500015258789,90.93000030517578,92.55000305175781,91.91000366210938,1948800.0,82.5273666381836
2015-12-15,94.38999938964844,92.19000244140625,92.75,93.72000122070312,1955900.0,84.15259552001953
2015-12-16,94.55000305175781,92.55999755859375,94.0199966430664,94.16000366210938,1922000.0,84.54768371582031
2015-12-17,95.12999725341797,93.26000213623047,94.16999816894531,93.72000122070312,1042900.0,84.15259552001953
2015-12-18,93.62000274658203,92.5,93.27999877929688,92.55000305175781,1866800.0,83.10204315185547
2015-12-21,93.41000366210938,92.29000091552734,93.38999938964844,92.7300033569336,1240800.0,83.26366424560547
2015-12-22,93.51000213623047,92.19000244140625,93.06999969482422,93.13999938964844,1247100.0,83.6318130493164
2015-12-23,93.9800033569336,92.91000366210938,93.41999816894531,93.95999908447266,903200.0,84.36810302734375
2015-12-24,94.41000366210938,93.76000213623047,94.05000305175781,93.9800033569336,454800.0,84.38604736328125
2015-12-28,93.54000091552734,92.77999877929688,93.54000091552734,93.44000244140625,686900.0,83.90119171142578
2015-12-29,95.04000091552734,93.7699966430664,93.98999786376953,94.88999938964844,912400.0,85.20316314697266
2015-12-30,95.02999877929688,94.19000244140625,95.0199966430664,94.54000091552734,808100.0,84.88890075683594
2015-12-31,94.63999938964844,93.8499984741211,94.19999694824219,93.91999816894531,758800.0,84.3321762084961
2016-01-04,92.97000122070312,91.43000030517578,92.97000122070312,92.29000091552734,2293700.0,82.86858367919922
2016-01-05,93.0999984741211,91.58000183105469,92.54000091552734,92.63999938964844,1824300.0,83.18287658691406
2016-01-06,91.83000183105469,90.36000061035156,91.62000274658203,90.80000305175781,2187700.0,81.53068542480469
2016-01-07,91.5199966430664,89.80000305175781,89.91999816894531,90.3499984741211,2491300.0,81.12664031982422
2016-01-08,90.87000274658203,88.97000122070312,90.45999908447266,89.22000122070312,1675800.0,80.11199188232422
2016-01-11,90.12000274658203,87.86000061035156,89.41999816894531,88.47000122070312,1810400.0,79.43854522705078
2016-01-12,89.69999694824219,88.5199966430664,89.08000183105469,89.58000183105469,2248900.0,80.43524932861328
2016-01-13,89.94999694824219,87.41000366210938,89.66999816894531,87.58999633789062,2380200.0,78.64836883544922
2016-01-14,88.48999786376953,84.73999786376953,87.6500015258789,86.73999786376953,4253600.0,77.8851547241211
2016-01-15,86.29000091552734,83.83000183105469,85.1500015258789,86.02999877929688,3435200.0,77.24761962890625
2016-01-19,87.66999816894531,86.02999877929688,87.02999877929688,87.19999694824219,2154100.0,78.2981948852539
2016-01-20,86.98999786376953,85.30999755859375,86.41000366210938,86.2699966430664,3143800.0,77.46312713623047
2016-01-21,87.62999725341797,86.04000091552734,87.45999908447266,86.56999969482422,2463300.0,77.73251342773438
2016-01-22,90.0999984741211,87.86000061035156,87.91000366210938,88.9000015258789,1701900.0,79.82465362548828
2016-01-25,88.80000305175781,87.48999786376953,88.5199966430664,87.5999984741211,1396200.0,78.65735626220703
2016-01-26,88.73999786376953,86.93000030517578,87.7699966430664,87.76000213623047,2159200.0,78.80103302001953
2016-01-27,89.43000030517578,84.4000015258789,85.16000366210938,87.75,3755200.0,78.79203796386719
2016-01-28,89.55999755859375,87.80000305175781,88.13999938964844,88.44999694824219,2743900.0,79.42058563232422
2016-01-29,90.97000122070312,88.05000305175781,88.47000122070312,90.4800033569336,20928900.0,81.24335479736328
2016-02-01,92.41000366210938,90.08000183105469,90.5,91.91000366210938,4963900.0,82.5273666381836
2016-02-02,91.63999938964844,90.58999633789062,91.45999908447266,91.55000305175781,2676700.0,82.20413208007812
2016-02-03,91.9000015258789,88.94000244140625,91.83999633789062,89.97000122070312,2231600.0,80.78543090820312
2016-02-04,89.95999908447266,86.88999938964844,89.95999908447266,87.62999725341797,3074000.0,78.68429565429688
2016-02-05,87.7300033569336,86.08000183105469,87.33000183105469,86.94999694824219,2917100.0,78.07371520996094
2016-02-08,86.18000030517578,83.80000305175781,86.0,83.9000015258789,5427800.0,75.33507537841797
2016-02-09,85.30000305175781,83.02999877929688,83.62999725341797,83.87000274658203,3343800.0,75.30815124511719
2016-02-10,85.23999786376953,84.08000183105469,84.52999877929688,84.18000030517578,1869500.0,75.58648681640625
2016-02-11,84.19999694824219,80.77999877929688,82.7699966430664,83.62999725341797,2993200.0,75.09263610839844
2016-02-12,84.63999938964844,83.30000305175781,83.5,84.13999938964844,2057000.0,75.55056762695312
2016-02-16,85.29000091552734,83.45999908447266,85.27999877929688,84.66000366210938,2386900.0,76.01750946044922
2016-02-17,86.5199966430664,84.7300033569336,85.27999877929688,86.23999786376953,1963300.0,77.43619537353516
2016-02-18,86.0999984741211,84.66000366210938,86.0,84.7300033569336,2149300.0,76.08035278320312
2016-02-19,85.5999984741211,84.23999786376953,84.7300033569336,85.55000305175781,1383600.0,76.816650390625
2016-02-22,86.98999786376953,85.55000305175781,85.55000305175781,86.83000183105469,1506500.0,77.96597290039062
2016-02-23,87.41999816894531,85.2300033569336,86.43000030517578,85.5999984741211,1700000.0,76.86151885986328
2016-02-24,86.26000213623047,84.63999938964844,85.13999938964844,86.13999938964844,1207100.0,77.34642791748047
2016-02-25,86.6500015258789,85.19000244140625,85.80000305175781,86.62999725341797,1068300.0,77.78638458251953
2016-02-26,86.87999725341797,85.02999877929688,86.61000061035156,85.19000244140625,1225500.0,76.4933853149414
2016-02-29,86.44000244140625,84.94000244140625,85.1500015258789,85.2699966430664,2843000.0,76.5652084350586
2016-03-01,86.97000122070312,85.58999633789062,86.08999633789062,86.54000091552734,1302800.0,77.70558166503906
2016-03-02,86.66000366210938,85.43000030517578,86.1500015258789,86.62999725341797,1487300.0,77.78638458251953
2016-03-03,88.54000091552734,86.12000274658203,86.4000015258789,88.54000091552734,1812900.0,79.87944793701172
2016-03-04,90.3499984741211,88.80999755859375,88.98999786376953,90.22000122070312,2076600.0,81.3951187133789
2016-03-07,90.6500015258789,89.01000213623047,89.94999694824219,89.33000183105469,1516100.0,80.59220123291016
2016-03-08,89.16000366210938,88.02999877929688,88.80000305175781,88.4000015258789,969100.0,79.75313568115234
2016-03-09,90.52999877929688,88.23999786376953,88.5999984741211,90.37999725341797,1395100.0,81.53947448730469
2016-03-10,91.91999816894531,90.33000183105469,90.77999877929688,91.80999755859375,1685600.0,82.82958221435547
2016-03-11,92.76000213623047,91.12000274658203,91.98999786376953,92.45999908447266,1975900.0,83.41602325439453
2016-03-14,92.69999694824219,90.33000183105469,92.16999816894531,92.5,1330600.0,83.45211029052734
2016-03-15,92.94999694824219,92.01000213623047,92.3499984741211,92.80000305175781,1090500.0,83.72277069091797
2016-03-16,93.37999725341797,91.9000015258789,92.25,93.19000244140625,1255700.0,84.07461547851562
2016-03-17,94.61000061035156,93.37000274658203,93.37000274658203,94.43000030517578,1163700.0,85.19331359863281
2016-03-18,94.48999786376953,93.12000274658203,94.43000030517578,93.45999908447266,2440900.0,84.31820678710938
2016-03-21,93.76000213623047,92.61000061035156,93.70999908447266,93.5199966430664,1128000.0,84.3723373413086
2016-03-22,94.91999816894531,93.08000183105469,93.55999755859375,94.83000183105469,1414700.0,85.5541763305664
2016-03-23,95.70999908447266,94.31999969482422,94.83000183105469,95.5199966430664,1690500.0,86.17670440673828
2016-03-24,95.31999969482422,94.55999755859375,94.62999725341797,95.30999755859375,1228500.0,85.98724365234375
2016-03-28,96.19999694824219,94.94000244140625,95.30000305175781,95.4000015258789,1005000.0,86.06844329833984
2016-03-29,96.12000274658203,94.87999725341797,95.05000305175781,96.11000061035156,1210100.0,86.70899963378906
2016-03-30,97.0,95.91000366210938,96.75,96.06999969482422,908500.0,86.67291259765625
2016-03-31,96.94000244140625,95.5999984741211,95.9000015258789,96.18000030517578,1530100.0,86.77214050292969
2016-04-01,97.02999877929688,95.29000091552734,95.45999908447266,96.94999694824219,1339600.0,87.46681213378906
2016-04-04,97.25,95.68000030517578,96.70999908447266,96.01000213623047,1400300.0,86.61878967285156
2016-04-05,95.25,93.55000305175781,95.12000274658203,93.9800033569336,1494500.0,84.78733825683594
2016-04-06,94.30000305175781,93.0,94.06999969482422,93.98999786376953,1651400.0,84.79635620117188
2016-04-07,93.25,91.87999725341797,92.91000366210938,92.30000305175781,1400600.0,83.27166748046875
2016-04-08,93.23999786376953,91.16999816894531,91.44000244140625,93.12000274658203,1827700.0,84.01146697998047
2016-04-11,93.9000015258789,92.75,93.4000015258789,92.8499984741211,972400.0,83.76787567138672
2016-04-12,93.37000274658203,92.3499984741211,92.7300033569336,92.87000274658203,1324200.0,83.78591918945312
2016-04-13,93.44000244140625,92.5199966430664,93.33000183105469,92.91999816894531,1001200.0,83.8310317993164
2016-04-14,96.41000366210938,92.45999908447266,92.83999633789062,95.7300033569336,2900600.0,86.36618041992188
2016-04-15,96.91999816894531,95.25,96.0,96.87999725341797,1807900.0,87.40367889404297
2016-04-18,96.93000030517578,96.0,96.4800033569336,96.68000030517578,941300.0,87.2232437133789
2016-04-19,98.2699966430664,96.69999694824219,97.1500015258789,97.75,1466200.0,88.18858337402344
2016-04-20,97.6500015258789,96.55000305175781,97.43000030517578,96.77999877929688,867800.0,87.31344604492188
2016-04-21,96.5999984741211,95.12000274658203,96.33999633789062,95.5199966430664,1218400.0,86.17670440673828
2016-04-22,95.75,94.0999984741211,95.0999984741211,95.62999725341797,1012200.0,86.27593994140625
2016-04-25,96.5,94.93000030517578,95.62999725341797,96.44000244140625,985600.0,87.00670623779297
2016-04-26,96.83999633789062,95.7699966430664,96.83999633789062,96.0,979900.0,86.60975646972656
2016-04-27,96.63999938964844,95.0,96.12000274658203,95.80999755859375,1176300.0,86.43834686279297
2016-04-28,95.97000122070312,94.94000244140625,95.0199966430664,95.66999816894531,1170600.0,86.31202697753906
2016-04-29,96.5999984741211,95.0199966430664,95.48999786376953,95.62999725341797,1375300.0,86.27593994140625
2016-05-02,97.13999938964844,95.3499984741211,95.55999755859375,96.7699966430664,2070100.0,87.304443359375
2016-05-03,99.44999694824219,96.05000305175781,96.7699966430664,98.30999755859375,2772100.0,88.69380950927734
2016-05-04,98.87999725341797,96.80000305175781,97.7699966430664,98.16999816894531,1595600.0,88.56748962402344
2016-05-05,98.70999908447266,97.88999938964844,98.38999938964844,98.47000122070312,1024300.0,88.83814239501953
2016-05-06,98.52999877929688,97.33999633789062,98.41000366210938,98.30000305175781,683100.0,88.68476867675781
2016-05-09,99.48999786376953,98.2699966430664,98.37999725341797,99.12999725341797,993000.0,89.43360900878906
2016-05-10,100.27999877929688,98.8499984741211,99.33999633789062,99.94000244140625,1029000.0,90.16436767578125
2016-05-11,100.44999694824219,99.25,100.0199966430664,99.48999786376953,688300.0,89.75838470458984
2016-05-12,100.0999984741211,98.87999725341797,100.0999984741211,99.7300033569336,901600.0,89.97489929199219
2016-05-13,99.8499984741211,98.4000015258789,99.66999816894531,98.76000213623047,936600.0,89.09977722167969
2016-05-16,100.2300033569336,98.79000091552734,98.97000122070312,99.80999755859375,752200.0,90.04708099365234
2016-05-17,100.04000091552734,97.8499984741211,99.66000366210938,98.22000122070312,1344300.0,88.61259460449219
2016-05-18,98.05000305175781,96.41999816894531,97.91999816894531,96.70999908447266,1862200.0,87.25030517578125
2016-05-19,97.56999969482422,96.0,96.70999908447266,97.48999786376953,859000.0,87.95402526855469
2016-05-20,97.86000061035156,96.4000015258789,97.86000061035156,96.72000122070312,1258400.0,87.25933074951172
2016-05-23,97.45999908447266,96.16999816894531,96.63999938964844,97.22000122070312,679900.0,87.7104263305664
2016-05-24,99.41000366210938,97.45999908447266,97.79000091552734,99.16999816894531,1022500.0,89.46968078613281
2016-05-25,100.16000366210938,97.91000366210938,99.19000244140625,99.43000030517578,878300.0,89.7042465209961
2016-05-26,100.11000061035156,98.76000213623047,99.31999969482422,99.36000061035156,712300.0,89.6410903930664
2016-05-27,100.62000274658203,99.04000091552734,99.41999816894531,100.19999694824219,1006700.0,90.39893341064453
2016-05-31,100.4800033569336,98.7699966430664,100.30999755859375,99.18000030517578,1529500.0,89.47870635986328
2016-06-01,102.18000030517578,99.18000030517578,99.18000030517578,102.16999816894531,2411200.0,92.17622375488281
2016-06-02,101.97000122070312,100.94000244140625,101.81999969482422,101.94000244140625,902400.0,92.33928680419922
2016-06-03,102.5999984741211,101.41999816894531,101.41999816894531,102.47000122070312,829700.0,92.8193588256836
2016-06-06,103.06999969482422,102.12999725341797,102.7699966430664,102.95999908447266,631700.0,93.26322937011719
2016-06-07,103.06999969482422,101.41999816894531,103.02999877929688,101.70999908447266,1575900.0,92.13095092773438
2016-06-08,103.75,101.69000244140625,101.69000244140625,103.5999984741211,1551000.0,93.84294891357422
2016-06-09,103.63999938964844,102.4800033569336,102.8499984741211,103.37999725341797,1438700.0,93.64366912841797
2016-06-10,104.1500015258789,102.66000366210938,102.9000015258789,103.69000244140625,2208200.0,93.92446899414062
2016-06-13,104.12000274658203,101.5,103.22000122070312,101.58000183105469,2111200.0,92.01317596435547
2016-06-14,101.5199966430664,99.19999694824219,101.30000305175781,100.55000305175781,1964200.0,91.08019256591797
2016-06-15,101.23999786376953,100.01000213623047,100.9000015258789,100.18000030517578,1386400.0,90.74504089355469
2016-06-16,100.94000244140625,99.43000030517578,99.81999969482422,100.83999633789062,996700.0,91.34288024902344
2016-06-17,101.16999816894531,99.86000061035156,101.08000183105469,100.30999755859375,1474900.0,90.86280059814453
2016-06-20,102.12999725341797,101.05000305175781,101.70999908447266,101.05000305175781,1068200.0,91.5331039428711
2016-06-21,102.23999786376953,101.0999984741211,101.1500015258789,102.06999969482422,926200.0,92.45704650878906
2016-06-22,102.69999694824219,101.41000366210938,102.38999938964844,101.51000213623047,764100.0,91.94977569580078
2016-06-23,102.70999908447266,101.66000366210938,102.3499984741211,101.94999694824219,773800.0,92.34834289550781
2016-06-24,99.5199966430664,97.30000305175781,98.54000091552734,98.08000183105469,3631900.0,88.84281921386719
2016-06-27,98.05999755859375,95.56999969482422,97.47000122070312,96.18000030517578,2195700.0,87.12175750732422
2016-06-28,98.58000183105469,95.69999694824219,97.3499984741211,96.63999938964844,2374100.0,87.53844451904297
2016-06-29,99.04000091552734,96.80000305175781,97.58000183105469,98.44000244140625,2764100.0,89.16891479492188
2016-06-30,102.30999755859375,98.55999755859375,99.19999694824219,101.12999725341797,2938300.0,91.6055679321289
2016-07-01,102.16000366210938,100.61000061035156,101.7300033569336,100.73999786376953,1066600.0,91.25228881835938
2016-07-05,101.08999633789062,100.2699966430664,100.97000122070312,100.44000244140625,997500.0,90.98055267333984
2016-07-06,101.52999877929688,99.0999984741211,99.80000305175781,101.2699966430664,1416200.0,91.73237609863281
2016-07-07,101.51000213623047,99.62000274658203,101.08999633789062,99.8499984741211,1153200.0,90.44612884521484
2016-07-08,102.66000366210938,100.41000366210938,101.22000122070312,102.55999755859375,1566200.0,92.90088653564453
2016-07-11,102.54000091552734,101.4800033569336,102.45999908447266,101.62000274658203,1186700.0,92.04942321777344
2016-07-12,102.06999969482422,100.94000244140625,101.62000274658203,101.4000015258789,1417200.0,91.85013580322266
2016-07-13,102.1500015258789,101.1500015258789,102.01000213623047,101.19999694824219,1486000.0,91.66896057128906
2016-07-14,101.72000122070312,98.5999984741211,101.33999633789062,98.76000213623047,2854000.0,89.45877075195312
2016-07-15,99.4000015258789,97.47000122070312,98.95999908447266,98.52999877929688,3047900.0,89.25044250488281
2016-07-18,99.20999908447266,97.51000213623047,98.61000061035156,99.11000061035156,1828900.0,89.77581787109375
2016-07-19,99.04000091552734,97.95999908447266,98.80000305175781,98.02999877929688,1864700.0,88.79753875732422
2016-07-20,101.29000091552734,97.12000274658203,98.3499984741211,100.80000305175781,4759900.0,91.30664825439453
2016-07-21,100.7699966430664,99.5999984741211,100.37000274658203,100.12999725341797,1632800.0,90.69974517822266
2016-07-22,102.23999786376953,100.37999725341797,100.43000030517578,101.66999816894531,1647300.0,92.0947265625
2016-07-25,101.91999816894531,100.83999633789062,101.87000274658203,101.16999816894531,1397900.0,91.64179992675781
2016-07-26,100.63999938964844,98.02999877929688,100.5,98.11000061035156,3368800.0,88.87000274658203
2016-07-27,97.62000274658203,89.4000015258789,97.61000061035156,93.12999725341797,16847700.0,84.3590087890625
2016-07-28,98.72000122070312,93.31999969482422,93.31999969482422,97.75,8861900.0,88.54390716552734
2016-07-29,103.83999633789062,99.23999786376953,99.30000305175781,102.16000366210938,10798700.0,92.53856658935547
2016-08-01,102.16000366210938,100.4000015258789,102.16000366210938,100.8499984741211,2623900.0,91.3519287109375
2016-08-02,102.12000274658203,99.58999633789062,100.94999694824219,100.79000091552734,2675900.0,91.29759216308594
2016-08-03,100.62999725341797,99.04000091552734,100.43000030517578,99.6500015258789,1423000.0,90.26496124267578
2016-08-04,100.7699966430664,99.51000213623047,100.01000213623047,99.9000015258789,1320700.0,90.49142456054688
2016-08-05,100.63999938964844,98.80000305175781,99.9000015258789,99.06999969482422,1394500.0,89.73959350585938
2016-08-08,99.33000183105469,98.25,99.33000183105469,98.98999786376953,964700.0,89.66712951660156
2016-08-09,100.01000213623047,98.68000030517578,99.22000122070312,99.38999938964844,1341700.0,90.02945709228516
2016-08-10,99.94000244140625,99.0,99.80999755859375,99.58999633789062,989800.0,90.21060180664062
2016-08-11,100.08000183105469,99.43000030517578,99.94000244140625,99.56999969482422,1116300.0,90.1924819946289
2016-08-12,100.19000244140625,98.87000274658203,99.33999633789062,99.79000091552734,791000.0,90.39176940917969
2016-08-15,100.16999816894531,98.93000030517578,99.86000061035156,98.94999694824219,1633300.0,89.6308822631836
2016-08-16,99.41999816894531,98.30999755859375,98.76000213623047,98.91999816894531,1101600.0,89.60371398925781
2016-08-17,99.55000305175781,98.23999786376953,99.02999877929688,99.12000274658203,1570800.0,89.78486633300781
2016-08-18,99.5199966430664,98.44000244140625,99.29000091552734,99.0,1500900.0,89.67617797851562
2016-08-19,99.52999877929688,98.44999694824219,98.68000030517578,99.33999633789062,1743300.0,89.9841537475586
2016-08-22,100.06999969482422,98.75,99.29000091552734,99.75,1554700.0,90.35554504394531
2016-08-23,100.43000030517578,99.45999908447266,99.86000061035156,100.12999725341797,1218600.0,90.69974517822266
2016-08-24,101.12999725341797,100.1500015258789,100.1500015258789,100.6500015258789,1228000.0,91.17076873779297
2016-08-25,101.38999938964844,100.3499984741211,100.6500015258789,101.01000213623047,1313300.0,91.49687194824219
2016-08-26,102.87999725341797,101.33000183105469,101.45999908447266,101.87999725341797,1426900.0,92.28495025634766
2016-08-29,103.41000366210938,101.43000030517578,101.43000030517578,103.33000183105469,1655300.0,93.9765625
2016-08-30,103.41000366210938,102.33000183105469,103.41000366210938,103.11000061035156,1411700.0,93.77649688720703
2016-08-31,103.3499984741211,101.77999877929688,103.23999786376953,102.31999969482422,1246600.0,93.05799102783203
2016-09-01,102.68000030517578,101.54000091552734,102.08999633789062,102.47000122070312,1189300.0,93.19440460205078
2016-09-02,104.44999694824219,102.72000122070312,102.73999786376953,104.20999908447266,1439200.0,94.77690124511719
2016-09-06,106.6500015258789,104.12000274658203,104.13999938964844,106.61000061035156,2023900.0,96.95965576171875
2016-09-07,107.55000305175781,105.77999877929688,106.2300033569336,105.93000030517578,1651600.0,96.34121704101562
2016-09-08,106.0,104.2300033569336,105.88999938964844,104.31999969482422,2108000.0,94.87694549560547
2016-09-09,103.91000366210938,101.33000183105469,103.37000274658203,101.33999633789062,1991500.0,92.16670989990234
2016-09-12,103.88999938964844,101.05000305175781,101.5199966430664,103.7300033569336,2081700.0,94.34036254882812
2016-09-13,103.55000305175781,101.29000091552734,103.20999908447266,101.54000091552734,1822300.0,92.34858703613281
2016-09-14,103.16000366210938,101.70999908447266,101.70999908447266,102.36000061035156,1852500.0,93.09436798095703
2016-09-15,104.30999755859375,102.05999755859375,102.05999755859375,103.66000366210938,2178300.0,94.27670288085938
2016-09-16,103.27999877929688,102.16999816894531,102.9000015258789,102.80000305175781,1443600.0,93.49454498291016
2016-09-19,103.33999633789062,102.23999786376953,102.93000030517578,102.58000183105469,1131900.0,93.2944564819336
2016-09-20,102.97000122070312,102.05999755859375,102.58000183105469,102.19999694824219,1451700.0,92.94884490966797
2016-09-21,105.36000061035156,102.91999816894531,103.22000122070312,105.1500015258789,2078800.0,95.63182830810547
2016-09-22,107.23999786376953,105.5,105.5,106.77999877929688,1780000.0,97.11428833007812
2016-09-23,107.05000305175781,105.69000244140625,106.81999969482422,105.97000122070312,1373900.0,96.37760162353516
2016-09-26,105.73999786376953,103.76000213623047,105.37000274658203,104.26000213623047,2080500.0,94.8223876953125
2016-09-27,108.38999938964844,104.44999694824219,104.77999877929688,107.52999877929688,3524500.0,97.79637908935547
2016-09-28,111.23999786376953,108.5,110.61000061035156,109.61000061035156,5446800.0,99.68811798095703
2016-09-29,109.55000305175781,108.3499984741211,109.5199966430664,108.44000244140625,2321600.0,98.62401580810547
2016-09-30,110.4000015258789,107.68000030517578,108.69000244140625,109.80000305175781,3028300.0,99.86089324951172
2016-10-03,109.87999725341797,108.0199966430664,109.23999786376953,108.68000030517578,1929500.0,98.84229278564453
2016-10-04,109.66999816894531,107.62000274658203,108.95999908447266,107.81999969482422,1680100.0,98.06013488769531
2016-10-05,108.37999725341797,107.5,107.97000122070312,107.77999877929688,1541000.0,98.02375793457031
2016-10-06,108.12999725341797,107.0999984741211,107.30000305175781,107.7300033569336,1074300.0,97.97827911376953
2016-10-07,108.30999755859375,106.44999694824219,108.0,107.6500015258789,1207600.0,97.905517578125
2016-10-10,110.66000366210938,108.62000274658203,108.62000274658203,109.83000183105469,1801300.0,99.88819122314453
2016-10-11,110.19999694824219,108.62999725341797,110.05999755859375,109.83999633789062,2079100.0,99.89727020263672
2016-10-12,110.48999786376953,109.51000213623047,109.83999633789062,110.25,1265900.0,100.2701644897461
2016-10-13,111.08999633789062,109.80000305175781,110.47000122070312,110.6500015258789,1515300.0,100.63397979736328
2016-10-14,112.19000244140625,111.0199966430664,111.2699966430664,111.25,1687400.0,101.17964935302734
2016-10-17,111.9800033569336,110.30999755859375,111.5,110.38999938964844,1133800.0,100.39749908447266
2016-10-18,111.0999984741211,110.02999877929688,111.0999984741211,110.11000061035156,1150500.0,100.14283752441406
2016-10-19,110.48999786376953,109.04000091552734,110.0,109.08999633789062,1679000.0,99.21517181396484
2016-10-20,110.06999969482422,108.16999816894531,109.68000030517578,108.52999877929688,1924600.0,98.70585632324219
2016-10-21,108.69999694824219,107.61000061035156,108.4000015258789,108.62999725341797,1763000.0,98.79681396484375
2016-10-24,109.0,107.91999816894531,108.77999877929688,108.30000305175781,1221500.0,98.49669647216797
2016-10-25,108.69000244140625,107.77999877929688,108.26000213623047,108.0999984741211,2047300.0,98.31478881835938
2016-10-26,108.0,106.08999633789062,108.0,106.11000061035156,1440000.0,96.50491333007812
2016-10-27,106.81999969482422,104.7699966430664,106.62000274658203,104.86000061035156,1901400.0,95.36808013916016
2016-10-28,105.43000030517578,103.31999969482422,104.0199966430664,104.48999786376953,1942900.0,95.03156280517578
2016-10-31,105.22000122070312,103.51000213623047,104.48999786376953,103.80999755859375,2236500.0,94.41311645507812
2016-11-01,109.37000274658203,101.80999755859375,102.69999694824219,105.30999755859375,6877600.0,95.77733612060547
2016-11-02,105.19000244140625,103.55000305175781,104.87999725341797,103.6500015258789,2461900.0,94.2676010131836
2016-11-03,104.22000122070312,101.9000015258789,103.9800033569336,103.0199966430664,1918500.0,93.69461822509766
2016-11-04,104.0,102.62000274658203,103.36000061035156,102.80999755859375,1448500.0,93.50364685058594
2016-11-07,105.12000274658203,103.86000061035156,103.93000030517578,105.0,1789900.0,95.49537658691406
2016-11-08,106.3499984741211,104.48999786376953,104.51000213623047,105.87999725341797,1819000.0,96.29573822021484
2016-11-09,104.62000274658203,102.69999694824219,103.11000061035156,103.08999633789062,2326000.0,93.75828552246094
2016-11-10,102.63999938964844,98.20999908447266,102.12999725341797,99.66000366210938,4565600.0,90.63878631591797
2016-11-11,99.83000183105469,98.22000122070312,99.44000244140625,99.05000305175781,1674800.0,90.0840072631836
2016-11-14,98.80999755859375,96.08999633789062,98.80000305175781,96.81999969482422,2878600.0,88.05584716796875
2016-11-15,98.1500015258789,97.06999969482422,97.12000274658203,97.72000122070312,1783100.0,88.87438201904297
2016-11-16,97.91999816894531,96.4000015258789,97.45999908447266,97.51000213623047,1218700.0,88.68340301513672
2016-11-17,98.0,97.25,97.3499984741211,97.94000244140625,1098000.0,89.07447814941406
2016-11-18,97.81999969482422,96.55000305175781,97.29000091552734,96.83000183105469,1480500.0,88.06495666503906
2016-11-21,98.95999908447266,96.83000183105469,96.83000183105469,98.55000305175781,1408900.0,89.6292495727539
2016-11-22,100.33999633789062,98.45999908447266,98.83999633789062,99.9800033569336,1882000.0,90.92981719970703
2016-11-23,100.33999633789062,98.48999786376953,100.02999877929688,98.88999938964844,1222200.0,89.9384765625
2016-11-25,100.7699966430664,98.41000366210938,98.83000183105469,99.73999786376953,716900.0,90.7115249633789
2016-11-28,100.20999908447266,98.79000091552734,99.33999633789062,99.83000183105469,1526200.0,91.16815948486328
2016-11-29,100.51000213623047,99.5199966430664,99.6500015258789,100.05000305175781,1233100.0,91.36907196044922
2016-11-30,100.25,98.02999877929688,99.63999938964844,98.02999877929688,1819400.0,89.52433013916016
2016-12-01,98.25,94.0999984741211,97.7300033569336,94.66000366210938,3214500.0,86.44673919677734
2016-12-02,95.8499984741211,94.73999786376953,94.95999908447266,95.62999725341797,1795800.0,87.33256530761719
2016-12-05,96.72000122070312,95.2300033569336,95.62999725341797,95.52999877929688,1732800.0,87.2412338256836
2016-12-06,95.69999694824219,94.8499984741211,95.5199966430664,95.4800033569336,1485200.0,87.19558715820312
2016-12-07,97.38999938964844,95.27999877929688,95.63999938964844,97.12999725341797,2130700.0,88.7024154663086
2016-12-08,98.41000366210938,96.30999755859375,96.9000015258789,98.11000061035156,1602000.0,89.59738159179688
2016-12-09,99.08999633789062,98.20999908447266,98.43000030517578,99.04000091552734,1135700.0,90.44669342041016
2016-12-12,99.80999755859375,98.69999694824219,98.7300033569336,99.4000015258789,1757600.0,90.77545928955078
2016-12-13,100.43000030517578,99.52999877929688,100.13999938964844,99.83000183105469,1676500.0,91.16815948486328
2016-12-14,100.25,98.20999908447266,99.94999694824219,98.80000305175781,1648500.0,90.22752380371094
2016-12-15,98.63999938964844,97.37999725341797,97.7699966430664,97.4800033569336,1857200.0,89.02204895019531
2016-12-16,98.48999786376953,97.01000213623047,97.75,97.8499984741211,2058900.0,89.35993957519531
2016-12-19,98.5199966430664,97.0,98.19000244140625,97.58999633789062,1144400.0,89.12251281738281
2016-12-20,97.58999633789062,95.47000122070312,97.33999633789062,96.01000213623047,1529700.0,87.67959594726562
2016-12-21,97.5199966430664,96.2300033569336,96.36000061035156,97.30999755859375,1121900.0,88.8667984008789
2016-12-22,97.36000061035156,96.08999633789062,96.93000030517578,96.83999633789062,684200.0,88.43757629394531
2016-12-23,97.88999938964844,96.58000183105469,97.1500015258789,97.73999786376953,611600.0,89.25949096679688
2016-12-27,98.04000091552734,97.33000183105469,97.68000030517578,97.48999786376953,600900.0,89.03119659423828
2016-12-28,97.58000183105469,96.66999816894531,97.3499984741211,96.95999908447266,569200.0,88.54718017578125
2016-12-29,98.0999984741211,97.20999908447266,97.29000091552734,98.0199966430664,624600.0,89.51518249511719
2016-12-30,98.37999725341797,96.98999786376953,98.30999755859375,97.30999755859375,999300.0,88.8667984008789
2017-01-03,98.58999633789062,97.22000122070312,97.88999938964844,97.87999725341797,1104900.0,89.38733673095703
2017-01-04,99.5199966430664,98.22000122070312,98.43000030517578,99.41000366210938,1213400.0,90.78459167480469
2017-01-05,100.27999877929688,99.01000213623047,99.4800033569336,99.68000030517578,2072700.0,91.03116607666016
2017-01-06,100.20999908447266,99.31999969482422,99.66999816894531,99.79000091552734,879500.0,91.13163757324219
2017-01-09,99.68000030517578,97.93000030517578,99.68000030517578,98.27999877929688,1347700.0,89.75263214111328
2017-01-10,98.70999908447266,95.87999725341797,98.33000183105469,96.41000366210938,2558100.0,88.0448989868164
2017-01-11,96.94999694824219,95.61000061035156,96.48999786376953,95.66999816894531,1590700.0,87.36909484863281
2017-01-12,95.72000122070312,94.8499984741211,95.38999938964844,95.43000030517578,2101400.0,87.14990997314453
2017-01-13,97.79000091552734,95.87000274658203,96.12000274658203,97.62000274658203,1608400.0,89.14991760253906
2017-01-17,98.83999633789062,97.52999877929688,97.52999877929688,97.91000366210938,1339400.0,89.41475677490234
2017-01-18,99.22000122070312,97.93000030517578,98.0,98.19999694824219,1138500.0,89.6795654296875
2017-01-19,98.47000122070312,97.41999816894531,97.98999786376953,97.54000091552734,993600.0,89.07685089111328
2017-01-20,98.13999938964844,97.13999938964844,97.95999908447266,97.62000274658203,908200.0,89.14991760253906
2017-01-23,97.62999725341797,95.83999633789062,97.05999755859375,96.19000244140625,1698100.0,87.8439712524414
2017-01-24,97.2699966430664,94.5,96.19000244140625,96.87999725341797,2209300.0,88.47410583496094
2017-01-25,97.8499984741211,96.69000244140625,97.30000305175781,96.98999786376953,2238900.0,88.57455444335938
2017-01-26,97.44000244140625,95.93000030517578,97.08999633789062,96.04000091552734,1305000.0,87.70700073242188
2017-01-27,96.45999908447266,95.18000030517578,95.98999786376953,95.3499984741211,1017400.0,87.07685852050781
2017-01-30,95.54000091552734,94.41999816894531,95.51000213623047,95.47000122070312,1179300.0,87.18643951416016
2017-01-31,96.69000244140625,94.91000366210938,95.23999786376953,96.5199966430664,1299300.0,88.14534759521484
2017-02-01,96.9800033569336,95.66000366210938,96.3499984741211,96.41999816894531,1300400.0,88.05401611328125
2017-02-02,97.20999908447266,95.88999938964844,96.87999725341797,95.94999694824219,1094600.0,87.62479400634766
2017-02-03,97.66999816894531,96.12999725341797,96.62000274658203,97.0,1519500.0,88.58368682861328
2017-02-06,97.12999725341797,96.20999908447266,97.12999725341797,96.4800033569336,1904300.0,88.10882568359375
2017-02-07,96.62000274658203,94.51000213623047,96.4000015258789,94.88999938964844,3250800.0,86.65678405761719
2017-02-08,96.72000122070312,94.6500015258789,94.91000366210938,95.62000274658203,2693900.0,87.32343292236328
2017-02-09,96.93000030517578,95.33999633789062,95.62000274658203,96.66999816894531,1655200.0,88.28234100341797
2017-02-10,96.94000244140625,95.87000274658203,96.66999816894531,95.94999694824219,1562100.0,87.62479400634766
2017-02-13,96.55999755859375,95.66999816894531,96.38999938964844,96.20999908447266,1653200.0,87.86223602294922
2017-02-14,100.0999984741211,94.12000274658203,97.16999816894531,99.5,4140200.0,90.86678314208984
2017-02-15,99.3499984741211,98.31999969482422,99.0,99.02999877929688,2634800.0,90.43756866455078
2017-02-16,100.33000183105469,98.5199966430664,98.80999755859375,99.80000305175781,1864900.0,91.14075469970703
2017-02-17,102.13999938964844,99.62999725341797,99.91999816894531,101.58999633789062,2856500.0,92.77543640136719
2017-02-21,101.91000366210938,100.29000091552734,101.13999938964844,100.52999877929688,2355700.0,91.80742645263672
2017-02-22,100.80999755859375,99.76000213623047,100.1500015258789,100.22000122070312,1062500.0,91.52430725097656
2017-02-23,101.18000030517578,99.86000061035156,100.0,100.05000305175781,1036300.0,91.36907196044922
2017-02-24,101.16999816894531,98.91999816894531,99.80000305175781,101.0199966430664,1729500.0,92.6344985961914
2017-02-27,100.8499984741211,99.31999969482422,100.69999694824219,99.5199966430664,1634000.0,91.2590103149414
2017-02-28,100.69999694824219,99.05000305175781,99.79000091552734,100.38999938964844,1657100.0,92.05680847167969
2017-03-01,100.88999938964844,99.61000061035156,100.47000122070312,99.66000366210938,1325300.0,91.38739776611328
2017-03-02,99.55000305175781,98.41000366210938,98.97000122070312,98.48999786376953,1430700.0,90.31451416015625
2017-03-03,99.86000061035156,98.26000213623047,98.3499984741211,99.8499984741211,1912100.0,91.56163024902344
2017-03-06,99.6500015258789,98.1500015258789,99.5,98.2300033569336,986800.0,90.07611846923828
2017-03-07,98.37000274658203,96.79000091552734,98.2300033569336,96.98999786376953,1546000.0,88.93902587890625
2017-03-08,97.18000030517578,96.25,96.76000213623047,96.7699966430664,1952600.0,88.73729705810547
2017-03-09,97.12999725341797,96.22000122070312,96.62999725341797,96.79000091552734,1298900.0,88.7556381225586
2017-03-10,97.5,96.47000122070312,97.37000274658203,97.0999984741211,854400.0,89.03990173339844
2017-03-13,97.55000305175781,96.6500015258789,96.81999969482422,97.48999786376953,1494300.0,89.39753723144531
2017-03-14,98.12000274658203,97.0,97.55000305175781,97.11000061035156,735800.0,89.04906463623047
2017-03-15,98.33000183105469,97.0,97.13999938964844,97.9000015258789,981500.0,89.77348327636719
2017-03-16,98.48999786376953,97.62999725341797,97.9800033569336,98.2300033569336,980300.0,90.07611846923828
2017-03-17,99.37000274658203,97.0199966430664,98.75,98.37999725341797,1612300.0,90.21365356445312
2017-03-20,98.87000274658203,97.9800033569336,98.5999984741211,98.63999938964844,1303700.0,90.45206451416016
2017-03-21,99.6500015258789,97.9800033569336,98.75,98.02999877929688,1820700.0,89.89270782470703
2017-03-22,98.44999694824219,97.36000061035156,98.25,97.51000213623047,887100.0,89.4158706665039
2017-03-23,97.91999816894531,97.05999755859375,97.08999633789062,97.25,872900.0,89.17744445800781
2017-03-24,97.7300033569336,96.73999786376953,97.29000091552734,97.0199966430664,586700.0,88.9665298461914
2017-03-27,96.9800033569336,96.13999938964844,96.58999633789062,96.45999908447266,1032100.0,88.4530258178711
2017-03-28,96.56999969482422,95.48999786376953,96.25,96.30000305175781,1392500.0,88.30631256103516
2017-03-29,96.73999786376953,95.75,96.16999816894531,96.66000366210938,1115700.0,88.63642883300781
2017-03-30,96.55999755859375,95.5,96.20999908447266,95.56999969482422,1307600.0,87.63689422607422
2017-03-31,96.18000030517578,95.19999694824219,95.3499984741211,95.70999908447266,1453700.0,87.7652816772461
2017-04-03,96.2699966430664,95.18000030517578,95.9800033569336,95.45999908447266,1328300.0,87.53602600097656
2017-04-04,95.75,94.5999984741211,95.27999877929688,95.58999633789062,1538100.0,87.65522766113281
2017-04-05,96.23999786376953,95.11000061035156,95.45999908447266,95.45999908447266,1446500.0,87.53602600097656
2017-04-06,97.0,95.5999984741211,95.62000274658203,96.0,1449600.0,88.03121948242188
2017-04-07,96.2300033569336,95.18000030517578,95.86000061035156,95.37000274658203,995700.0,87.45350646972656
2017-04-10,96.0999984741211,95.05999755859375,95.26000213623047,95.88999938964844,827400.0,87.93035125732422
2017-04-11,95.7699966430664,94.70999908447266,95.7699966430664,95.58000183105469,1092200.0,87.64606475830078
2017-04-12,95.72000122070312,95.16999816894531,95.52999877929688,95.55999755859375,834600.0,87.62773895263672
2017-04-13,95.61000061035156,94.55999755859375,95.5,94.55999755859375,855900.0,86.71074676513672
2017-04-17,95.18000030517578,94.47000122070312,94.77999877929688,95.12999725341797,676100.0,87.23341369628906
2017-04-18,96.5999984741211,94.72000122070312,94.9800033569336,96.31999969482422,1176100.0,88.32465362548828
2017-04-19,96.62000274658203,95.76000213623047,96.31999969482422,96.16000366210938,1473500.0,88.17793273925781
2017-04-20,95.58999633789062,94.5999984741211,95.4800033569336,95.05000305175781,1607300.0,87.16007232666016
2017-04-21,95.19999694824219,94.58000183105469,94.9800033569336,94.86000061035156,1807600.0,86.98582458496094
2017-04-24,96.41000366210938,95.48999786376953,95.62000274658203,96.04000091552734,1185000.0,88.0678939819336
2017-04-25,96.97000122070312,96.31999969482422,96.33999633789062,96.5199966430664,1215900.0,88.50804901123047
2017-04-26,96.7699966430664,95.79000091552734,96.43000030517578,95.83000183105469,972000.0,87.87532043457031
2017-04-27,96.6500015258789,95.55999755859375,96.19999694824219,95.77999877929688,1319300.0,87.8294677734375
2017-04-28,96.05000305175781,95.16999816894531,95.76000213623047,95.88999938964844,958500.0,87.93035125732422
2017-05-01,96.44999694824219,95.2300033569336,95.94000244140625,95.26000213623047,926000.0,87.35263061523438
2017-05-02,95.69999694824219,94.4800033569336,95.22000122070312,95.36000061035156,1962400.0,87.4443359375
2017-05-03,93.04000091552734,89.2699966430664,92.0199966430664,90.88999938964844,8211200.0,83.34539794921875
2017-05-04,93.3499984741211,90.38999938964844,90.7300033569336,91.7300033569336,3582400.0,84.11566925048828
2017-05-05,93.22000122070312,92.16000366210938,92.30999755859375,93.12000274658203,1983100.0,85.39028930664062
2017-05-08,94.0,93.0999984741211,93.43000030517578,93.93000030517578,2386800.0,86.13304901123047
2017-05-09,93.88999938964844,92.58999633789062,93.68000030517578,92.80000305175781,1274400.0,85.09684753417969
2017-05-10,92.87000274658203,92.23999786376953,92.66999816894531,92.81999969482422,933300.0,85.11518859863281
2017-05-11,93.51000213623047,92.5,92.58000183105469,93.48999786376953,1116400.0,85.72956085205078
2017-05-12,93.98999786376953,93.02999877929688,93.45999908447266,93.73999786376953,1307400.0,85.95880126953125
2017-05-15,94.27999877929688,93.5,93.5,94.08000183105469,959600.0,86.27059936523438
2017-05-16,94.5999984741211,93.95999908447266,94.05000305175781,94.06999969482422,967500.0,86.26141357421875
2017-05-17,94.5,92.80999755859375,94.06999969482422,93.02999877929688,1443100.0,85.30774688720703
2017-05-18,92.86000061035156,92.30000305175781,92.8499984741211,92.5199966430664,1656200.0,84.840087890625
2017-05-19,94.22000122070312,92.54000091552734,92.87000274658203,94.12999725341797,1968400.0,86.31644439697266
2017-05-22,95.5,94.29000091552734,94.61000061035156,95.16999816894531,2202400.0,87.27010345458984
2017-05-23,95.5199966430664,94.30999755859375,95.30999755859375,94.8499984741211,2302400.0,86.9766616821289
2017-05-24,94.91000366210938,94.01000213623047,94.69000244140625,94.44000244140625,1376900.0,86.60071563720703
2017-05-25,95.19000244140625,94.44999694824219,94.95999908447266,94.66000366210938,1543500.0,86.80245208740234
2017-05-26,96.05000305175781,93.80999755859375,94.08000183105469,95.77999877929688,1733500.0,88.21155548095703
2017-05-30,95.80000305175781,94.77999877929688,95.41000366210938,95.27999877929688,1609000.0,87.75104522705078
2017-05-31,96.29000091552734,94.54000091552734,95.5,94.79000091552734,2960900.0,87.29976654052734
2017-06-01,96.58999633789062,95.01000213623047,95.01000213623047,96.58999633789062,1786600.0,88.95753479003906
2017-06-02,97.37999725341797,96.41999816894531,96.87999725341797,96.86000061035156,1003400.0,89.2061996459961
2017-06-05,96.55999755859375,95.62000274658203,96.37999725341797,96.25,1816800.0,88.64440155029297
2017-06-06,96.58999633789062,95.81999969482422,96.13999938964844,96.0199966430664,1019700.0,88.43257904052734
2017-06-07,97.5,88.31999969482422,95.98999786376953,89.77999877929688,9451700.0,82.68566131591797
2017-06-08,89.94999694824219,86.02999877929688,89.77999877929688,87.16000366210938,8588600.0,80.27268981933594
2017-06-09,87.41999816894531,86.1500015258789,86.80000305175781,87.4000015258789,3918300.0,80.49372100830078
2017-06-12,88.26000213623047,86.87999725341797,87.19999694824219,88.26000213623047,3622100.0,81.28577423095703
2017-06-13,89.2300033569336,88.0,88.44999694824219,88.9800033569336,2734600.0,81.94886779785156
2017-06-14,89.7699966430664,87.7300033569336,89.33000183105469,88.12000274658203,2065900.0,81.15682983398438
2017-06-15,87.9800033569336,87.23999786376953,87.80000305175781,87.63999938964844,2087300.0,80.71473693847656
2017-06-16,87.83999633789062,85.98999786376953,87.66000366210938,86.8499984741211,3149200.0,79.98719787597656
2017-06-19,87.05999755859375,85.91000366210938,87.05999755859375,86.58000183105469,3072500.0,79.738525390625
2017-06-20,87.20999908447266,86.4000015258789,86.47000122070312,86.66000366210938,1595600.0,79.81220245361328
2017-06-21,86.86000061035156,85.58999633789062,86.5,85.7699966430664,1376500.0,78.99251556396484
2017-06-22,86.30000305175781,85.45999908447266,85.70999908447266,85.94999694824219,1684900.0,79.1583023071289
2017-06-23,86.70999908447266,85.76000213623047,85.9800033569336,86.5,1770600.0,79.66484832763672
2017-06-26,87.16999816894531,86.3499984741211,86.94000244140625,86.3499984741211,1161800.0,79.52670288085938
2017-06-27,86.58999633789062,85.7699966430664,86.4000015258789,86.37999725341797,1257800.0,79.5543212890625
2017-06-28,87.81999969482422,86.5,86.77999877929688,87.41999816894531,1497500.0,80.51213836669922
2017-06-29,87.41000366210938,85.9000015258789,87.41000366210938,86.45999908447266,1311200.0,79.62799835205078
2017-06-30,86.95999908447266,86.30000305175781,86.86000061035156,86.33999633789062,1015600.0,79.51749420166016
2017-07-03,86.9800033569336,86.19000244140625,86.68000030517578,86.41000366210938,516300.0,79.58194732666016
2017-07-05,86.69000244140625,85.91999816894531,86.1500015258789,86.44000244140625,1719500.0,79.60958099365234
2017-07-06,86.86000061035156,86.04000091552734,86.31999969482422,86.19999694824219,1011400.0,79.38854217529297
2017-07-07,86.72000122070312,85.83999633789062,86.19999694824219,86.12999725341797,1330500.0,79.32408142089844
2017-07-10,86.7300033569336,85.55000305175781,86.55000305175781,85.61000061035156,837000.0,78.84515380859375
2017-07-11,86.2699966430664,85.33999633789062,85.55999755859375,85.91999816894531,988500.0,79.13066101074219
2017-07-12,87.55999755859375,86.26000213623047,86.70999908447266,86.75,2656700.0,79.89508819580078
2017-07-13,87.33000183105469,86.41999816894531,87.04000091552734,86.98999786376953,1921500.0,80.1161117553711
2017-07-14,88.02999877929688,87.11000061035156,87.27999877929688,87.88999938964844,983400.0,80.94499969482422
2017-07-17,88.22000122070312,87.47000122070312,88.04000091552734,87.51000213623047,974400.0,80.59502410888672
2017-07-18,87.80000305175781,87.22000122070312,87.69999694824219,87.62000274658203,665000.0,80.69634246826172
2017-07-19,88.58999633789062,87.31999969482422,87.75,88.52999877929688,1312400.0,81.53443145751953
2017-07-20,88.91000366210938,87.48999786376953,88.62000274658203,87.54000091552734,1253200.0,80.62265014648438
2017-07-21,88.12000274658203,87.29000091552734,87.51000213623047,87.9800033569336,1869000.0,81.02790832519531
2017-07-24,88.37000274658203,87.73999786376953,87.94000244140625,87.95999908447266,1334700.0,81.00948333740234
2017-07-25,88.87000274658203,87.80000305175781,87.97000122070312,88.58000183105469,1268200.0,81.58049011230469
2017-07-26,89.36000061035156,88.36000061035156,88.77999877929688,89.04000091552734,2105800.0,82.00411987304688
2017-07-27,90.5,89.11000061035156,89.5999984741211,89.56999969482422,1323200.0,82.49224853515625
2017-07-28,89.80000305175781,88.55000305175781,89.79000091552734,89.11000061035156,718000.0,82.06859588623047
2017-07-31,89.36000061035156,88.66999816894531,89.26000213623047,88.9800033569336,872300.0,81.94886779785156
2017-08-01,89.51000213623047,88.80000305175781,89.0999984741211,89.19000244140625,1498600.0,82.14228057861328
2017-08-02,94.0199966430664,90.76000213623047,93.61000061035156,91.83000183105469,2702100.0,84.57366180419922
2017-08-03,92.54000091552734,90.80000305175781,91.69999694824219,90.87000274658203,1566100.0,83.68952941894531
2017-08-04,91.33999633789062,90.12000274658203,90.9800033569336,90.51000213623047,1209000.0,83.35797119140625
2017-08-07,90.51000213623047,89.83999633789062,90.43000030517578,89.8499984741211,1288800.0,82.75012969970703
2017-08-08,91.13999938964844,89.91000366210938,89.93000030517578,90.66000366210938,1778200.0,83.49612426757812
2017-08-09,90.72000122070312,90.01000213623047,90.61000061035156,90.5,1131900.0,83.3487548828125
2017-08-10,90.70999908447266,89.47000122070312,90.0,90.19999694824219,1150100.0,83.07246398925781
2017-08-11,91.0999984741211,89.70999908447266,90.31999969482422,90.4000015258789,688600.0,83.25667572021484
2017-08-14,91.3499984741211,90.54000091552734,90.5999984741211,90.87000274658203,783500.0,83.68952941894531
2017-08-15,91.26000213623047,90.56999969482422,90.77999877929688,91.06999969482422,719800.0,83.87371826171875
2017-08-16,91.73999786376953,90.95999908447266,91.08000183105469,91.33999633789062,803800.0,84.12237548828125
2017-08-17,91.5199966430664,89.94000244140625,91.1500015258789,89.95999908447266,953300.0,82.85143280029297
2017-08-18,90.0999984741211,89.33000183105469,89.80999755859375,89.73999786376953,1091500.0,82.64881896972656
2017-08-21,90.12999725341797,89.51000213623047,89.79000091552734,89.7300033569336,470100.0,82.6396255493164
2017-08-22,90.16999816894531,88.30000305175781,89.77999877929688,89.0199966430664,1973800.0,81.98570251464844
2017-08-23,89.7699966430664,88.33999633789062,88.8499984741211,89.38999938964844,1441200.0,82.32647705078125
2017-08-24,89.87000274658203,88.2699966430664,89.08999633789062,89.80999755859375,3484300.0,82.71329498291016
2017-08-25,91.36000061035156,89.80999755859375,90.19000244140625,91.0,2468000.0,83.80925750732422
2017-08-28,91.12000274658203,89.11000061035156,91.04000091552734,89.48999786376953,3669600.0,82.41859436035156
2017-08-29,89.54000091552734,88.36000061035156,88.38999938964844,89.38999938964844,1102700.0,82.70539093017578
2017-08-30,89.9800033569336,89.43000030517578,89.43000030517578,89.62999725341797,711800.0,82.92744445800781
2017-08-31,90.4000015258789,89.58999633789062,89.87000274658203,89.75,1241800.0,83.0384750366211
2017-09-01,90.62000274658203,89.66999816894531,89.98999786376953,90.02999877929688,942500.0,83.29753112792969
2017-09-05,90.11000061035156,88.55000305175781,89.70999908447266,88.87999725341797,1289900.0,82.23352813720703
2017-09-06,89.33999633789062,88.36000061035156,89.0199966430664,88.72000122070312,1987800.0,82.08549499511719
2017-09-07,89.16999816894531,87.83000183105469,88.87000274658203,87.94000244140625,1547400.0,81.36381530761719
2017-09-08,88.41999816894531,87.63999938964844,88.08000183105469,88.25,1786700.0,81.650634765625
2017-09-11,89.55000305175781,88.4000015258789,88.55000305175781,89.41000366210938,1194300.0,82.72390747070312
2017-09-12,90.25,89.23999786376953,89.55999755859375,89.69999694824219,679300.0,82.9922103881836
2017-09-13,89.37000274658203,88.27999877929688,88.88999938964844,88.58000183105469,1717900.0,81.95596313476562
2017-09-14,89.12999725341797,87.68000030517578,88.41000366210938,87.7699966430664,1139000.0,81.20653533935547
2017-09-15,87.87999725341797,86.66000366210938,87.4800033569336,87.25,1724300.0,80.72542572021484
2017-09-18,87.25,85.88999938964844,87.25,86.12999725341797,1407300.0,79.68917846679688
2017-09-19,86.41999816894531,85.20999908447266,86.13999938964844,85.47000122070312,1094900.0,79.07852935791016
2017-09-20,85.58000183105469,83.18000030517578,85.25,83.4800033569336,1777800.0,77.23733520507812
2017-09-21,83.55000305175781,82.13999938964844,83.55000305175781,82.80999755859375,1537500.0,76.617431640625
2017-09-22,83.19999694824219,82.51000213623047,82.80999755859375,82.80999755859375,1475900.0,76.617431640625
2017-09-25,83.0,81.91000366210938,82.83000183105469,82.22000122070312,2207300.0,76.07157135009766
2017-09-26,82.87000274658203,81.94000244140625,82.19000244140625,82.3499984741211,1231200.0,76.19184875488281
2017-09-27,82.3499984741211,81.56999969482422,82.22000122070312,81.86000061035156,1460400.0,75.73848724365234
2017-09-28,81.98999786376953,80.91999816894531,81.69000244140625,81.3499984741211,1677800.0,75.2666244506836
2017-09-29,82.30000305175781,81.41000366210938,81.55999755859375,81.63999938964844,1614100.0,75.53494262695312
2017-10-02,82.22000122070312,81.41999816894531,81.7699966430664,82.0199966430664,2365300.0,75.88653564453125
2017-10-03,82.63999938964844,81.69999694824219,82.2300033569336,81.91999816894531,999200.0,75.79399871826172
2017-10-04,83.72000122070312,81.93000030517578,81.93000030517578,83.18000030517578,1192700.0,76.95977783203125
2017-10-05,84.16000366210938,82.95999908447266,83.69000244140625,83.11000061035156,1469500.0,76.89501190185547
2017-10-06,83.25,82.68000030517578,82.80000305175781,83.18000030517578,867300.0,76.95977783203125
2017-10-09,83.38999938964844,82.08000183105469,83.1500015258789,82.26000213623047,1034400.0,76.10858917236328
2017-10-10,84.08999633789062,82.36000061035156,82.36000061035156,83.97000122070312,1670800.0,77.6906967163086
2017-10-11,84.27999877929688,83.69000244140625,83.94999694824219,84.13999938964844,1790100.0,77.84799194335938
2017-10-12,84.38999938964844,83.77999877929688,83.91999816894531,84.3499984741211,806900.0,78.04226684570312
2017-10-13,84.91000366210938,83.44999694824219,84.72000122070312,83.58999633789062,1236300.0,77.339111328125
2017-10-16,83.87000274658203,82.51000213623047,83.41999816894531,82.75,1339100.0,76.56193542480469
2017-10-17,83.01000213623047,82.23999786376953,82.66999816894531,82.69999694824219,1354200.0,76.51567077636719
2017-10-18,83.05999755859375,82.45999908447266,82.98999786376953,82.5999984741211,1789300.0,76.42315673828125
2017-10-19,83.87000274658203,82.47000122070312,82.5,83.58000183105469,1640200.0,77.32987213134766
2017-10-20,83.86000061035156,82.98999786376953,83.86000061035156,83.25,1136000.0,77.0245361328125
2017-10-23,83.69000244140625,83.13999938964844,83.5,83.61000061035156,1301500.0,77.35761260986328
2017-10-24,83.66999816894531,82.8499984741211,83.41000366210938,83.56999969482422,846900.0,77.32061004638672
2017-10-25,83.44000244140625,81.20999908447266,83.44000244140625,82.26000213623047,2454300.0,76.10858917236328
2017-10-26,82.0,80.3499984741211,82.0,80.37000274658203,2009000.0,74.35990905761719
2017-10-27,80.2699966430664,78.0999984741211,80.1500015258789,78.43000030517578,2285300.0,72.56498718261719
2017-10-30,79.27999877929688,78.18000030517578,78.19999694824219,78.94999694824219,1497300.0,73.04610443115234
2017-10-31,80.95999908447266,79.12000274658203,79.23999786376953,80.87000274658203,2011900.0,74.82251739501953
2017-11-01,83.31999969482422,80.25,81.58999633789062,81.04000091552734,2501700.0,74.97979736328125
2017-11-02,80.86000061035156,78.5,80.75,79.08000183105469,2511300.0,73.16637420654297
2017-11-03,80.30999755859375,79.1500015258789,79.1500015258789,79.76000213623047,1290300.0,73.79552459716797
2017-11-06,79.8499984741211,78.62999725341797,79.62999725341797,78.88999938964844,1233900.0,72.9905776977539
2017-11-07,79.45999908447266,78.63999938964844,78.63999938964844,78.87999725341797,1197300.0,72.98133850097656
2017-11-08,79.80999755859375,78.61000061035156,79.19999694824219,79.62999725341797,1230200.0,73.67524719238281
2017-11-09,80.77999877929688,79.43000030517578,79.43000030517578,80.52999877929688,946600.0,74.50794219970703
2017-11-10,80.79000091552734,80.0999984741211,80.56999969482422,80.33999633789062,1292100.0,74.3321533203125
2017-11-13,81.2300033569336,80.16000366210938,80.16000366210938,80.83999633789062,982700.0,74.79476165771484
2017-11-14,81.25,80.12000274658203,80.5,80.5199966430664,861900.0,74.4986801147461
2017-11-15,82.0,78.69999694824219,80.5,78.79000091552734,1435500.0,72.89806365966797
2017-11-16,80.18000030517578,78.5999984741211,78.79000091552734,79.48999786376953,1207000.0,73.54571533203125
2017-11-17,79.97000122070312,78.87999725341797,79.23999786376953,79.68000030517578,748800.0,73.72150421142578
2017-11-20,79.66999816894531,79.05000305175781,79.4800033569336,79.19999694824219,1184500.0,73.27739715576172
2017-11-21,80.0999984741211,79.19999694824219,79.41000366210938,79.31999969482422,872700.0,73.38843536376953
2017-11-22,79.83999633789062,79.2699966430664,79.61000061035156,79.54000091552734,1473200.0,73.59197998046875
2017-11-24,79.93000030517578,79.48999786376953,79.93000030517578,79.66999816894531,294000.0,73.71224975585938
2017-11-27,79.7300033569336,78.91999816894531,79.58999633789062,79.37999725341797,951500.0,73.44393920898438
2017-11-28,79.66999816894531,78.37000274658203,79.36000061035156,78.58000183105469,1401900.0,72.70377349853516
2017-11-29,78.2699966430664,76.25,78.11000061035156,76.5199966430664,1999800.0,71.16915130615234
2017-11-30,78.22000122070312,76.27999877929688,76.51000213623047,78.0999984741211,2076800.0,72.63865661621094
2017-12-01,79.63999938964844,78.08000183105469,78.22000122070312,79.20999908447266,1485900.0,73.67102813720703
2017-12-04,81.0,79.01000213623047,79.55999755859375,80.51000213623047,1587100.0,74.88014221191406
2017-12-05,81.05000305175781,79.69000244140625,80.69999694824219,80.31999969482422,1248800.0,74.70343017578125
2017-12-06,81.37999725341797,80.36000061035156,80.56999969482422,81.06999969482422,1341000.0,75.4009780883789
2017-12-07,80.80999755859375,79.86000061035156,79.94999694824219,79.94999694824219,816500.0,74.35929870605469
2017-12-08,80.18000030517578,79.0199966430664,79.94000244140625,80.13999938964844,980200.0,74.53600311279297
2017-12-11,81.0199966430664,79.69000244140625,80.0,80.79000091552734,979200.0,75.14056396484375
2017-12-12,81.05000305175781,80.08999633789062,80.76000213623047,80.1500015258789,952700.0,74.5453109741211
2017-12-13,80.2300033569336,79.20999908447266,80.11000061035156,79.5,931500.0,73.94075775146484
2017-12-14,80.33000183105469,79.27999877929688,79.5,79.37000274658203,1062600.0,73.8198471069336
2017-12-15,80.55000305175781,79.44000244140625,79.58000183105469,79.80000305175781,2356600.0,74.21977996826172
2017-12-18,81.43000030517578,80.56999969482422,80.56999969482422,80.8499984741211,1516000.0,75.19635009765625
2017-12-19,81.47000122070312,80.62999725341797,81.16999816894531,80.69999694824219,1522800.0,75.05685424804688
2017-12-20,80.8499984741211,79.54000091552734,80.66999816894531,80.58999633789062,1105300.0,74.95453643798828
2017-12-21,81.55999755859375,80.58000183105469,80.69999694824219,81.18000030517578,1503600.0,75.50328063964844
2017-12-22,81.55000305175781,80.87999725341797,81.3499984741211,81.0999984741211,803100.0,75.42887115478516
2017-12-26,81.93000030517578,81.1500015258789,81.19000244140625,81.81999969482422,558900.0,76.09854125976562
2017-12-27,82.36000061035156,81.63999938964844,82.0199966430664,81.68000030517578,672200.0,75.96832275390625
2017-12-28,82.1500015258789,81.43000030517578,81.8499984741211,82.02999877929688,660000.0,76.29383850097656
2017-12-29,82.55000305175781,82.01000213623047,82.20999908447266,82.06999969482422,798700.0,76.33106231689453
2018-01-02,82.61000061035156,81.63999938964844,82.23999786376953,82.23999786376953,1136000.0,76.4891586303711
2018-01-03,82.30000305175781,81.25,81.91000366210938,81.44999694824219,1330900.0,75.75440979003906
2018-01-04,82.44999694824219,81.58000183105469,81.81999969482422,82.0,966000.0,76.26594543457031
2018-01-05,83.06999969482422,82.05000305175781,82.43000030517578,82.93000030517578,1206500.0,77.13090515136719
2018-01-08,84.2300033569336,82.55999755859375,82.86000061035156,83.81999969482422,1592000.0,77.95867919921875
2018-01-09,84.2300033569336,82.55999755859375,83.87999725341797,83.62999725341797,1442600.0,77.78196716308594
2018-01-10,85.76000213623047,83.69000244140625,83.79000091552734,85.20999908447266,1795000.0,79.25147247314453
2018-01-11,85.86000061035156,84.37000274658203,85.44000244140625,84.48999786376953,904100.0,78.58182525634766
2018-01-12,85.16999816894531,84.5,84.88999938964844,84.87999725341797,1191300.0,78.94456481933594
2018-01-16,85.08000183105469,84.38999938964844,85.04000091552734,84.72000122070312,1832600.0,78.79574584960938
2018-01-17,85.37000274658203,84.5,85.0,84.68000030517578,1090900.0,78.758544921875
2018-01-18,84.66000366210938,83.0999984741211,84.66000366210938,83.25,1719600.0,77.42853546142578
2018-01-19,83.97000122070312,83.25,83.51000213623047,83.7699966430664,1225600.0,77.91215515136719
2018-01-22,84.12000274658203,83.36000061035156,83.70999908447266,84.05999755859375,1328700.0,78.18189239501953
2018-01-23,84.08999633789062,83.19000244140625,84.08000183105469,83.26000213623047,1047600.0,77.43783569335938
2018-01-24,84.0999984741211,83.16000366210938,83.58000183105469,83.88999938964844,884000.0,78.02377319335938
2018-01-25,84.16999816894531,83.30000305175781,83.9000015258789,83.79000091552734,905200.0,77.93077087402344
2018-01-26,84.44000244140625,83.25,83.66999816894531,84.38999938964844,978100.0,78.48880767822266
2018-01-29,84.62999725341797,83.47000122070312,84.12999725341797,83.4800033569336,805800.0,77.64244842529297
2018-01-30,84.22000122070312,83.43000030517578,83.44999694824219,83.4800033569336,979800.0,77.64244842529297
2018-01-31,84.18000030517578,83.18000030517578,83.69000244140625,84.0199966430664,1053700.0,78.14468383789062
2018-02-01,83.91000366210938,83.11000061035156,83.8499984741211,83.55000305175781,759700.0,77.70755004882812
2018-02-02,83.08999633789062,80.80000305175781,82.95999908447266,81.05999755859375,1242600.0,75.39167022705078
2018-02-05,81.58000183105469,77.3499984741211,80.44000244140625,77.68000030517578,1763500.0,72.24803161621094
2018-02-06,78.4800033569336,76.76000213623047,76.9800033569336,77.9800033569336,2208700.0,72.52705383300781
2018-02-07,78.20999908447266,75.79000091552734,77.61000061035156,76.16000366210938,2525100.0,70.83432006835938
2018-02-08,76.88999938964844,74.5,76.79000091552734,74.51000213623047,2568800.0,69.2997055053711
2018-02-09,75.2699966430664,72.70999908447266,74.83999633789062,74.20999908447266,2405100.0,69.02067565917969
2018-02-12,76.68000030517578,75.16000366210938,75.52999877929688,75.7699966430664,1989500.0,70.47159576416016
2018-02-13,76.08999633789062,74.11000061035156,75.62000274658203,75.69999694824219,1669300.0,70.40648651123047
2018-02-14,80.69000244140625,77.0,77.25,80.44999694824219,3886400.0,74.82432556152344
2018-02-15,81.86000061035156,79.1500015258789,80.48999786376953,81.73999786376953,2086000.0,76.02412414550781
2018-02-16,82.29000091552734,80.88999938964844,81.70999908447266,81.47000122070312,1706600.0,75.77301025390625
2018-02-20,81.2699966430664,79.70999908447266,81.05999755859375,79.75,1688100.0,74.17327880859375
2018-02-21,80.36000061035156,78.72000122070312,79.63999938964844,78.75,1814900.0,73.24320220947266
2018-02-22,79.73999786376953,78.0,78.94999694824219,78.44999694824219,2067600.0,72.96418762207031
2018-02-23,78.97000122070312,77.45999908447266,78.63999938964844,78.66000366210938,1387600.0,73.15951538085938
2018-02-26,79.4800033569336,76.7300033569336,78.77999877929688,77.93000030517578,1637300.0,72.48053741455078
2018-02-27,78.16999816894531,76.56999969482422,77.77999877929688,76.58000183105469,1301800.0,71.22494506835938
2018-02-28,77.06999969482422,75.97000122070312,77.0199966430664,76.25,1939100.0,70.91801452636719
2018-03-01,77.5199966430664,75.86000061035156,76.55000305175781,76.83999633789062,2203100.0,71.46676635742188
2018-03-02,78.4000015258789,76.30999755859375,76.62000274658203,78.33999633789062,1982400.0,73.25273132324219
2018-03-05,78.55999755859375,76.87999725341797,78.08999633789062,78.02999877929688,2339400.0,72.9628677368164
2018-03-06,78.91000366210938,77.81999969482422,78.33999633789062,78.79000091552734,1931200.0,73.67350769042969
2018-03-07,78.45999908447266,77.73999786376953,78.01000213623047,78.26000213623047,1151100.0,73.17793273925781
2018-03-08,80.69000244140625,78.54000091552734,78.69000244140625,80.55000305175781,2372300.0,75.31922149658203
2018-03-09,81.13999938964844,80.30999755859375,80.76000213623047,81.08999633789062,1812600.0,75.82415771484375
2018-03-12,81.95999908447266,80.56999969482422,81.25,80.95999908447266,1534800.0,75.70259094238281
2018-03-13,81.41000366210938,80.27999877929688,81.41000366210938,80.45999908447266,1476000.0,75.23506164550781
2018-03-14,81.22000122070312,80.30999755859375,80.80999755859375,81.0999984741211,1546500.0,75.83350372314453
2018-03-15,81.5,80.9000015258789,80.9000015258789,81.41000366210938,1885000.0,76.12337493896484
2018-03-16,81.77999877929688,79.12999725341797,81.68000030517578,80.19000244140625,3339500.0,74.98260498046875
2018-03-19,80.2699966430664,79.11000061035156,79.9800033569336,79.47000122070312,1516600.0,74.3093490600586
2018-03-20,79.83000183105469,76.80000305175781,79.58999633789062,76.87999725341797,2532400.0,71.88754272460938
2018-03-21,77.05999755859375,75.80000305175781,76.86000061035156,76.05000305175781,2010000.0,71.11144256591797
2018-03-22,76.08999633789062,74.16999816894531,75.55999755859375,74.38999938964844,2966600.0,69.55923461914062
2018-03-23,74.58000183105469,72.06999969482422,74.58000183105469,72.16000366210938,3167800.0,67.47406005859375
2018-03-26,74.25,72.52999877929688,73.0,73.91000366210938,2584900.0,69.11042022705078
2018-03-27,75.05000305175781,73.3499984741211,74.02999877929688,74.2300033569336,1853400.0,69.40963745117188
2018-03-28,76.52999877929688,74.4000015258789,74.62999725341797,75.41000366210938,2369600.0,70.51301574707031
2018-03-29,76.44999694824219,75.30999755859375,76.0999984741211,75.33000183105469,1385200.0,70.43820190429688
2018-04-02,75.45999908447266,72.91999816894531,75.30999755859375,73.08999633789062,1613000.0,68.34365844726562
2018-04-03,74.0999984741211,72.62999725341797,73.18000030517578,73.63999938964844,2390900.0,68.8579330444336
2018-04-04,74.33999633789062,72.30000305175781,72.80999755859375,74.0999984741211,3532200.0,69.2880859375
2018-04-05,74.72000122070312,73.7300033569336,74.56999969482422,73.87999725341797,2112100.0,69.08235168457031
2018-04-06,74.52999877929688,72.7699966430664,73.5,73.16000366210938,2270700.0,68.40912628173828
2018-04-09,74.2300033569336,72.77999877929688,73.31999969482422,73.18000030517578,1416000.0,68.42781829833984
2018-04-10,74.12000274658203,73.16999816894531,73.58999633789062,73.98999786376953,1142700.0,69.18521118164062
2018-04-11,74.12000274658203,73.5199966430664,73.61000061035156,73.88999938964844,998600.0,69.09172058105469
2018-04-12,74.25,73.4000015258789,73.94999694824219,73.61000061035156,1358200.0,68.82990264892578
2018-04-13,74.0,72.80000305175781,73.81999969482422,72.9800033569336,2063300.0,68.24081420898438
2018-04-16,73.93000030517578,73.08000183105469,73.55000305175781,73.55000305175781,1278600.0,68.77379608154297
2018-04-17,73.77999877929688,72.33999633789062,73.08999633789062,73.70999908447266,1496600.0,68.92340850830078
2018-04-18,73.87000274658203,73.16999816894531,73.5,73.2300033569336,1131100.0,68.47457122802734
2018-04-19,73.41000366210938,72.31999969482422,73.08000183105469,73.05999755859375,1960700.0,68.31561279296875
2018-04-20,73.11000061035156,70.05000305175781,72.86000061035156,70.37999725341797,4500800.0,65.80964660644531
2018-04-23,71.94999694824219,70.2300033569336,70.3499984741211,71.91999816894531,2473600.0,67.2496337890625
2018-04-24,72.48999786376953,71.11000061035156,72.37999725341797,71.69000244140625,1506200.0,67.0345687866211
2018-04-25,71.98999786376953,71.12000274658203,71.44999694824219,71.91000366210938,1500700.0,67.24030303955078
2018-04-26,73.12999725341797,72.19000244140625,72.5199966430664,72.48999786376953,1995400.0,67.78262329101562
2018-04-27,72.87999725341797,71.86000061035156,72.69999694824219,72.30000305175781,1797600.0,67.60497283935547
2018-04-30,72.80000305175781,71.2300033569336,72.75,71.23999786376953,3297100.0,66.61380004882812
2018-05-01,71.76000213623047,70.37000274658203,71.2300033569336,71.68000030517578,3497500.0,67.02521514892578
2018-05-02,68.30000305175781,60.189998626708984,68.04000091552734,60.63999938964844,12433400.0,56.702144622802734
2018-05-03,63.290000915527344,59.31999969482422,60.630001068115234,59.400001525878906,5619600.0,55.542667388916016
2018-05-04,60.61000061035156,58.75,59.66999816894531,60.47999954223633,4126100.0,56.55253219604492
2018-05-07,61.04999923706055,59.130001068115234,60.47999954223633,59.630001068115234,4131400.0,55.75773239135742
2018-05-08,60.81999969482422,59.33000183105469,59.849998474121094,60.38999938964844,2400100.0,56.4683723449707
2018-05-09,61.09000015258789,59.9900016784668,60.400001525878906,61.06999969482422,1660600.0,57.10422134399414
2018-05-10,61.599998474121094,60.38999938964844,60.95000076293945,61.400001525878906,2474800.0,57.41278839111328
2018-05-11,61.459999084472656,60.349998474121094,61.33000183105469,60.720001220703125,1377100.0,56.77695083618164
2018-05-14,61.47999954223633,60.33000183105469,61.029998779296875,60.41999816894531,2085600.0,56.496429443359375
2018-05-15,60.4900016784668,59.56999969482422,59.86000061035156,60.04999923706055,2414100.0,56.15045928955078
2018-05-16,60.5099983215332,59.91999816894531,60.060001373291016,60.11000061035156,1914100.0,56.20656204223633
2018-05-17,60.5,59.810001373291016,59.939998626708984,60.2599983215332,2253300.0,56.34682083129883
2018-05-18,60.5,59.83000183105469,60.41999816894531,60.2400016784668,1538600.0,56.328121185302734
2018-05-21,60.84000015258789,60.22999954223633,60.5,60.400001525878906,1386300.0,56.47772979736328
2018-05-22,61.310001373291016,60.5099983215332,60.68000030517578,61.029998779296875,2470000.0,57.06681442260742
2018-05-23,61.93000030517578,60.83000183105469,61.11000061035156,61.709999084472656,1789600.0,57.70265579223633
2018-05-24,61.79999923706055,60.79999923706055,61.709999084472656,61.529998779296875,1865400.0,57.53434753417969
2018-05-25,61.9900016784668,61.029998779296875,61.290000915527344,61.43000030517578,2105300.0,57.440834045410156
2018-05-29,61.81999969482422,61.029998779296875,61.029998779296875,61.560001373291016,2200000.0,57.56240463256836
2018-05-30,62.66999816894531,61.560001373291016,61.95000076293945,62.349998474121094,1664400.0,58.30109786987305
2018-05-31,63.0,61.13999938964844,62.90999984741211,61.650001525878906,2619300.0,57.64655685424805
2018-06-01,62.0,61.31999969482422,61.63999938964844,61.61000061035156,1340300.0,57.99484634399414
2018-06-04,62.31999969482422,61.099998474121094,62.18000030517578,61.380001068115234,1327300.0,57.778343200683594
2018-06-05,61.56999969482422,60.83000183105469,61.380001068115234,61.099998474121094,2089600.0,57.514766693115234
2018-06-06,62.720001220703125,60.54999923706055,60.91999816894531,61.790000915527344,2884100.0,58.16428756713867
2018-06-07,62.90999984741211,61.45000076293945,61.47999954223633,62.619998931884766,2428200.0,58.945579528808594
2018-06-08,63.56999969482422,62.779998779296875,62.810001373291016,63.560001373291016,1460800.0,59.83042907714844
2018-06-11,64.91000366210938,63.52000045776367,63.7400016784668,64.66999816894531,3055500.0,60.87528991699219
2018-06-12,66.16999816894531,64.51000213623047,64.83000183105469,66.08999633789062,2345400.0,62.21196365356445
2018-06-13,67.06999969482422,65.62000274658203,66.19000244140625,66.0999984741211,2060500.0,62.22138977050781
2018-06-14,66.80000305175781,65.6500015258789,66.12999725341797,66.72000122070312,2069200.0,62.80500030517578
2018-06-15,67.9800033569336,66.4800033569336,66.7300033569336,67.88999938964844,3388000.0,63.906349182128906
2018-06-18,67.26000213623047,66.4000015258789,67.11000061035156,67.01000213623047,2586000.0,63.07798385620117
2018-06-19,67.79000091552734,66.5,66.69000244140625,67.62000274658203,1715400.0,63.652198791503906
2018-06-20,68.19000244140625,66.97000122070312,67.62000274658203,68.11000061035156,2782700.0,64.11343383789062
2018-06-21,68.25,67.16999816894531,68.22000122070312,67.47000122070312,1467500.0,63.510990142822266
2018-06-22,69.25,67.7300033569336,68.06999969482422,69.0199966430664,2537300.0,64.97004699707031
2018-06-25,70.95999908447266,68.98999786376953,69.0,69.79000091552734,2224100.0,65.69486236572266
2018-06-26,69.54000091552734,68.12999725341797,69.47000122070312,68.61000061035156,2009400.0,64.58409881591797
2018-06-27,69.05000305175781,67.56999969482422,68.2300033569336,67.79000091552734,1892000.0,63.81221389770508
2018-06-28,68.62999725341797,67.33000183105469,67.94999694824219,67.83999633789062,1643700.0,63.859283447265625
2018-06-29,68.66000366210938,67.37000274658203,67.94999694824219,68.04000091552734,1831600.0,64.04754638671875
2018-07-02,68.13999938964844,67.19999694824219,67.70999908447266,67.62000274658203,1101500.0,63.652198791503906
2018-07-03,68.16999816894531,67.2699966430664,67.76000213623047,67.69000244140625,846500.0,63.71809387207031
2018-07-05,69.77999877929688,68.08999633789062,68.31999969482422,69.69999694824219,2142500.0,65.61013793945312
2018-07-06,70.83000183105469,69.76000213623047,70.06999969482422,70.62000274658203,1398500.0,66.47615814208984
2018-07-09,70.94999694824219,69.66999816894531,70.66000366210938,69.81999969482422,1494200.0,65.72310638427734
2018-07-10,69.68000030517578,68.26000213623047,69.48999786376953,68.38999938964844,1991100.0,64.37700653076172
2018-07-11,68.9000015258789,67.44000244140625,68.52999877929688,68.61000061035156,3917600.0,64.58409881591797
2018-07-12,68.83000183105469,67.54000091552734,68.80000305175781,67.70999908447266,1407200.0,63.73691177368164
2018-07-13,68.31999969482422,67.55000305175781,67.75,68.0999984741211,1480800.0,64.1040267944336
2018-07-16,68.19000244140625,66.80000305175781,68.11000061035156,66.9000015258789,1858700.0,62.97443389892578
2018-07-17,67.87999725341797,66.44999694824219,66.55000305175781,67.0,4919000.0,63.068572998046875
2018-07-18,67.04000091552734,63.7599983215332,66.87999725341797,64.3499984741211,3399100.0,60.57406997680664
2018-07-19,64.44999694824219,63.5099983215332,63.9900016784668,63.869998931884766,4053000.0,60.12223815917969
2018-07-20,64.18000030517578,62.63999938964844,64.18000030517578,62.849998474121094,4208600.0,59.16208267211914
2018-07-23,63.65999984741211,62.5,62.5099983215332,63.2400016784668,2160600.0,59.52920150756836
2018-07-24,64.87000274658203,62.75,62.75,64.41000366210938,4355400.0,60.63055419921875
2018-07-25,65.58999633789062,64.69999694824219,64.86000061035156,65.41000366210938,3931700.0,61.57186508178711
2018-07-26,66.19999694824219,64.56999969482422,65.04000091552734,65.30000305175781,3984500.0,61.46832275390625
2018-07-27,65.7699966430664,63.63999938964844,65.30000305175781,64.27999877929688,1977700.0,60.508174896240234
2018-07-30,67.31999969482422,64.0999984741211,64.0999984741211,66.7699966430664,3976800.0,62.8520622253418
2018-07-31,68.08999633789062,66.43000030517578,67.05999755859375,67.0,4246000.0,63.068572998046875
2018-08-01,71.04000091552734,64.44999694824219,65.25,69.33000183105469,7643300.0,65.26184844970703
2018-08-02,69.95999908447266,67.81999969482422,69.79000091552734,68.83000183105469,4760100.0,64.79118347167969
2018-08-03,69.83999633789062,68.70999908447266,69.05000305175781,69.19999694824219,2201800.0,65.13948059082031
2018-08-06,69.93000030517578,68.94999694824219,69.33000183105469,69.05999755859375,2135400.0,65.00768280029297
2018-08-07,69.30000305175781,68.19999694824219,69.22000122070312,68.80000305175781,1586600.0,64.7629623413086
2018-08-08,68.97000122070312,66.52999877929688,68.8499984741211,66.58000183105469,2555400.0,62.6732177734375
2018-08-09,67.2300033569336,66.12999725341797,66.33000183105469,66.54000091552734,1912600.0,62.63557052612305
2018-08-10,66.41000366210938,65.19999694824219,66.0,65.45999908447266,2316200.0,61.61893844604492
2018-08-13,65.72000122070312,64.58000183105469,65.12000274658203,65.44000244140625,2433100.0,61.60010528564453
2018-08-14,67.69000244140625,65.80999755859375,65.88999938964844,67.38999938964844,1621600.0,63.43568801879883
2018-08-15,67.2699966430664,66.30000305175781,66.94000244140625,67.18000030517578,1674000.0,63.238014221191406
2018-08-16,68.22000122070312,67.20999908447266,67.41000366210938,67.88999938964844,1325600.0,63.906349182128906
2018-08-17,69.05000305175781,67.81999969482422,68.18000030517578,68.55999755859375,1476800.0,64.53702545166016
2018-08-20,68.95999908447266,68.11000061035156,68.51000213623047,68.68000030517578,1648500.0,64.64999389648438
2018-08-21,68.97000122070312,68.22000122070312,68.9000015258789,68.25,1267500.0,64.24522399902344
2018-08-22,68.36000061035156,67.77999877929688,68.3499984741211,68.19999694824219,920700.0,64.19815826416016
2018-08-23,68.54000091552734,67.81999969482422,68.04000091552734,68.0999984741211,1310700.0,64.1040267944336
2018-08-24,69.12999725341797,68.0,68.5999984741211,68.02999877929688,989100.0,64.03813934326172
2018-08-27,68.45999908447266,66.93000030517578,68.11000061035156,67.98999786376953,1035500.0,64.00048065185547
2018-08-28,68.43000030517578,66.79000091552734,67.87000274658203,67.01000213623047,1188600.0,63.07798385620117
2018-08-29,67.58000183105469,66.47000122070312,67.20999908447266,67.44000244140625,1779800.0,63.48275375366211
2018-08-30,67.41999816894531,66.56999969482422,66.94000244140625,66.93000030517578,915500.0,63.388038635253906
2018-08-31,67.30999755859375,66.41000366210938,66.66999816894531,66.73999786376953,906100.0,63.208106994628906
2018-09-04,66.73999786376953,64.5,66.38999938964844,64.88999938964844,2411500.0,61.455997467041016
2018-09-05,65.9000015258789,64.37000274658203,64.38999938964844,65.6500015258789,1329000.0,62.17578125
2018-09-06,66.62999725341797,65.37999725341797,65.86000061035156,66.41000366210938,1368500.0,62.895572662353516
2018-09-07,65.5199966430664,63.29999923706055,65.5,63.779998779296875,2551400.0,60.404747009277344
2018-09-10,65.16000366210938,63.68000030517578,63.880001068115234,64.7300033569336,1929100.0,61.30447006225586
2018-09-11,64.4800033569336,62.689998626708984,64.05000305175781,62.83000183105469,2263400.0,59.50502014160156
2018-09-12,63.41999816894531,62.599998474121094,62.72999954223633,63.08000183105469,1589000.0,59.74178695678711
2018-09-13,63.75,62.900001525878906,63.470001220703125,63.47999954223633,929800.0,60.12062454223633
2018-09-14,63.290000915527344,62.630001068115234,63.27000045776367,63.13999938964844,1520500.0,59.798614501953125
2018-09-17,64.26000213623047,63.0,63.29999923706055,64.04000091552734,1592200.0,60.65098571777344
2018-09-18,64.5,63.4900016784668,64.2699966430664,63.869998931884766,1291900.0,60.4899787902832
2018-09-19,65.23999786376953,63.54999923706055,63.54999923706055,64.27999877929688,1721800.0,60.87828063964844
2018-09-20,65.97000122070312,64.33999633789062,64.77999877929688,64.91999816894531,2184000.0,61.484413146972656
2018-09-21,65.2300033569336,64.3499984741211,65.0199966430664,64.77999877929688,2948100.0,61.35182189941406
2018-09-24,64.5,62.22999954223633,64.18000030517578,62.47999954223633,3092700.0,59.173545837402344
2018-09-25,62.779998779296875,61.31999969482422,62.779998779296875,61.84000015258789,2105700.0,58.567413330078125
2018-09-26,62.900001525878906,61.7400016784668,62.209999084472656,62.27000045776367,1513500.0,58.97465896606445
2018-09-27,62.47999954223633,61.43000030517578,62.060001373291016,61.7400016784668,921100.0,58.47270202636719
2018-09-28,61.95000076293945,61.22999954223633,61.5099983215332,61.5,1593400.0,58.245399475097656
2018-10-01,61.75,61.099998474121094,61.58000183105469,61.209999084472656,1649900.0,57.97074890136719
2018-10-02,62.130001068115234,61.11000061035156,61.11000061035156,62.060001373291016,1783900.0,58.77577209472656
2018-10-03,62.880001068115234,60.97999954223633,62.59000015258789,61.349998474121094,2280800.0,58.103336334228516
2018-10-04,61.7599983215332,60.790000915527344,61.11000061035156,61.369998931884766,2126900.0,58.122283935546875
2018-10-05,62.380001068115234,61.36000061035156,61.650001525878906,61.88999938964844,1779600.0,58.61476516723633
2018-10-08,63.09000015258789,61.900001525878906,62.08000183105469,62.75,1144700.0,59.429256439208984
2018-10-09,62.38999938964844,61.560001373291016,62.369998931884766,61.72999954223633,1225700.0,58.463233947753906
2018-10-10,62.54999923706055,61.290000915527344,61.540000915527344,61.310001373291016,1339400.0,58.065460205078125
2018-10-11,61.720001220703125,59.52000045776367,61.349998474121094,59.59000015258789,2400800.0,56.43647766113281
2018-10-12,60.189998626708984,58.79999923706055,60.0,59.33000183105469,1195800.0,56.190242767333984
2018-10-15,60.189998626708984,59.400001525878906,59.43000030517578,59.66999816894531,1326100.0,56.512245178222656
2018-10-16,60.54999923706055,59.439998626708984,60.0,60.22999954223633,1226000.0,57.04261016845703
2018-10-17,60.31999969482422,58.810001373291016,59.619998931884766,59.56999969482422,1468600.0,56.417537689208984
2018-10-18,60.380001068115234,58.75,59.75,58.970001220703125,1086600.0,55.84929275512695
2018-10-19,60.439998626708984,59.20000076293945,59.20000076293945,59.900001525878906,800400.0,56.73007583618164
2018-10-22,60.34000015258789,58.86000061035156,60.08000183105469,58.88999938964844,1274300.0,55.77352523803711
2018-10-23,58.9900016784668,57.02000045776367,58.61000061035156,58.29999923706055,1835600.0,55.21474075317383
2018-10-24,60.290000915527344,58.560001373291016,58.560001373291016,59.34000015258789,2062300.0,56.199710845947266
2018-10-25,58.34000015258789,56.650001525878906,58.209999084472656,56.83000183105469,4105800.0,53.822540283203125
2018-10-26,56.880001068115234,55.52000045776367,56.68000030517578,55.70000076293945,3617100.0,52.75233840942383
2018-10-29,57.0099983215332,56.060001373291016,56.29999923706055,56.59000015258789,3302200.0,53.59524154663086
2018-10-30,58.439998626708984,56.5,56.810001373291016,58.209999084472656,4770800.0,55.129512786865234
2018-10-31,64.91000366210938,61.31999969482422,62.099998474121094,64.0,6224300.0,60.613101959228516
2018-11-01,67.62000274658203,64.25,64.75,65.98999786376953,3939500.0,62.49778747558594
2018-11-02,66.41999816894531,62.38999938964844,66.08999633789062,63.119998931884766,2621800.0,59.77967834472656
2018-11-05,63.97999954223633,62.52000045776367,63.2599983215332,63.09000015258789,2125300.0,59.75126266479492
2018-11-06,63.45000076293945,61.16999816894531,62.40999984741211,62.650001525878906,2270200.0,59.33454513549805
2018-11-07,63.97999954223633,62.2599983215332,63.130001068115234,63.619998931884766,2008400.0,60.25320816040039
2018-11-08,64.70999908447266,63.310001373291016,63.47999954223633,63.970001220703125,1847900.0,60.584686279296875
2018-11-09,64.76000213623047,63.61000061035156,64.05000305175781,64.5,2148100.0,61.086639404296875
2018-11-12,66.05999755859375,63.65999984741211,64.05000305175781,65.5,2376900.0,62.033721923828125
2018-11-13,66.11000061035156,64.16999816894531,65.72000122070312,64.48999786376953,1528100.0,61.077171325683594
2018-11-14,64.9800033569336,63.959999084472656,64.88999938964844,64.75,1196400.0,61.32341384887695
2018-11-15,64.83000183105469,63.93000030517578,64.7300033569336,64.69000244140625,1287100.0,61.2665901184082
2018-11-16,64.93000030517578,64.06999969482422,64.55000305175781,64.73999786376953,1626900.0,61.31394577026367
2018-11-19,66.70999908447266,64.9000015258789,64.94000244140625,66.38999938964844,2167800.0,62.87662124633789
2018-11-20,66.9800033569336,64.56999969482422,65.69999694824219,64.87999725341797,1976000.0,61.44652557373047
2018-11-21,65.29000091552734,63.790000915527344,64.83000183105469,64.12999725341797,1487600.0,60.73622131347656
2018-11-23,64.55000305175781,63.66999816894531,64.18000030517578,64.0999984741211,703400.0,60.70780944824219
2018-11-26,65.33999633789062,64.30000305175781,64.7300033569336,64.9800033569336,1929100.0,61.54124069213867
2018-11-27,65.33000183105469,63.810001373291016,64.48999786376953,65.16999816894531,1299100.0,61.72118377685547
2018-11-28,66.11000061035156,64.68000030517578,65.06999969482422,65.91000366210938,2620500.0,62.422027587890625
2018-11-29,65.4800033569336,63.7400016784668,65.25,64.30999755859375,1823800.0,61.287940979003906
2018-11-30,65.86000061035156,64.5,64.5199966430664,65.7699966430664,2655600.0,62.67933654785156
2018-12-03,66.16999816894531,64.19999694824219,65.87000274658203,66.13999938964844,2014400.0,63.031944274902344
2018-12-04,66.30999755859375,64.72000122070312,65.87999725341797,64.87000274658203,2024400.0,61.82162857055664
2018-12-06,64.51000213623047,63.08000183105469,64.22000122070312,64.45999908447266,1972100.0,61.43089294433594
2018-12-07,65.37999725341797,63.029998779296875,64.1500015258789,63.369998931884766,1965800.0,60.392112731933594
2018-12-10,63.75,61.70000076293945,63.72999954223633,62.7400016784668,1415600.0,59.79172134399414
2018-12-11,63.689998626708984,62.189998626708984,63.0,62.540000915527344,1225100.0,59.60111999511719
2018-12-12,64.7699966430664,63.0099983215332,63.08000183105469,63.06999969482422,2734100.0,60.1062126159668
2018-12-13,64.19000244140625,62.7400016784668,63.459999084472656,63.20000076293945,1723100.0,60.230106353759766
2018-12-14,62.9900016784668,61.84000015258789,62.66999816894531,62.0,1600000.0,59.08649444580078
2018-12-17,62.290000915527344,60.279998779296875,61.849998474121094,60.56999969482422,2250600.0,57.723697662353516
2018-12-18,62.040000915527344,58.83000183105469,60.81999969482422,59.29999923706055,2246900.0,56.51336669921875
2018-12-19,60.20000076293945,57.52000045776367,59.400001525878906,57.77000045776367,2073900.0,55.05527114868164
2018-12-20,58.45000076293945,56.65999984741211,57.650001525878906,57.2400016784668,2179300.0,54.550174713134766
2018-12-21,58.619998931884766,55.439998626708984,57.2400016784668,55.5,2904800.0,52.89194107055664
2018-12-24,55.86000061035156,54.16999816894531,55.439998626708984,55.150001525878906,1086200.0,52.55839157104492
2018-12-26,56.16999816894531,54.599998474121094,55.310001373291016,56.15999984741211,3758900.0,53.52092742919922
2018-12-27,56.560001373291016,54.709999084472656,55.689998626708984,56.540000915527344,2304300.0,53.88307189941406
2018-12-28,57.11000061035156,55.70000076293945,56.70000076293945,55.939998626708984,2400700.0,53.31126022338867
2018-12-31,56.290000915527344,54.939998626708984,55.869998931884766,56.15999984741211,1951800.0,53.52092742919922
2019-01-02,57.599998474121094,55.29999923706055,55.880001068115234,57.09000015258789,1646300.0,54.4072265625
2019-01-03,58.099998474121094,56.650001525878906,57.0,57.869998931884766,2000900.0,55.150569915771484
2019-01-04,60.08000183105469,58.20000076293945,58.20000076293945,59.709999084472656,1601000.0,56.90410614013672
2019-01-07,60.38999938964844,58.88999938964844,59.33000183105469,59.58000183105469,2408000.0,56.780216217041016
2019-01-08,61.459999084472656,59.40999984741211,60.0,61.16999816894531,1945800.0,58.295494079589844
2019-01-09,61.290000915527344,59.97999954223633,60.5099983215332,61.0,1310500.0,58.133487701416016
2019-01-10,63.209999084472656,61.150001525878906,61.36000061035156,62.86000061035156,2668600.0,59.90608215332031
2019-01-11,63.689998626708984,62.720001220703125,63.279998779296875,63.34000015258789,1544100.0,60.363525390625
2019-01-14,63.380001068115234,62.20000076293945,63.04999923706055,62.36000061035156,2608000.0,59.4295768737793
2019-01-15,62.720001220703125,61.72999954223633,62.4900016784668,62.43000030517578,1139300.0,59.49628829956055
2019-01-16,62.56999969482422,61.189998626708984,62.099998474121094,61.2599983215332,1253400.0,58.38126754760742
2019-01-17,62.09000015258789,61.09000015258789,61.13999938964844,61.779998779296875,1792500.0,58.8768310546875
2019-01-18,63.7599983215332,62.20000076293945,62.20000076293945,63.619998931884766,1630700.0,60.630367279052734
2019-01-22,64.1500015258789,62.84000015258789,63.54999923706055,64.0999984741211,2016500.0,61.087806701660156
2019-01-23,64.66000366210938,63.849998474121094,64.37999725341797,64.41999816894531,1172200.0,61.39277267456055
2019-01-24,64.20999908447266,63.0,64.0999984741211,63.38999938964844,1486600.0,60.41117477416992
2019-01-25,65.16999816894531,63.81999969482422,63.86000061035156,64.4000015258789,1452900.0,61.373714447021484
2019-01-28,64.36000061035156,63.40999984741211,64.18000030517578,64.1500015258789,918000.0,61.13546371459961
2019-01-29,64.87999725341797,63.77000045776367,64.3499984741211,64.75,957300.0,61.7072639465332
2019-01-30,65.88999938964844,64.33999633789062,64.98999786376953,65.33000183105469,1028400.0,62.260013580322266
2019-01-31,66.66999816894531,65.19999694824219,65.51000213623047,66.61000061035156,1272700.0,63.4798583984375
2019-02-01,66.9800033569336,65.91000366210938,66.68000030517578,66.0,1375900.0,62.89853286743164
2019-02-04,66.16000366210938,65.37000274658203,65.91999816894531,65.8499984741211,1160200.0,62.75556945800781
2019-02-05,67.23999786376953,65.91000366210938,66.25,66.51000213623047,1817300.0,63.38456344604492
2019-02-06,66.69000244140625,65.08999633789062,66.22000122070312,65.66999816894531,1441700.0,62.58403778076172
2019-02-07,66.12000274658203,65.19999694824219,65.6500015258789,65.56999969482422,1190200.0,62.48873519897461
2019-02-08,65.73999786376953,64.45999908447266,65.41999816894531,64.94000244140625,1683500.0,61.888343811035156
2019-02-11,65.38999938964844,64.5999984741211,65.12000274658203,65.36000061035156,2507400.0,62.288604736328125
2019-02-12,62.0,59.0099983215332,60.209999084472656,59.189998626708984,7651100.0,56.408538818359375
2019-02-13,59.7599983215332,58.41999816894531,59.11000061035156,59.68000030517578,4930500.0,56.87551498413086
2019-02-14,60.349998474121094,59.31999969482422,59.369998931884766,59.84000015258789,2387600.0,57.027992248535156
2019-02-15,61.150001525878906,60.099998474121094,60.400001525878906,60.90999984741211,1617400.0,58.04771423339844
2019-02-19,61.349998474121094,60.189998626708984,60.65999984741211,61.11000061035156,1634900.0,58.238319396972656
2019-02-20,63.15999984741211,60.959999084472656,60.959999084472656,61.38999938964844,3103200.0,58.505157470703125
2019-02-21,62.689998626708984,61.08000183105469,61.599998474121094,62.08000183105469,1425300.0,59.16273498535156
2019-02-22,62.060001373291016,60.5,61.5099983215332,61.93000030517578,1228200.0,59.019779205322266
2019-02-25,62.2400016784668,61.040000915527344,62.2400016784668,61.040000915527344,2404100.0,58.17161178588867
2019-02-26,61.36000061035156,60.880001068115234,61.18000030517578,61.040000915527344,1131300.0,58.17161178588867
2019-02-27,61.34000015258789,60.68000030517578,60.81999969482422,61.11000061035156,2507600.0,58.238319396972656
2019-02-28,62.290000915527344,61.15999984741211,61.369998931884766,61.65999984741211,1682000.0,58.76247024536133
2019-03-01,62.150001525878906,61.310001373291016,61.540000915527344,61.40999984741211,2098300.0,58.91597366333008
2019-03-04,61.68000030517578,60.599998474121094,61.349998474121094,61.25,1590100.0,58.762474060058594
2019-03-05,61.40999984741211,60.47999954223633,61.0,61.09000015258789,1711000.0,58.608970642089844
2019-03-06,61.43000030517578,59.849998474121094,61.16999816894531,60.15999984741211,1622700.0,57.716739654541016
2019-03-07,60.2599983215332,59.75,60.20000076293945,60.040000915527344,1552800.0,57.60161209106445
2019-03-08,60.16999816894531,59.31999969482422,60.08000183105469,59.45000076293945,996700.0,57.03557586669922
2019-03-11,60.2599983215332,59.27000045776367,59.529998779296875,60.099998474121094,1140500.0,57.659175872802734
2019-03-12,60.52000045776367,59.959999084472656,60.20000076293945,60.209999084472656,1091700.0,57.764705657958984
2019-03-13,61.18000030517578,60.15999984741211,60.2599983215332,60.59000015258789,2108400.0,58.129276275634766
2019-03-14,60.86000061035156,60.29999923706055,60.56999969482422,60.4900016784668,2108700.0,58.03334045410156
2019-03-15,61.540000915527344,60.43000030517578,60.4900016784668,60.81999969482422,2439400.0,58.34992980957031
2019-03-18,61.27000045776367,60.65999984741211,60.97999954223633,60.95000076293945,1098000.0,58.47465515136719
2019-03-19,61.439998626708984,60.470001220703125,61.119998931884766,60.7599983215332,1602400.0,58.29236602783203
2019-03-20,60.630001068115234,59.209999084472656,60.52000045776367,59.77000045776367,2212800.0,57.34257888793945
2019-03-21,60.810001373291016,59.45000076293945,59.47999954223633,60.810001373291016,1281300.0,58.3403434753418
2019-03-22,60.34000015258789,59.439998626708984,60.34000015258789,59.45000076293945,1225200.0,57.03557586669922
2019-03-25,59.52000045776367,58.75,59.36000061035156,58.75,1238800.0,56.36400604248047
2019-03-26,59.47999954223633,58.880001068115234,59.09000015258789,59.47999954223633,1295600.0,57.064353942871094
2019-03-27,59.77000045776367,58.779998779296875,59.29999923706055,59.290000915527344,1397100.0,56.882076263427734
2019-03-28,59.70000076293945,59.13999938964844,59.38999938964844,59.27000045776367,1374300.0,56.862884521484375
2019-03-29,60.22999954223633,59.439998626708984,59.689998626708984,59.650001525878906,1846400.0,57.227455139160156
2019-04-01,60.65999984741211,59.84000015258789,59.959999084472656,60.369998931884766,1333300.0,57.918212890625
2019-04-02,60.47999954223633,59.84000015258789,60.41999816894531,60.150001525878906,1106900.0,57.70714569091797
2019-04-03,60.400001525878906,59.369998931884766,60.099998474121094,59.84000015258789,1493000.0,57.409732818603516
2019-04-04,60.90999984741211,59.83000183105469,60.04999923706055,60.7599983215332,1349300.0,58.29236602783203
2019-04-05,61.0,60.13999938964844,60.7599983215332,60.630001068115234,1068800.0,58.16765213012695
2019-04-08,61.0099983215332,60.349998474121094,60.349998474121094,60.790000915527344,1171600.0,58.3211555480957
2019-04-09,60.5099983215332,59.22999954223633,60.279998779296875,59.54999923706055,1428600.0,57.13151550292969
2019-04-10,59.66999816894531,58.7599983215332,59.5,59.400001525878906,1680700.0,56.987606048583984
2019-04-11,60.720001220703125,59.72999954223633,59.81999969482422,60.06999969482422,1464000.0,57.630393981933594
2019-04-12,60.939998626708984,59.880001068115234,60.25,59.97999954223633,729200.0,57.54405212402344
2019-04-15,60.61000061035156,60.0,60.25,60.45000076293945,990400.0,57.994964599609375
2019-04-16,60.77000045776367,59.43000030517578,60.45000076293945,59.529998779296875,1771300.0,57.11231994628906
2019-04-17,60.13999938964844,59.220001220703125,59.59000015258789,59.41999816894531,1143400.0,57.00679016113281
2019-04-18,61.529998779296875,59.68000030517578,59.70000076293945,61.400001525878906,1917900.0,58.9063835144043
2019-04-22,62.33000183105469,61.040000915527344,61.4900016784668,61.15999984741211,1892100.0,58.67612838745117
2019-04-23,61.279998779296875,60.31999969482422,61.150001525878906,61.279998779296875,1583800.0,58.791255950927734
2019-04-24,62.529998779296875,61.2400016784668,61.38999938964844,62.5099983215332,1661000.0,59.9713020324707
2019-04-25,63.0,61.709999084472656,61.959999084472656,62.79999923706055,1359300.0,60.24952697753906
2019-04-26,64.12000274658203,63.0099983215332,63.0099983215332,63.83000183105469,1339700.0,61.237693786621094
2019-04-29,64.08999633789062,63.56999969482422,63.720001220703125,63.880001068115234,2163300.0,61.28566360473633
2019-04-30,64.31999969482422,63.27000045776367,63.720001220703125,64.19000244140625,2388700.0,61.583072662353516
2019-05-01,62.9900016784668,59.189998626708984,62.9900016784668,59.349998474121094,4781100.0,56.93963623046875
2019-05-02,59.9900016784668,58.5099983215332,59.20000076293945,59.91999816894531,1902000.0,57.48648452758789
2019-05-03,61.439998626708984,60.29999923706055,60.459999084472656,61.369998931884766,1708000.0,58.877601623535156
2019-05-06,61.4900016784668,60.619998931884766,60.75,60.97999954223633,1166600.0,58.50343704223633
2019-05-07,60.7400016784668,59.58000183105469,60.59000015258789,60.08000183105469,1692800.0,57.63999557495117
2019-05-08,59.849998474121094,58.52000045776367,59.84000015258789,59.18000030517578,1955400.0,56.77653884887695
2019-05-09,58.970001220703125,57.529998779296875,58.790000915527344,58.349998474121094,1392200.0,55.980247497558594
2019-05-10,58.65999984741211,57.36000061035156,58.220001220703125,58.63999938964844,1285600.0,56.25847244262695
2019-05-13,58.09000015258789,57.380001068115234,58.02000045776367,57.869998931884766,1074300.0,55.51974105834961
2019-05-14,58.880001068115234,57.88999938964844,58.099998474121094,58.41999816894531,1175000.0,56.047401428222656
2019-05-15,58.900001525878906,58.06999969482422,58.34000015258789,58.29999923706055,1239900.0,55.93227767944336
2019-05-16,59.2400016784668,58.2599983215332,58.369998931884766,58.540000915527344,1367000.0,56.162532806396484
2019-05-17,58.9900016784668,58.20000076293945,58.310001373291016,58.65999984741211,836800.0,56.27766036987305
2019-05-20,58.75,57.880001068115234,58.33000183105469,58.060001373291016,854000.0,55.702030181884766
2019-05-21,58.81999969482422,58.060001373291016,58.15999984741211,58.77000045776367,772800.0,56.3831901550293
2019-05-22,59.43000030517578,58.380001068115234,58.52000045776367,59.25,1021200.0,56.84369659423828
2019-05-23,59.439998626708984,58.369998931884766,58.790000915527344,59.41999816894531,1235000.0,57.00679016113281
2019-05-24,60.2400016784668,58.560001373291016,59.459999084472656,58.720001220703125,1081100.0,56.33522033691406
2019-05-28,58.959999084472656,57.130001068115234,58.72999954223633,57.2400016784668,1727200.0,54.91532897949219
2019-05-29,57.08000183105469,55.04999923706055,57.060001373291016,55.459999084472656,2175600.0,53.207618713378906
2019-05-30,55.720001220703125,54.29999923706055,55.290000915527344,54.75,2062100.0,52.52645492553711
2019-05-31,55.060001373291016,53.40999984741211,53.709999084472656,54.97999954223633,2538700.0,53.14509582519531
2019-06-03,56.099998474121094,54.650001525878906,54.83000183105469,55.900001525878906,1771200.0,54.034393310546875
2019-06-04,58.02000045776367,56.36000061035156,56.41999816894531,57.97999954223633,1785800.0,56.04497528076172
2019-06-05,58.41999816894531,57.25,58.41999816894531,57.41999816894531,1569900.0,55.503662109375
2019-06-06,57.93000030517578,57.47999954223633,57.59000015258789,57.709999084472656,1322700.0,55.78398513793945
2019-06-07,58.560001373291016,55.75,58.189998626708984,56.970001220703125,2768800.0,55.06868362426758
2019-06-10,56.56999969482422,54.5,56.540000915527344,54.7400016784668,2508200.0,52.913108825683594
2019-06-11,54.97999954223633,53.84000015258789,54.72999954223633,54.630001068115234,2552500.0,52.80678176879883
2019-06-12,55.459999084472656,54.720001220703125,54.90999984741211,54.849998474121094,1405400.0,53.01943588256836
2019-06-13,55.279998779296875,54.56999969482422,55.0,55.11000061035156,1375100.0,53.27075958251953
2019-06-14,55.38999938964844,53.810001373291016,54.97999954223633,54.0,1954100.0,52.19780349731445
2019-06-17,54.0,53.25,53.869998931884766,53.65999984741211,1814700.0,51.86914825439453
2019-06-18,54.5099983215332,53.91999816894531,54.279998779296875,54.11000061035156,1328500.0,52.304134368896484
2019-06-19,55.11000061035156,53.86000061035156,54.20000076293945,54.65999984741211,1351100.0,52.83577346801758
2019-06-20,55.45000076293945,54.63999938964844,54.7599983215332,54.97999954223633,1420300.0,53.14509582519531
2019-06-21,55.540000915527344,54.369998931884766,55.0,55.41999816894531,2205400.0,53.57040786743164
2019-06-24,55.810001373291016,54.95000076293945,55.439998626708984,55.459999084472656,1073100.0,53.60907745361328
2019-06-25,55.68000030517578,54.529998779296875,55.4900016784668,55.400001525878906,1385400.0,53.551082611083984
2019-06-26,55.400001525878906,54.65999984741211,55.22999954223633,54.959999084472656,1580100.0,53.125762939453125
2019-06-27,55.54999923706055,54.7400016784668,54.970001220703125,55.33000183105469,1254700.0,53.48341751098633
2019-06-28,56.43000030517578,55.5,55.75,56.0,1959800.0,54.13105392456055
2019-07-01,56.4900016784668,55.7599983215332,56.290000915527344,56.310001373291016,1239700.0,54.43070983886719
2019-07-02,56.7400016784668,55.93000030517578,56.59000015258789,56.130001068115234,772100.0,54.256717681884766
2019-07-03,57.060001373291016,56.41999816894531,56.52000045776367,56.86000061035156,789200.0,54.96235275268555
2019-07-05,56.93000030517578,55.95000076293945,56.77000045776367,56.849998474121094,614700.0,54.95268249511719
2019-07-08,56.959999084472656,56.279998779296875,56.90999984741211,56.45000076293945,758900.0,54.5660400390625
2019-07-09,56.209999084472656,55.099998474121094,56.15999984741211,55.540000915527344,1017100.0,53.68640899658203
2019-07-10,56.310001373291016,55.68000030517578,55.880001068115234,55.869998931884766,1120200.0,54.005393981933594
2019-07-11,55.91999816894531,54.290000915527344,55.810001373291016,54.77000045776367,1116100.0,52.94210433959961
2019-07-12,54.97999954223633,54.2400016784668,54.79999923706055,54.380001068115234,2308100.0,52.56512451171875
2019-07-15,53.79999923706055,52.36000061035156,53.290000915527344,53.70000076293945,1956600.0,51.907814025878906
2019-07-16,54.56999969482422,53.38999938964844,53.63999938964844,54.4900016784668,1603800.0,52.671451568603516
2019-07-17,54.83000183105469,54.11000061035156,54.65999984741211,54.290000915527344,1266600.0,52.478126525878906
2019-07-18,54.650001525878906,53.47999954223633,54.0,54.38999938964844,1091700.0,52.57478713989258
2019-07-19,55.099998474121094,54.400001525878906,55.02000045776367,54.59000015258789,1545800.0,52.76811218261719
2019-07-22,55.04999923706055,54.029998779296875,54.779998779296875,54.22999954223633,1316200.0,52.42012405395508
2019-07-23,56.75,54.36000061035156,54.5,56.29999923706055,2525900.0,54.421043395996094
2019-07-24,56.7599983215332,56.06999969482422,56.2599983215332,56.650001525878906,1239000.0,54.75936508178711
2019-07-25,57.709999084472656,56.13999938964844,56.79999923706055,56.66999816894531,1696700.0,54.778690338134766
2019-07-26,56.97999954223633,56.380001068115234,56.72999954223633,56.59000015258789,1586700.0,54.70136260986328
2019-07-29,56.97999954223633,56.25,56.70000076293945,56.5099983215332,1236700.0,54.62403106689453
2019-07-30,57.0,56.09000015258789,56.38999938964844,56.91999816894531,1510700.0,55.020347595214844
2019-07-31,54.27000045776367,51.79999923706055,53.06999969482422,53.9900016784668,6778900.0,52.18813705444336
2019-08-01,54.25,52.459999084472656,53.0099983215332,52.4900016784668,3219800.0,50.73820114135742
2019-08-02,52.970001220703125,52.02000045776367,52.65999984741211,52.2400016784668,1980600.0,50.496543884277344
2019-08-05,52.06999969482422,49.91999816894531,51.900001525878906,50.59000015258789,3156100.0,48.901607513427734
2019-08-06,51.560001373291016,50.68000030517578,51.029998779296875,51.189998626708984,2697800.0,49.48158264160156
2019-08-07,52.290000915527344,50.54999923706055,50.91999816894531,52.13999938964844,1804200.0,50.39987564086914
2019-08-08,52.779998779296875,51.88999938964844,52.40999984741211,52.720001220703125,1368600.0,50.96052551269531
2019-08-09,52.75,52.130001068115234,52.470001220703125,52.650001525878906,1536300.0,50.892860412597656
2019-08-12,52.400001525878906,51.959999084472656,52.310001373291016,52.0099983215332,1835100.0,50.27421569824219
2019-08-13,52.95000076293945,51.619998931884766,52.209999084472656,51.68000030517578,1912100.0,49.955230712890625
2019-08-14,51.41999816894531,50.290000915527344,51.25,50.34000015258789,2103100.0,48.659950256347656
2019-08-15,50.95000076293945,50.150001525878906,50.470001220703125,50.86000061035156,1443400.0,49.16259765625
2019-08-16,52.04999923706055,50.689998626708984,50.97999954223633,51.880001068115234,1504200.0,50.1485595703125
2019-08-19,52.84000015258789,51.95000076293945,52.439998626708984,52.5,1479300.0,50.74786376953125
2019-08-20,52.77000045776367,51.9900016784668,52.52000045776367,52.15999984741211,935300.0,50.41920852661133
2019-08-21,52.41999816894531,51.52000045776367,52.11000061035156,51.779998779296875,1707300.0,50.0518913269043
2019-08-22,52.29999923706055,51.47999954223633,51.869998931884766,51.689998626708984,1287900.0,49.96489715576172
2019-08-23,51.65999984741211,49.95000076293945,51.560001373291016,50.06999969482422,1643200.0,48.39896011352539
2019-08-26,50.599998474121094,50.09000015258789,50.33000183105469,50.56999969482422,1461700.0,48.88227462768555
2019-08-27,50.790000915527344,50.040000915527344,50.630001068115234,50.16999816894531,1643700.0,48.49562454223633
2019-08-28,51.2599983215332,49.91999816894531,50.209999084472656,51.150001525878906,923900.0,49.44291687011719
2019-08-29,51.459999084472656,50.88999938964844,51.11000061035156,51.04999923706055,768600.0,49.90235137939453
2019-08-30,51.599998474121094,51.06999969482422,51.20000076293945,51.36000061035156,1390300.0,50.20538330078125
2019-09-03,52.61000061035156,50.779998779296875,51.09000015258789,52.38999938964844,2111300.0,51.21222686767578
2019-09-04,53.310001373291016,52.66999816894531,52.810001373291016,53.130001068115234,927100.0,51.93559646606445
2019-09-05,53.689998626708984,53.130001068115234,53.369998931884766,53.18000030517578,1659000.0,51.984466552734375
2019-09-06,53.4900016784668,53.130001068115234,53.380001068115234,53.41999816894531,1464400.0,52.21907043457031
2019-09-09,55.93000030517578,53.40999984741211,53.40999984741211,55.869998931884766,2019400.0,54.61399459838867
2019-09-10,56.79999923706055,55.41999816894531,55.79999923706055,56.599998474121094,2342000.0,55.327579498291016
2019-09-11,56.650001525878906,55.5,56.369998931884766,56.380001068115234,1694500.0,55.11252975463867
2019-09-12,56.9900016784668,56.0,56.900001525878906,56.25,1183200.0,54.985450744628906
2019-09-13,57.2400016784668,56.31999969482422,56.43000030517578,57.16999816894531,1395300.0,55.884765625
2019-09-16,57.599998474121094,56.68000030517578,56.9900016784668,57.54999923706055,1476900.0,56.2562255859375
2019-09-17,57.630001068115234,55.560001373291016,57.529998779296875,55.68000030517578,2197700.0,54.42826461791992
2019-09-18,55.560001373291016,54.43000030517578,55.400001525878906,55.040000915527344,2007300.0,53.80265426635742
2019-09-19,55.310001373291016,54.70000076293945,55.04999923706055,55.040000915527344,1239200.0,53.80265426635742
2019-09-20,56.459999084472656,55.36000061035156,55.52000045776367,56.2599983215332,2106000.0,54.99522399902344
2019-09-23,56.52000045776367,55.7599983215332,56.220001220703125,56.209999084472656,1377300.0,54.94635009765625
2019-09-24,56.40999984741211,55.45000076293945,56.20000076293945,55.849998474121094,1122600.0,54.59444046020508
2019-09-25,56.220001220703125,55.529998779296875,56.04999923706055,56.13999938964844,1195800.0,54.877925872802734
2019-09-26,57.29999923706055,56.119998931884766,56.31999969482422,57.09000015258789,1398600.0,55.80656814575195
2019-09-27,57.709999084472656,56.939998626708984,57.34000015258789,57.470001220703125,1687800.0,56.17802810668945
2019-09-30,58.130001068115234,57.380001068115234,57.63999938964844,57.5,1575900.0,56.20734786987305
2019-10-01,58.36000061035156,57.599998474121094,57.70000076293945,58.11000061035156,1127900.0,56.80363845825195
2019-10-02,57.95000076293945,56.36000061035156,57.599998474121094,56.720001220703125,1341600.0,55.444889068603516
2019-10-03,56.849998474121094,55.18000030517578,56.220001220703125,56.619998931884766,1390300.0,55.34713363647461
2019-10-04,56.880001068115234,55.650001525878906,56.61000061035156,56.630001068115234,1254700.0,55.356910705566406
2019-10-07,57.119998931884766,56.130001068115234,56.72999954223633,56.16999816894531,1192400.0,54.90724563598633
2019-10-08,56.0,55.06999969482422,56.0,55.34000015258789,1328200.0,54.095909118652344
2019-10-09,55.880001068115234,55.15999984741211,55.709999084472656,55.5099983215332,1311000.0,54.2620849609375
2019-10-10,56.08000183105469,55.220001220703125,55.52000045776367,55.720001220703125,976000.0,54.467369079589844
2019-10-11,56.540000915527344,55.52000045776367,55.52000045776367,56.060001373291016,1024800.0,54.79972457885742
2019-10-14,56.33000183105469,55.56999969482422,55.81999969482422,56.2400016784668,805500.0,54.975677490234375
2019-10-15,56.83000183105469,55.970001220703125,56.25,56.68000030517578,1875200.0,55.405784606933594
2019-10-16,56.95000076293945,56.209999084472656,56.95000076293945,56.31999969482422,1260100.0,55.05387878417969
2019-10-17,57.61000061035156,56.369998931884766,56.58000183105469,57.0,1474300.0,55.718589782714844
2019-10-18,57.150001525878906,56.7400016784668,57.150001525878906,56.97999954223633,1572300.0,55.69904327392578
2019-10-21,57.310001373291016,56.970001220703125,57.18000030517578,57.15999984741211,1352500.0,55.874996185302734
2019-10-22,59.31999969482422,57.119998931884766,57.36000061035156,59.29999923706055,2654000.0,57.96688461303711
2019-10-23,59.560001373291016,58.61000061035156,58.900001525878906,59.470001220703125,1502100.0,58.13306427001953
2019-10-24,59.720001220703125,58.529998779296875,59.54999923706055,58.900001525878906,1582000.0,57.57588195800781
2019-10-25,57.88999938964844,56.060001373291016,57.40999984741211,56.84000015258789,3497200.0,55.56218719482422
2019-10-28,57.130001068115234,54.54999923706055,56.7400016784668,54.56999969482422,3442700.0,53.34321594238281
2019-10-29,54.9900016784668,54.06999969482422,54.65999984741211,54.689998626708984,3482500.0,53.46052169799805
2019-10-30,54.86000061035156,51.900001525878906,52.970001220703125,53.0,4119100.0,51.80851364135742
2019-10-31,53.209999084472656,52.34000015258789,52.95000076293945,52.720001220703125,1963800.0,51.534812927246094
2019-11-01,53.33000183105469,52.58000183105469,52.790000915527344,52.70000076293945,1455300.0,51.5152587890625
2019-11-04,54.06999969482422,52.81999969482422,53.130001068115234,53.61000061035156,1275600.0,52.40480422973633
2019-11-05,55.060001373291016,53.650001525878906,53.849998474121094,54.380001068115234,2068000.0,53.157493591308594
2019-11-06,54.91999816894531,54.119998931884766,54.720001220703125,54.47999954223633,1394200.0,53.255245208740234
2019-11-07,55.060001373291016,53.400001525878906,54.709999084472656,53.5099983215332,1308500.0,52.30704879760742
2019-11-08,53.84000015258789,53.189998626708984,53.54999923706055,53.790000915527344,1061900.0,52.58075714111328
2019-11-11,53.790000915527344,53.04999923706055,53.7400016784668,53.310001373291016,1035200.0,52.11154556274414
2019-11-12,53.529998779296875,52.619998931884766,53.5,52.66999816894531,1481300.0,51.485931396484375
2019-11-13,52.81999969482422,51.720001220703125,52.81999969482422,51.95000076293945,1489500.0,50.78211975097656
2019-11-14,52.220001220703125,51.29999923706055,52.11000061035156,51.29999923706055,1502200.0,50.146728515625
2019-11-15,52.720001220703125,51.27000045776367,51.369998931884766,52.52000045776367,1827200.0,51.33930587768555
2019-11-18,52.84000015258789,51.83000183105469,52.540000915527344,51.959999084472656,1169300.0,50.79189682006836
2019-11-19,52.43000030517578,51.66999816894531,51.970001220703125,52.40999984741211,1071200.0,51.23177719116211
2019-11-20,53.33000183105469,52.29999923706055,52.459999084472656,52.38999938964844,2192900.0,51.21222686767578
2019-11-21,52.75,52.209999084472656,52.38999938964844,52.54999923706055,1364700.0,51.36863327026367
2019-11-22,53.029998779296875,52.08000183105469,52.810001373291016,52.279998779296875,802000.0,51.10470199584961
2019-11-25,52.599998474121094,51.650001525878906,51.72999954223633,52.41999816894531,1093800.0,51.24155044555664
2019-11-26,52.099998474121094,50.619998931884766,51.5099983215332,51.060001373291016,2205400.0,49.91212844848633
2019-11-27,51.45000076293945,50.619998931884766,51.209999084472656,50.72999954223633,2356000.0,49.58954620361328
2019-11-29,50.70000076293945,50.220001220703125,50.70000076293945,50.47999954223633,696700.0,49.905906677246094
2019-12-02,50.88999938964844,50.29999923706055,50.41999816894531,50.66999816894531,1759200.0,50.09374237060547
2019-12-03,50.75,49.81999969482422,50.560001373291016,50.099998474121094,1635300.0,49.53022766113281
2019-12-04,51.650001525878906,50.099998474121094,50.130001068115234,51.130001068115234,1881700.0,50.54851531982422
2019-12-05,51.349998474121094,50.029998779296875,51.06999969482422,50.349998474121094,1508300.0,49.777381896972656
2019-12-06,51.20000076293945,50.529998779296875,50.689998626708984,51.060001373291016,1062200.0,50.479312896728516
2019-12-09,51.630001068115234,50.9900016784668,51.060001373291016,51.529998779296875,1616000.0,50.943965911865234
2019-12-10,51.439998626708984,50.77000045776367,51.36000061035156,51.209999084472656,1694100.0,50.62760543823242
2019-12-11,51.560001373291016,50.849998474121094,51.47999954223633,51.16999816894531,1124500.0,50.58805847167969
2019-12-12,51.83000183105469,51.08000183105469,51.15999984741211,51.36000061035156,1326500.0,50.77589797973633
2019-12-13,51.90999984741211,50.66999816894531,51.560001373291016,50.810001373291016,1593500.0,50.232154846191406
2019-12-16,52.20000076293945,51.0,51.20000076293945,51.97999954223633,2896800.0,51.38884735107422
2019-12-17,52.619998931884766,51.79999923706055,51.79999923706055,52.45000076293945,1280000.0,51.8535041809082
2019-12-18,52.970001220703125,52.33000183105469,52.540000915527344,52.95000076293945,2549400.0,52.347816467285156
2019-12-19,53.45000076293945,52.439998626708984,52.83000183105469,53.25,2803600.0,52.644405364990234
2019-12-20,54.93000030517578,53.689998626708984,53.959999084472656,53.86000061035156,6347500.0,53.247467041015625
2019-12-23,54.25,52.86000061035156,54.040000915527344,53.04999923706055,2770900.0,52.446678161621094
2019-12-24,53.619998931884766,52.81999969482422,52.970001220703125,53.279998779296875,747700.0,52.6740608215332
2019-12-26,53.61000061035156,53.209999084472656,53.279998779296875,53.61000061035156,795000.0,53.00031280517578
2019-12-27,53.970001220703125,53.529998779296875,53.79999923706055,53.83000183105469,1084800.0,53.217811584472656
2019-12-30,53.970001220703125,53.459999084472656,53.849998474121094,53.779998779296875,1395400.0,53.16837692260742
2019-12-31,54.040000915527344,53.279998779296875,53.7599983215332,53.900001525878906,1644600.0,53.28701400756836
2020-01-02,54.41999816894531,53.09000015258789,54.25,53.540000915527344,1771400.0,52.93110656738281
2020-01-03,53.470001220703125,52.689998626708984,53.119998931884766,53.380001068115234,1955300.0,52.772926330566406
2020-01-06,54.97999954223633,53.54999923706055,53.709999084472656,54.630001068115234,2429900.0,54.00871276855469
2020-01-07,54.79999923706055,54.130001068115234,54.38999938964844,54.4900016784668,2385800.0,53.870304107666016
2020-01-08,55.470001220703125,54.08000183105469,54.619998931884766,55.02000045776367,1979000.0,54.3942756652832
2020-01-09,55.189998626708984,54.310001373291016,55.119998931884766,54.959999084472656,1341100.0,54.334957122802734
2020-01-10,55.43000030517578,55.0,55.02000045776367,55.06999969482422,1044500.0,54.44370651245117
2020-01-13,55.38999938964844,54.7599983215332,55.16999816894531,55.38999938964844,1778800.0,54.760066986083984
2020-01-14,55.95000076293945,55.060001373291016,55.25,55.95000076293945,2209500.0,55.313697814941406
2020-01-15,56.59000015258789,55.5,55.630001068115234,55.91999816894531,1251200.0,55.28403854370117
2020-01-16,56.70000076293945,55.7400016784668,55.939998626708984,56.56999969482422,1139000.0,55.9266471862793
2020-01-17,57.060001373291016,56.439998626708984,56.720001220703125,56.56999969482422,1020000.0,55.9266471862793
2020-01-21,56.790000915527344,55.88999938964844,56.31999969482422,56.5,1495600.0,55.857444763183594
2020-01-22,56.65999984741211,56.02000045776367,56.45000076293945,56.47999954223633,941100.0,55.837669372558594
2020-01-23,57.04999923706055,55.959999084472656,56.209999084472656,56.7400016784668,1267500.0,56.0947151184082
2020-01-24,56.91999816894531,55.560001373291016,56.88999938964844,56.119998931884766,1415200.0,55.48176193237305
2020-01-27,56.400001525878906,55.27000045776367,55.29999923706055,55.939998626708984,1294000.0,55.303810119628906
2020-01-28,56.56999969482422,55.88999938964844,56.029998779296875,56.09000015258789,1274300.0,55.45210647583008
2020-01-29,56.849998474121094,56.119998931884766,56.31999969482422,56.29999923706055,1043400.0,55.65971755981445
2020-01-30,56.369998931884766,55.72999954223633,56.099998474121094,56.2599983215332,1136400.0,55.62017059326172
2020-01-31,56.16999816894531,55.38999938964844,56.08000183105469,55.58000183105469,3851300.0,54.947906494140625
2020-02-03,56.720001220703125,55.7400016784668,55.75,56.310001373291016,1656800.0,55.66960525512695
2020-02-04,57.310001373291016,56.81999969482422,56.869998931884766,56.90999984741211,1382800.0,56.262779235839844
2020-02-05,58.08000183105469,57.029998779296875,57.029998779296875,58.02000045776367,1489100.0,57.36015701293945
2020-02-06,58.380001068115234,57.5,58.27000045776367,57.5,1257200.0,56.8460693359375
2020-02-07,57.90999984741211,57.02000045776367,57.099998474121094,57.779998779296875,979300.0,57.122886657714844
2020-02-10,58.04999923706055,57.40999984741211,57.58000183105469,57.84000015258789,1316000.0,57.18220520019531
2020-02-11,58.689998626708984,57.880001068115234,58.27000045776367,58.04999923706055,1890600.0,57.38981628417969
2020-02-12,61.939998626708984,55.4900016784668,61.09000015258789,55.5,6471100.0,54.86881637573242
2020-02-13,55.72999954223633,54.470001220703125,55.279998779296875,55.36000061035156,2232900.0,54.73040771484375
2020-02-14,55.790000915527344,54.880001068115234,55.47999954223633,55.25,2123400.0,54.62165832519531
2020-02-18,55.45000076293945,53.97999954223633,55.150001525878906,54.45000076293945,2385900.0,53.83075714111328
2020-02-19,55.09000015258789,53.91999816894531,54.380001068115234,54.880001068115234,1688600.0,54.25586700439453
2020-02-20,55.43000030517578,54.58000183105469,54.72999954223633,55.40999984741211,1113000.0,54.77983856201172
2020-02-21,55.47999954223633,54.869998931884766,55.029998779296875,55.290000915527344,1636700.0,54.66120529174805
2020-02-24,54.599998474121094,53.470001220703125,54.34000015258789,54.20000076293945,1706800.0,53.58360290527344
2020-02-25,54.16999816894531,51.400001525878906,54.16999816894531,51.41999816894531,2277800.0,50.8352165222168
2020-02-26,53.130001068115234,51.41999816894531,51.540000915527344,51.7400016784668,3070100.0,51.151580810546875
2020-02-27,51.77000045776367,49.0,50.79999923706055,50.0099983215332,3142100.0,49.44124984741211
2020-02-28,49.619998931884766,47.619998931884766,48.709999084472656,49.61000061035156,3090000.0,49.04580307006836
2020-03-02,51.47999954223633,49.349998474121094,49.61000061035156,51.47999954223633,2477300.0,50.894535064697266
2020-03-03,52.2400016784668,49.709999084472656,51.400001525878906,50.43000030517578,1652700.0,49.856475830078125
2020-03-04,52.4900016784668,50.56999969482422,50.84000015258789,52.47999954223633,2162600.0,51.88315963745117
2020-03-05,51.470001220703125,49.40999984741211,50.90999984741211,50.119998931884766,2352100.0,49.54999923706055
2020-03-06,49.43000030517578,47.15999984741211,48.15999984741211,48.040000915527344,3069500.0,48.040000915527344
2020-03-09,46.0,42.66999816894531,45.43000030517578,43.0099983215332,3171200.0,43.0099983215332
2020-03-10,45.189998626708984,41.70000076293945,44.119998931884766,43.88999938964844,2905700.0,43.88999938964844
2020-03-11,43.220001220703125,40.41999816894531,42.4900016784668,40.939998626708984,2655300.0,40.939998626708984
2020-03-12,39.2400016784668,36.31999969482422,38.54999923706055,38.400001525878906,3960000.0,38.400001525878906
2020-03-13,42.58000183105469,37.849998474121094,40.45000076293945,42.560001373291016,4338300.0,42.560001373291016
2020-03-16,44.220001220703125,37.439998626708984,37.5,41.849998474121094,3976300.0,41.849998474121094
2020-03-17,44.380001068115234,41.130001068115234,42.369998931884766,43.9900016784668,4529600.0,43.9900016784668
2020-03-18,45.38999938964844,38.5099983215332,41.59000015258789,40.45000076293945,4106800.0,40.45000076293945
2020-03-19,42.08000183105469,37.34000015258789,39.9900016784668,38.5099983215332,2754200.0,38.5099983215332
2020-03-20,41.20000076293945,36.56999969482422,38.72999954223633,36.939998626708984,4171300.0,36.939998626708984
2020-03-23,37.27000045776367,34.0099983215332,36.650001525878906,34.560001373291016,3005600.0,34.560001373291016
2020-03-24,39.04999923706055,36.0,36.33000183105469,37.470001220703125,3067600.0,37.470001220703125
2020-03-25,39.279998779296875,36.95000076293945,37.130001068115234,37.540000915527344,3072100.0,37.540000915527344
2020-03-26,38.900001525878906,37.349998474121094,37.810001373291016,38.619998931884766,2907600.0,38.619998931884766
2020-03-27,38.84000015258789,35.40999984741211,37.22999954223633,38.060001373291016,3070400.0,38.060001373291016
2020-03-30,40.72999954223633,37.06999969482422,38.15999984741211,40.29999923706055,2211200.0,40.29999923706055
2020-03-31,40.70000076293945,38.650001525878906,39.900001525878906,39.0099983215332,2228900.0,39.0099983215332
2020-04-01,38.369998931884766,36.720001220703125,37.029998779296875,37.849998474121094,1565200.0,37.849998474121094
2020-04-02,40.220001220703125,37.04999923706055,37.470001220703125,40.0,2559400.0,40.0
2020-04-03,41.540000915527344,39.779998779296875,39.79999923706055,41.0099983215332,1847000.0,41.0099983215332
2020-04-06,43.22999954223633,41.13999938964844,42.40999984741211,42.900001525878906,2000100.0,42.900001525878906
2020-04-07,45.22999954223633,43.45000076293945,44.66999816894531,43.529998779296875,2121200.0,43.529998779296875
2020-04-08,46.060001373291016,43.560001373291016,43.7400016784668,45.619998931884766,1708700.0,45.619998931884766
2020-04-09,48.2400016784668,45.709999084472656,45.869998931884766,47.400001525878906,2077600.0,47.400001525878906
2020-04-13,47.5,44.06999969482422,47.2400016784668,45.02000045776367,1689600.0,45.02000045776367
2020-04-14,47.279998779296875,45.43000030517578,45.65999984741211,46.56999969482422,1816400.0,46.56999969482422
2020-04-15,45.7599983215332,43.45000076293945,45.5099983215332,44.599998474121094,1579800.0,44.599998474121094
2020-04-16,44.81999969482422,42.40999984741211,44.81999969482422,43.16999816894531,2695700.0,43.16999816894531
2020-04-17,44.7599983215332,43.5099983215332,44.13999938964844,44.380001068115234,2335200.0,44.380001068115234
2020-04-20,44.59000015258789,43.220001220703125,43.5,43.4900016784668,1630800.0,43.4900016784668
2020-04-21,42.779998779296875,41.72999954223633,42.5099983215332,42.099998474121094,1830600.0,42.099998474121094
2020-04-22,42.900001525878906,41.849998474121094,42.900001525878906,42.099998474121094,1453900.0,42.099998474121094
2020-04-23,43.2599983215332,41.79999923706055,42.209999084472656,41.869998931884766,1500700.0,41.869998931884766
2020-04-24,43.220001220703125,41.880001068115234,42.06999969482422,43.029998779296875,1354800.0,43.029998779296875
2020-04-27,44.84000015258789,42.970001220703125,43.209999084472656,44.59000015258789,1647400.0,44.59000015258789
2020-04-28,46.27000045776367,44.939998626708984,46.130001068115234,45.439998626708984,2673600.0,45.439998626708984
2020-04-29,47.2400016784668,45.91999816894531,46.2400016784668,46.16999816894531,3032700.0,46.16999816894531
2020-04-30,42.81999969482422,40.54999923706055,41.869998931884766,41.0099983215332,5459100.0,41.0099983215332
2020-05-01,40.470001220703125,38.83000183105469,40.310001373291016,38.91999816894531,2659900.0,38.91999816894531
2020-05-04,38.79999923706055,37.279998779296875,38.5,38.189998626708984,2930700.0,38.189998626708984
2020-05-05,38.599998474121094,37.439998626708984,38.43000030517578,37.439998626708984,1993000.0,37.439998626708984
2020-05-06,38.290000915527344,37.150001525878906,37.880001068115234,37.68000030517578,2020500.0,37.68000030517578
2020-05-07,38.630001068115234,37.150001525878906,38.13999938964844,37.599998474121094,2050200.0,37.599998474121094
2020-05-08,39.060001373291016,37.959999084472656,38.369998931884766,38.88999938964844,1594100.0,38.88999938964844
2020-05-11,39.02000045776367,38.209999084472656,38.599998474121094,38.540000915527344,1883500.0,38.540000915527344
2020-05-12,38.779998779296875,37.689998626708984,38.59000015258789,37.689998626708984,2103300.0,37.689998626708984
2020-05-13,37.41999816894531,35.75,37.34000015258789,36.220001220703125,2382900.0,36.220001220703125
2020-05-14,36.5,34.630001068115234,35.560001373291016,36.290000915527344,2442500.0,36.290000915527344
2020-05-15,36.959999084472656,35.95000076293945,36.310001373291016,36.349998474121094,1955300.0,36.349998474121094
2020-05-18,38.81999969482422,37.38999938964844,37.38999938964844,38.54999923706055,1873600.0,38.54999923706055
2020-05-19,38.63999938964844,37.52000045776367,38.5,37.83000183105469,1478800.0,37.83000183105469
2020-05-20,38.56999969482422,37.720001220703125,38.279998779296875,37.88999938964844,1692100.0,37.88999938964844
2020-05-21,37.880001068115234,36.70000076293945,37.63999938964844,36.790000915527344,5581700.0,36.790000915527344
2020-05-22,37.130001068115234,36.119998931884766,36.540000915527344,36.83000183105469,2851300.0,36.83000183105469
2020-05-26,37.7400016784668,36.369998931884766,37.34000015258789,36.72999954223633,5742300.0,36.72999954223633
2020-05-27,39.79999923706055,37.310001373291016,37.630001068115234,39.7400016784668,4859500.0,39.7400016784668
2020-05-28,40.45000076293945,38.27000045776367,40.349998474121094,38.349998474121094,2894800.0,38.349998474121094
2020-05-29,38.040000915527344,37.11000061035156,37.599998474121094,37.959999084472656,3545200.0,37.959999084472656
2020-06-01,38.400001525878906,37.72999954223633,38.150001525878906,37.970001220703125,1907800.0,37.970001220703125
2020-06-02,39.400001525878906,38.29999923706055,38.619998931884766,39.31999969482422,2103000.0,39.31999969482422
2020-06-03,41.59000015258789,39.900001525878906,40.0,40.540000915527344,4122000.0,40.540000915527344
2020-06-04,42.310001373291016,40.40999984741211,40.599998474121094,42.310001373291016,7418200.0,42.310001373291016
2020-06-05,44.290000915527344,42.290000915527344,43.709999084472656,42.400001525878906,2951300.0,42.400001525878906
2020-06-08,43.68000030517578,42.619998931884766,43.25,43.369998931884766,2808500.0,43.369998931884766
2020-06-09,42.529998779296875,41.619998931884766,42.2599983215332,41.75,2709100.0,41.75
2020-06-10,41.72999954223633,39.470001220703125,41.720001220703125,39.5,2091100.0,39.5
2020-06-11,38.5,36.380001068115234,38.0,36.54999923706055,3151300.0,36.54999923706055
2020-06-12,38.099998474121094,36.75,37.650001525878906,38.04999923706055,3262200.0,38.04999923706055
2020-06-15,38.65999984741211,36.5099983215332,36.84000015258789,38.2599983215332,2470200.0,38.2599983215332
2020-06-16,39.97999954223633,38.13999938964844,39.75,39.79999923706055,4256800.0,39.79999923706055
2020-06-17,40.02000045776367,38.540000915527344,39.93000030517578,38.77000045776367,2004100.0,38.77000045776367
2020-06-18,39.29999923706055,38.060001373291016,38.2599983215332,39.08000183105469,1357100.0,39.08000183105469
2020-06-19,39.900001525878906,37.91999816894531,39.52000045776367,38.029998779296875,3881400.0,38.029998779296875
2020-06-22,38.08000183105469,37.27000045776367,37.810001373291016,37.95000076293945,1757300.0,37.95000076293945
2020-06-23,38.529998779296875,37.650001525878906,38.470001220703125,37.970001220703125,1891200.0,37.970001220703125
2020-06-24,37.41999816894531,36.06999969482422,37.380001068115234,36.5,3022200.0,36.5
2020-06-25,36.13999938964844,35.02000045776367,36.13999938964844,35.58000183105469,3318100.0,35.58000183105469
2020-06-26,35.41999816894531,34.209999084472656,35.349998474121094,34.43000030517578,3603500.0,34.43000030517578
2020-06-29,35.70000076293945,34.810001373291016,34.9900016784668,35.41999816894531,2799900.0,35.41999816894531
2020-06-30,35.45000076293945,33.54999923706055,35.43000030517578,34.36000061035156,6523600.0,34.36000061035156
2020-07-01,35.560001373291016,34.0099983215332,34.529998779296875,35.060001373291016,2926200.0,35.060001373291016
2020-07-02,36.13999938964844,35.15999984741211,35.720001220703125,35.34000015258789,1441200.0,35.34000015258789
2020-07-06,36.290000915527344,35.150001525878906,36.0,35.65999984741211,1564500.0,35.65999984741211
2020-07-07,35.349998474121094,34.650001525878906,35.15999984741211,34.65999984741211,2008800.0,34.65999984741211
2020-07-08,35.119998931884766,34.400001525878906,34.79999923706055,34.7400016784668,2131200.0,34.7400016784668
2020-07-09,34.630001068115234,33.18000030517578,34.52000045776367,33.25,2151200.0,33.25
2020-07-10,34.70000076293945,33.220001220703125,33.36000061035156,34.65999984741211,1506700.0,34.65999984741211
2020-07-13,34.7400016784668,33.66999816894531,34.619998931884766,34.31999969482422,2087000.0,34.31999969482422
2020-07-14,35.220001220703125,33.709999084472656,34.060001373291016,35.08000183105469,1805600.0,35.08000183105469
2020-07-15,36.58000183105469,35.58000183105469,35.83000183105469,35.77000045776367,2148700.0,35.77000045776367
2020-07-16,36.45000076293945,35.47999954223633,35.66999816894531,36.06999969482422,1213200.0,36.06999969482422
2020-07-17,36.400001525878906,35.66999816894531,36.0099983215332,36.08000183105469,1492100.0,36.08000183105469
2020-07-20,35.91999816894531,34.790000915527344,35.91999816894531,35.0,1856900.0,35.0
2020-07-21,36.2400016784668,35.310001373291016,35.310001373291016,35.849998474121094,1816000.0,35.849998474121094
2020-07-22,35.9900016784668,35.27000045776367,35.599998474121094,35.79999923706055,1422900.0,35.79999923706055
2020-07-23,36.77000045776367,35.66999816894531,35.7400016784668,36.54999923706055,1922600.0,36.54999923706055
2020-07-24,36.75,36.2400016784668,36.400001525878906,36.4900016784668,1574500.0,36.4900016784668
2020-07-27,36.4900016784668,35.79999923706055,36.33000183105469,36.150001525878906,1613800.0,36.150001525878906
2020-07-28,36.84000015258789,36.0,36.0,36.31999969482422,2112900.0,36.31999969482422
2020-07-29,36.93000030517578,36.02000045776367,36.5099983215332,36.72999954223633,2572800.0,36.72999954223633
2020-07-30,39.02000045776367,37.130001068115234,38.41999816894531,37.439998626708984,4293000.0,37.439998626708984
2020-07-31,38.310001373291016,36.97999954223633,37.529998779296875,37.52000045776367,4412800.0,37.52000045776367
2020-08-03,37.560001373291016,36.68000030517578,37.540000915527344,36.810001373291016,1759200.0,36.810001373291016
2020-08-04,37.2400016784668,36.599998474121094,36.779998779296875,36.75,1562900.0,36.75
2020-08-05,37.279998779296875,36.33000183105469,37.08000183105469,36.529998779296875,1630200.0,36.529998779296875
2020-08-06,36.7599983215332,36.11000061035156,36.16999816894531,36.56999969482422,1580200.0,36.56999969482422
2020-08-07,37.31999969482422,36.2599983215332,36.2599983215332,37.27000045776367,1428200.0,37.27000045776367
2020-08-10,37.95000076293945,37.400001525878906,37.41999816894531,37.900001525878906,1744500.0,37.900001525878906
2020-08-11,39.2400016784668,38.11000061035156,38.720001220703125,38.209999084472656,1841600.0,38.209999084472656
2020-08-12,39.09000015258789,38.15999984741211,38.72999954223633,38.43000030517578,1703100.0,38.43000030517578
2020-08-13,38.41999816894531,37.599998474121094,38.130001068115234,37.810001373291016,1071200.0,37.810001373291016
2020-08-14,38.06999969482422,37.36000061035156,37.459999084472656,37.68000030517578,900400.0,37.68000030517578
2020-08-17,38.08000183105469,37.2599983215332,37.63999938964844,37.7400016784668,1625500.0,37.7400016784668
2020-08-18,38.0099983215332,37.38999938964844,37.810001373291016,37.7599983215332,1051000.0,37.7599983215332
2020-08-19,38.29999923706055,37.650001525878906,37.880001068115234,37.849998474121094,1140300.0,37.849998474121094
2020-08-20,37.72999954223633,37.130001068115234,37.5,37.15999984741211,987500.0,37.15999984741211
2020-08-21,37.02000045776367,36.220001220703125,36.970001220703125,36.79999923706055,1812800.0,36.79999923706055
2020-08-24,38.040000915527344,36.68000030517578,36.97999954223633,38.02000045776367,1050200.0,38.02000045776367
2020-08-25,38.41999816894531,37.61000061035156,38.25,37.619998931884766,929100.0,37.619998931884766
2020-08-26,37.9900016784668,37.220001220703125,37.619998931884766,37.5,856700.0,37.5
2020-08-27,38.279998779296875,37.439998626708984,37.540000915527344,37.56999969482422,868100.0,37.56999969482422
2020-08-28,37.9900016784668,37.43000030517578,37.77000045776367,37.88999938964844,1274100.0,37.88999938964844
2020-08-31,37.93000030517578,37.47999954223633,37.689998626708984,37.63999938964844,1905400.0,37.63999938964844
2020-09-01,37.470001220703125,36.689998626708984,37.45000076293945,37.0099983215332,1865800.0,37.0099983215332
2020-09-02,38.029998779296875,37.040000915527344,37.16999816894531,37.91999816894531,1582900.0,37.91999816894531
2020-09-03,38.709999084472656,37.619998931884766,38.29999923706055,38.0,2338900.0,38.0
2020-09-04,38.59000015258789,37.59000015258789,38.209999084472656,38.31999969482422,1639600.0,38.31999969482422
2020-09-08,38.45000076293945,37.529998779296875,38.22999954223633,37.7599983215332,1820700.0,37.7599983215332
2020-09-09,38.400001525878906,37.4900016784668,38.0,37.52000045776367,2424900.0,37.52000045776367
2020-09-10,37.77000045776367,35.459999084472656,37.77000045776367,35.599998474121094,3361400.0,35.599998474121094
2020-09-11,35.630001068115234,34.59000015258789,35.599998474121094,35.09000015258789,2807000.0,35.09000015258789
2020-09-14,35.5099983215332,34.900001525878906,35.33000183105469,35.0099983215332,1690200.0,35.0099983215332
2020-09-15,34.939998626708984,33.91999816894531,34.75,34.290000915527344,3739000.0,34.290000915527344
2020-09-16,35.25,34.5,34.689998626708984,34.560001373291016,2471700.0,34.560001373291016
2020-09-17,35.099998474121094,33.959999084472656,34.470001220703125,35.060001373291016,2122300.0,35.060001373291016
2020-09-18,35.2400016784668,34.09000015258789,34.9900016784668,34.310001373291016,4989300.0,34.310001373291016
2020-09-21,33.97999954223633,33.08000183105469,33.869998931884766,33.59000015258789,3717000.0,33.59000015258789
2020-09-22,33.970001220703125,33.5099983215332,33.529998779296875,33.72999954223633,2191500.0,33.72999954223633
2020-09-23,34.16999816894531,33.08000183105469,33.869998931884766,33.08000183105469,2822100.0,33.08000183105469
2020-09-24,33.279998779296875,32.11000061035156,32.970001220703125,33.04999923706055,3589200.0,33.04999923706055
2020-09-25,33.20000076293945,32.189998626708984,32.869998931884766,32.650001525878906,2355100.0,32.650001525878906
2020-09-28,33.65999984741211,32.849998474121094,33.25,33.58000183105469,1834800.0,33.58000183105469
2020-09-29,35.25,33.529998779296875,34.75,33.529998779296875,3774700.0,33.529998779296875
2020-09-30,33.869998931884766,33.15999984741211,33.650001525878906,33.560001373291016,2426900.0,33.560001373291016
2020-10-01,33.61000061035156,32.630001068115234,33.5,32.779998779296875,3057500.0,32.779998779296875
2020-10-02,34.25,32.349998474121094,32.4900016784668,34.040000915527344,2840400.0,34.040000915527344
2020-10-05,34.97999954223633,33.81999969482422,34.25,34.95000076293945,2623900.0,34.95000076293945
2020-10-06,35.970001220703125,34.880001068115234,35.33000183105469,34.91999816894531,2290400.0,34.91999816894531
2020-10-07,36.540000915527344,35.5099983215332,35.630001068115234,35.68000030517578,2948800.0,35.68000030517578
2020-10-08,36.90999984741211,35.58000183105469,35.810001373291016,36.79999923706055,2278800.0,36.79999923706055
2020-10-09,37.060001373291016,36.0099983215332,36.79999923706055,36.11000061035156,1649100.0,36.11000061035156
2020-10-12,36.2400016784668,35.150001525878906,36.0099983215332,35.650001525878906,5442300.0,35.650001525878906
2020-10-13,35.66999816894531,35.25,35.5,35.34000015258789,1904400.0,35.34000015258789
2020-10-14,35.599998474121094,35.15999984741211,35.20000076293945,35.400001525878906,1468800.0,35.400001525878906
2020-10-15,35.619998931884766,34.63999938964844,35.0099983215332,35.56999969482422,1897200.0,35.56999969482422
2020-10-16,35.84000015258789,35.22999954223633,35.5,35.400001525878906,1547600.0,35.400001525878906
2020-10-19,35.66999816894531,34.54999923706055,35.459999084472656,34.720001220703125,1475800.0,34.720001220703125
2020-10-20,35.2599983215332,34.38999938964844,35.060001373291016,34.70000076293945,1434200.0,34.70000076293945
2020-10-21,34.970001220703125,34.11000061035156,34.40999984741211,34.59000015258789,1863900.0,34.59000015258789
2020-10-22,35.380001068115234,34.2400016784668,34.58000183105469,35.29999923706055,1481700.0,35.29999923706055
2020-10-23,36.20000076293945,35.349998474121094,35.959999084472656,35.68000030517578,1246300.0,35.68000030517578
2020-10-26,35.459999084472656,34.41999816894531,35.459999084472656,34.880001068115234,1528100.0,34.880001068115234
2020-10-27,34.7400016784668,33.7599983215332,34.529998779296875,33.810001373291016,1961700.0,33.810001373291016
2020-10-28,33.5,32.619998931884766,33.22999954223633,32.90999984741211,3257500.0,32.90999984741211
2020-10-29,34.470001220703125,32.540000915527344,33.150001525878906,33.380001068115234,5140000.0,33.380001068115234
2020-10-30,35.29999923706055,33.40999984741211,33.40999984741211,35.2599983215332,5588200.0,35.2599983215332
2020-11-02,37.560001373291016,35.0099983215332,35.5,37.54999923706055,4932300.0,37.54999923706055
2020-11-03,38.9900016784668,37.810001373291016,37.97999954223633,38.68000030517578,4030000.0,38.68000030517578
2020-11-04,38.11000061035156,36.52000045776367,38.060001373291016,37.290000915527344,5643400.0,37.290000915527344
2020-11-05,38.63999938964844,37.56999969482422,38.16999816894531,38.25,2899000.0,38.25
2020-11-06,38.65999984741211,38.08000183105469,38.29999923706055,38.31999969482422,2122600.0,38.31999969482422
2020-11-09,42.4900016784668,40.40999984741211,41.20000076293945,41.15999984741211,4294900.0,41.15999984741211
2020-11-10,43.130001068115234,40.84000015258789,41.540000915527344,42.79999923706055,3365900.0,42.79999923706055
2020-11-11,42.900001525878906,42.0,42.86000061035156,42.369998931884766,2119500.0,42.369998931884766
2020-11-12,42.56999969482422,41.45000076293945,41.869998931884766,42.20000076293945,1907100.0,42.20000076293945
2020-11-13,44.5099983215332,42.290000915527344,42.400001525878906,44.13999938964844,2884900.0,44.13999938964844
2020-11-16,45.40999984741211,43.619998931884766,45.2599983215332,44.91999816894531,3913400.0,44.91999816894531
2020-11-17,45.349998474121094,43.7599983215332,44.11000061035156,45.130001068115234,2400700.0,45.130001068115234
2020-11-18,45.47999954223633,43.529998779296875,45.29999923706055,43.560001373291016,3211400.0,43.560001373291016
2020-11-19,44.369998931884766,43.25,43.40999984741211,44.040000915527344,1625700.0,44.040000915527344
2020-11-20,44.29999923706055,43.27000045776367,43.79999923706055,43.560001373291016,1740500.0,43.560001373291016
2020-11-23,44.22999954223633,43.38999938964844,43.900001525878906,44.130001068115234,1853800.0,44.130001068115234
2020-11-24,47.29999923706055,44.790000915527344,44.790000915527344,47.040000915527344,3371100.0,47.040000915527344
2020-11-25,46.97999954223633,45.7599983215332,46.81999969482422,46.5,3480400.0,46.5
2020-11-27,47.189998626708984,46.16999816894531,46.369998931884766,46.79999923706055,2205300.0,46.79999923706055
2020-11-30,46.630001068115234,45.709999084472656,46.33000183105469,46.0,5411700.0,46.0
2020-12-01,47.18000030517578,46.0099983215332,46.5,46.25,3326200.0,46.25
2020-12-02,46.220001220703125,44.79999923706055,46.06999969482422,45.290000915527344,3255300.0,45.290000915527344
2020-12-03,46.7400016784668,45.41999816894531,45.52000045776367,46.66999816894531,1832300.0,46.66999816894531
2020-12-04,47.560001373291016,46.52000045776367,46.97999954223633,47.540000915527344,1751400.0,47.540000915527344
2020-12-07,47.970001220703125,46.900001525878906,47.36000061035156,47.65999984741211,2093600.0,47.65999984741211
2020-12-08,48.619998931884766,47.18000030517578,47.18000030517578,47.93000030517578,2275700.0,47.93000030517578
2020-12-09,48.29999923706055,47.59000015258789,48.29999923706055,48.08000183105469,1894700.0,48.08000183105469
2020-12-10,48.540000915527344,47.83000183105469,48.029998779296875,48.209999084472656,1781400.0,48.209999084472656
2020-12-11,48.31999969482422,47.08000183105469,47.61000061035156,47.29999923706055,1671600.0,47.29999923706055
2020-12-14,48.27000045776367,45.900001525878906,47.88999938964844,45.91999816894531,2308400.0,45.91999816894531
2020-12-15,46.38999938964844,45.70000076293945,46.33000183105469,46.029998779296875,1518100.0,46.029998779296875
2020-12-16,46.810001373291016,45.689998626708984,45.689998626708984,46.27000045776367,3328500.0,46.27000045776367
2020-12-17,46.93000030517578,45.540000915527344,46.810001373291016,45.970001220703125,1777700.0,45.970001220703125
2020-12-18,45.81999969482422,44.810001373291016,45.779998779296875,45.5099983215332,2921900.0,45.5099983215332
2020-12-21,44.81999969482422,43.959999084472656,44.470001220703125,44.58000183105469,1387300.0,44.58000183105469
2020-12-22,45.029998779296875,43.90999984741211,44.54999923706055,44.41999816894531,2782400.0,44.41999816894531
2020-12-23,45.560001373291016,44.59000015258789,44.689998626708984,45.38999938964844,1126700.0,45.38999938964844
2020-12-24,45.599998474121094,44.88999938964844,45.599998474121094,45.470001220703125,502900.0,45.470001220703125
2020-12-28,45.93000030517578,44.959999084472656,45.83000183105469,45.47999954223633,2206800.0,45.47999954223633
2020-12-29,46.22999954223633,45.31999969482422,45.90999984741211,45.540000915527344,2109500.0,45.540000915527344
2020-12-30,45.650001525878906,45.0,45.310001373291016,45.2400016784668,1202000.0,45.2400016784668
2020-12-31,45.279998779296875,44.81999969482422,45.119998931884766,45.189998626708984,1030600.0,45.189998626708984
2021-01-04,46.52000045776367,44.810001373291016,46.52000045776367,45.650001525878906,1857100.0,45.650001525878906
2021-01-05,47.29999923706055,45.63999938964844,45.90999984741211,47.0,2619200.0,47.0
2021-01-06,50.04999923706055,47.86000061035156,47.880001068115234,49.25,3360900.0,49.25
2021-01-07,49.77000045776367,48.68000030517578,49.38999938964844,49.150001525878906,1918600.0,49.150001525878906
2021-01-08,49.54999923706055,48.83000183105469,49.18000030517578,49.5,1134400.0,49.5
2021-01-11,50.060001373291016,48.81999969482422,48.91999816894531,49.68000030517578,2197600.0,49.68000030517578
2021-01-12,52.31999969482422,50.0,50.0,51.849998474121094,2902600.0,51.849998474121094
2021-01-13,53.22999954223633,51.15999984741211,51.45000076293945,52.290000915527344,2611200.0,52.290000915527344
2021-01-14,53.720001220703125,52.09000015258789,52.630001068115234,53.5,1902900.0,53.5
2021-01-15,53.31999969482422,52.29999923706055,53.2400016784668,52.540000915527344,1855100.0,52.540000915527344
2021-01-19,53.189998626708984,51.77000045776367,52.939998626708984,52.029998779296875,1783800.0,52.029998779296875
2021-01-20,52.119998931884766,50.52000045776367,51.97999954223633,51.13999938964844,2002300.0,51.13999938964844
2021-01-21,51.38999938964844,50.0,51.11000061035156,50.650001525878906,1560800.0,50.650001525878906
2021-01-22,50.720001220703125,49.95000076293945,50.150001525878906,50.52000045776367,1283900.0,50.52000045776367
2021-01-25,52.439998626708984,49.95000076293945,50.0,51.650001525878906,1825300.0,51.650001525878906
2021-01-26,53.36000061035156,51.91999816894531,52.20000076293945,53.33000183105469,2545200.0,53.33000183105469
2021-01-27,56.099998474121094,52.560001373291016,52.810001373291016,54.9900016784668,3783500.0,54.9900016784668
2021-01-28,55.310001373291016,51.869998931884766,54.779998779296875,51.97999954223633,2110700.0,51.97999954223633
2021-01-29,52.5099983215332,49.810001373291016,52.04999923706055,50.15999984741211,2513300.0,50.15999984741211
2021-02-01,50.95000076293945,49.040000915527344,50.540000915527344,49.5099983215332,2496000.0,49.5099983215332
2021-02-02,49.849998474121094,48.61000061035156,49.58000183105469,48.88999938964844,1889400.0,48.88999938964844
2021-02-03,49.7599983215332,48.72999954223633,49.209999084472656,49.369998931884766,1856100.0,49.369998931884766
2021-02-04,49.84000015258789,48.58000183105469,49.5,49.060001373291016,1767400.0,49.060001373291016
2021-02-05,49.88999938964844,48.619998931884766,49.22999954223633,48.97999954223633,2088400.0,48.97999954223633
2021-02-08,49.22999954223633,48.2599983215332,48.93000030517578,48.720001220703125,1823300.0,48.720001220703125
2021-02-09,49.18000030517578,48.150001525878906,48.869998931884766,48.65999984741211,1901700.0,48.65999984741211
2021-02-10,49.279998779296875,48.04999923706055,48.75,48.97999954223633,3011000.0,48.97999954223633
2021-02-11,46.4900016784668,43.43000030517578,45.9900016784668,44.5,8176800.0,44.5
2021-02-12,44.849998474121094,43.560001373291016,44.47999954223633,44.0099983215332,4741000.0,44.0099983215332
2021-02-16,45.13999938964844,43.619998931884766,44.689998626708984,44.5,3575300.0,44.5
2021-02-17,45.5099983215332,44.18000030517578,44.400001525878906,45.380001068115234,2974600.0,45.380001068115234
2021-02-18,45.61000061035156,44.47999954223633,45.189998626708984,44.540000915527344,2183800.0,44.540000915527344
2021-02-19,45.790000915527344,44.33000183105469,44.849998474121094,44.400001525878906,3053800.0,44.400001525878906
2021-02-22,45.40999984741211,44.41999816894531,44.599998474121094,45.119998931884766,2215500.0,45.119998931884766
2021-02-23,47.189998626708984,44.81999969482422,45.380001068115234,46.97999954223633,3445100.0,46.97999954223633
2021-02-24,47.41999816894531,46.439998626708984,47.16999816894531,47.0099983215332,3037500.0,47.0099983215332
